text,true_label,predicted_label,ai_probability,original_label,is_fp,is_fn
"“The fish that you have tattooed immediately above your right wrist could only have been done in China. I have made a small study of tattoo marks and have even contributed to the literature of the subject. That trick of staining the fishes’ scales of a delicate pink is quite peculiar to China. When, in addition, I see a Chinese coin hanging from your watch-chain, the matter becomes even more simple.” Mr. Jabez Wilson laughed heavily. “Well, I never!” said he. “I thought at first that you had done something clever, but I see that there was nothing in it after all.”",0,0,1.1747917e-05,Human,False,False
"She had reached the outskirts of the city when she found the road blocked by a great drove of cattle, driven by a half-dozen wild-looking herdsmen from the plains. In her impatience she endeavoured to pass this obstacle by pushing her horse into what appeared to be a gap. Scarcely had she got fairly into it, however, before the beasts closed in behind her, and she found herself completely imbedded in the moving stream of fierce-eyed, long-horned bullocks. Accustomed as she was to deal with cattle, she was not alarmed at her situation, but took advantage of every opportunity to urge her horse on in the hopes of pushing her way through the cavalcade. Unfortunately the horns of one of the creatures, either by accident or design, came in violent contact with the flank of the mustang, and excited it to madness. In an instant it reared up upon its hind legs with a snort of rage, and pranced and tossed in a way that would have unseated any but a most skilful rider. The situation was full of peril. Every plunge of the excited horse brought it against the horns again, and goaded it to fresh madness. It was all that the girl could do to keep herself in the saddle, yet a slip would mean a terrible death under the hoofs of the unwieldy and terrified animals. Unaccustomed to sudden emergencies, her head began to swim, and her grip upon the bridle to relax. Choked by the rising cloud of dust and by the steam from the struggling creatures, she might have abandoned her efforts in despair, but for a kindly voice at her elbow which assured her of assistance. At the same moment a sinewy brown hand caught the frightened horse by the curb, and forcing a way through the drove, soon brought her to the outskirts.",0,0,8.599303e-05,Human,False,False
"“No, your boy had been observed, and that gave me a guide where to look.” “The old gentleman with the telescope, no doubt. I could not make it out when first I saw the light flashing upon the lens.” He rose and peeped into the hut. “Ha, I see that Cartwright has brought up some supplies. What’s this paper? So you have been to Coombe Tracey, have you?” “To see Mrs. Laura Lyons?” “Well done! Our researches have evidently been running on parallel lines, and when we unite our results I expect we shall have a fairly full knowledge of the case.”",0,0,6.358119e-06,Human,False,False
"“Oh, yes, I know that I have treated you real bad and that I should have spoken to you before I went; but I was kind of rattled, and from the time when I saw Frank here again I just didn’t know what I was doing or saying. I only wonder I didn’t fall down and do a faint right there before the altar.” “Perhaps, Mrs. Moulton, you would like my friend and me to leave the room while you explain this matter?” “If I may give an opinion,” remarked the strange gentleman, “we’ve had just a little too much secrecy over this business already. For my part, I should like all Europe and America to hear the rights of it.” He was a small, wiry, sunburnt man, clean-shaven, with a sharp face and alert manner.",0,0,1.5184958e-05,Human,False,False
"Vengeance from the past is a narrative trope wherein the central conflict is driven by a desire for retribution for a wrong committed long ago. This historical grievance, often buried or forgotten by the present-day characters, resurfaces to disrupt the established order. The agent of vengeance may be a survivor from the original event, a descendant seeking to settle a generational score, or even a supernatural force tied to the initial transgression. The target of this retribution is frequently not the original perpetrator but their family, organization, or community, forcing a new generation to confront the consequences of a history they did not create. As a storytelling device, this concept explores themes of cyclical violence, the inescapable nature of one's history, and the often-blurred line between justice and revenge. The core premise hinges on the idea that unresolved actions will inevitably find a way to exert their influence on the present.",1,1,0.99994314,AI_Generic,False,False
"The past does not rest quietly; it festers in the forgotten corners of memory, waiting for its moment to rise. Vengeance from the past is not a sudden storm but a slow, creeping fog that chills the bones and obscures the present. It begins as a whisper on the wind, a fleeting shadow in the periphery, the uncanny feeling of being watched by ghosts of one's own making. Old sins cast long, distorted silhouettes that dance on the walls of a once-peaceful home, turning familiar spaces into haunting reminders of a debt left unpaid. The laughter of loved ones sounds hollow, and every ticking clock becomes a countdown to an inevitable reckoning. It is a patient, inexorable force, a specter woven from regret and consequence, returning to claim its final, chilling due from a life built on a foundation of buried truths.",1,1,0.9999758,AI_Generic,False,False
"“Well done!” said Holmes in an encouraging voice. “Really, Gregson, you are getting along. We shall make something of you yet.” “I flatter myself that I have managed it rather neatly,” the detective answered proudly. “The young man volunteered a statement, in which he said that after following Drebber some time, the latter perceived him, and took a cab in order to get away from him. On his way home he met an old shipmate, and took a long walk with him. On being asked where this old shipmate lived, he was unable to give any satisfactory reply. I think the whole case fits together uncommonly well. What amuses me is to think of Lestrade, who had started off upon the wrong scent. I am afraid he won’t make much of it. Why, by Jove, here’s the very man himself!”",0,0,1.0067853e-05,Human,False,False
"For a minute I stood there with the paper in my hands thinking out the meaning of this curt message. It was I, then, and not Sir Henry, who was being dogged by this secret man. He had not followed me himself, but he had set an agent—the boy, perhaps—upon my track, and this was his report. Possibly I had taken no step since I had been upon the moor which had not been observed and reported. Always there was this feeling of an unseen force, a fine net drawn round us with infinite skill and delicacy, holding us so lightly that it was only at some supreme moment that one realised that one was indeed entangled in its meshes.",0,0,0.00039374563,Human,False,False
"“Well, gentlemen, I weary you with my long story, and I know that my friend Mr. Jones is impatient to get me safely stowed in chokey. I’ll make it as short as I can. The villain Sholto went off to India, but he never came back again. Captain Morstan showed me his name among a list of passengers in one of the mail-boats very shortly afterwards. His uncle had died, leaving him a fortune, and he had left the army, yet he could stoop to treat five men as he had treated us. Morstan went over to Agra shortly afterwards, and found, as we expected, that the treasure was indeed gone. The scoundrel had stolen it all, without carrying out one of the conditions on which we had sold him the secret. From that day I lived only for vengeance. I thought of it by day and I nursed it by night. It became an overpowering, absorbing passion with me. I cared nothing for the law,—nothing for the gallows. To escape, to track down Sholto, to have my hand upon his throat,—that was my one thought. Even the Agra treasure had come to be a smaller thing in my mind than the slaying of Sholto.",0,0,1.7017803e-05,Human,False,False
"“I will try. What is it?” “We shall be at the Copper Beeches by seven o’clock, my friend and I. The Rucastles will be gone by that time, and Toller will, we hope, be incapable. There only remains Mrs. Toller, who might give the alarm. If you could send her into the cellar on some errand, and then turn the key upon her, you would facilitate matters immensely.” “Excellent! We shall then look thoroughly into the affair. Of course there is only one feasible explanation. You have been brought there to personate someone, and the real person is imprisoned in this chamber. That is obvious. As to who this prisoner is, I have no doubt that it is the daughter, Miss Alice Rucastle, if I remember right, who was said to have gone to America. You were chosen, doubtless, as resembling her in height, figure, and the colour of your hair. Hers had been cut off, very possibly in some illness through which she has passed, and so, of course, yours had to be sacrificed also. By a curious chance you came upon her tresses. The man in the road was undoubtedly some friend of hers—possibly her _fiancé_—and no doubt, as you wore the girl’s dress and were so like her, he was convinced from your laughter, whenever he saw you, and afterwards from your gesture, that Miss Rucastle was perfectly happy, and that she no longer desired his attentions. The dog is let loose at night to prevent him from endeavouring to communicate with her. So much is fairly clear. The most serious point in the case is the disposition of the child.”",0,0,2.9228971e-05,Human,False,False
"Two doors from one corner, on the left hand going east, the line was broken by the entry of a court; and just at that point, a certain sinister block of building thrust forward its gable on the street. It was two stories high; showed no window, nothing but a door on the lower story and a blind forehead of discoloured wall on the upper; and bore in every feature, the marks of prolonged and sordid negligence. The door, which was equipped with neither bell nor knocker, was blistered and distained. Tramps slouched into the recess and struck matches on the panels; children kept shop upon the steps; the schoolboy had tried his knife on the mouldings; and for close on a generation, no one had appeared to drive away these random visitors or to repair their ravages.",0,0,0.00021373914,Human,False,False
"‘I found him a very agreeable companion,’ he said. ‘Ay,’ said she, ‘did ye! And how does he win his bread?’ ‘I fancy,’ he gasped, ‘that Mr. Van Tromp has many generous friends.’ ‘I’ll warrant!’ she sneered; and before Dick could find more to say, she was gone from the room. Esther returned with the tea-things, and sat down. ‘Now,’ she said cosily, ‘tell me all about my father.’ ‘He’—stammered Dick, ‘he is a very agreeable companion.’ ‘I shall begin to think it is more than you are, Mr. Naseby,’ she said, with a laugh. ‘I am his daughter, you forget. Begin at the beginning, and tell me all you have seen of him, all he said and all you answered. You must have met somewhere; begin with that.’",0,0,4.1734215e-06,Human,False,False
"“I am glad to hear your Majesty say so.” “I am immensely indebted to you. Pray tell me in what way I can reward you. This ring—” He slipped an emerald snake ring from his finger and held it out upon the palm of his hand. “Your Majesty has something which I should value even more highly,” said Holmes. “You have but to name it.” The King stared at him in amazement. “Irene’s photograph!” he cried. “Certainly, if you wish it.” “I thank your Majesty. Then there is no more to be done in the matter. I have the honour to wish you a very good morning.” He bowed, and, turning away without observing the hand which the King had stretched out to him, he set off in my company for his chambers.",0,0,1.5801974e-05,Human,False,False
"Anastasie controlled herself. “You know how willing I am to humour you,” she said, “in all reasonable matters. But on this point—” “My dear love,” interrupted the Doctor, eager to prevent a refusal, “who wished to leave Paris? Who made me give up cards, and the opera, and the boulevard, and my social relations, and all that was my life before I knew you? Have I been faithful? Have I been obedient? Have I not borne my doom with cheerfulness? In all honesty, Anastasie, have I not a right to a stipulation on my side? I have, and you know it. I stipulate my son.”",0,0,7.786918e-06,Human,False,False
"“And that is?” I asked eagerly. “My fiddle would be the better for new strings,” he remarked. “Put your pistol in your pocket. When the fellow comes speak to him in an ordinary way. Leave the rest to me. Don’t frighten him by looking at him too hard.” “It is eight o’clock now,” I said, glancing at my watch. “Yes. He will probably be here in a few minutes. Open the door slightly. That will do. Now put the key on the inside. Thank you! This is a queer old book I picked up at a stall yesterday—‘De Jure inter Gentes’—published in Latin at Liege in the Lowlands, in 1642. Charles’ head was still firm on his shoulders when this little brown-backed volume was struck off.”",0,0,4.3381897e-06,Human,False,False
"It is a fundamental error to trust the initial evidence of the senses. The untrained mind perceives only the surface, mistaking a polished boot for an honest character, or a frayed cuff for simple poverty. This is a most dangerous fallacy. The true nature of a man, or indeed a situation, is seldom its most obvious manifestation. It is a thing concealed, often intentionally, beneath a veneer of convention or disguise. The logician, therefore, must train his eye to penetrate this outward show. He must learn that the most damning evidence is not found in the grand gesture, but in the trivial detail. For in the singular speck of dust, or the faint scratch upon a watch-case, lies a truth more potent than any carefully constructed appearance.",1,1,0.99996364,Arthur Conan Doyle,False,False
"Gregson and Lestrade seemed to be far from satisfied by this assurance, or by the depreciating allusion to the detective police. The former had flushed up to the roots of his flaxen hair, while the other’s beady eyes glistened with curiosity and resentment. Neither of them had time to speak, however, before there was a tap at the door, and the spokesman of the street Arabs, young Wiggins, introduced his insignificant and unsavoury person. “Please, sir,” he said, touching his forelock, “I have the cab downstairs.” “Good boy,” said Holmes, blandly. “Why don’t you introduce this pattern at Scotland Yard?” he continued, taking a pair of steel handcuffs from a drawer. “See how beautifully the spring works. They fasten in an instant.”",0,0,2.4752679e-05,Human,False,False
"CHAPTER VIII. THE WAGES OF PHILOSOPHY. On the morning of the next day, the Doctor, a mere spectre of himself, was brought back in the custody of Casimir. They found Anastasie and the boy sitting together by the fire; and Desprez, who had exchanged his toilette for a ready-made rig-out of poor materials, waved his hand as he entered, and sank speechless on the nearest chair. Madame turned direct to Casimir. “What is wrong?” she cried. “Well,” replied Casimir, “what have I told you all along? It has come. It is a clean shave, this time; so you may as well bear up and make the best of it. House down, too, eh? Bad luck, upon my soul.”",0,0,7.1679456e-06,Human,False,False
"At first it was but a lurid spark upon the stone pavement. Then it lengthened out until it became a yellow line, and then, without any warning or sound, a gash seemed to open and a hand appeared, a white, almost womanly hand, which felt about in the centre of the little area of light. For a minute or more the hand, with its writhing fingers, protruded out of the floor. Then it was withdrawn as suddenly as it appeared, and all was dark again save the single lurid spark which marked a chink between the stones. Its disappearance, however, was but momentary. With a rending, tearing sound, one of the broad, white stones turned over upon its side and left a square, gaping hole, through which streamed the light of a lantern. Over the edge there peeped a clean-cut, boyish face, which looked keenly about it, and then, with a hand on either side of the aperture, drew itself shoulder-high and waist-high, until one knee rested upon the edge. In another instant he stood at the side of the hole and was hauling after him a companion, lithe and small like himself, with a pale face and a shock of very red hair.",0,0,0.00031990735,Human,False,False
"“But it was some time coming. The old gentleman could not be decoyed outside of his grounds at night. Several times Stapleton lurked about with his hound, but without avail. It was during these fruitless quests that he, or rather his ally, was seen by peasants, and that the legend of the demon dog received a new confirmation. He had hoped that his wife might lure Sir Charles to his ruin, but here she proved unexpectedly independent. She would not endeavour to entangle the old gentleman in a sentimental attachment which might deliver him over to his enemy. Threats and even, I am sorry to say, blows refused to move her. She would have nothing to do with it, and for a time Stapleton was at a deadlock.",0,0,5.6271994e-05,Human,False,False
"On the little plateau which crowned the barren hill there stood a single giant boulder, and against this boulder there lay a tall man, long-bearded and hard-featured, but of an excessive thinness. His placid face and regular breathing showed that he was fast asleep. Beside him lay a little child, with her round white arms encircling his brown sinewy neck, and her golden haired head resting upon the breast of his velveteen tunic. Her rosy lips were parted, showing the regular line of snow-white teeth within, and a playful smile played over her infantile features. Her plump little white legs terminating in white socks and neat shoes with shining buckles, offered a strange contrast to the long shrivelled members of her companion. On the ledge of rock above this strange couple there stood three solemn buzzards, who, at the sight of the new comers uttered raucous screams of disappointment and flapped sullenly away.",0,0,0.0017884976,Human,False,False
"“You are very kind, Mr. Holmes, but I cannot do that. I shall be true to Hosmer. He shall find me ready when he comes back.” For all the preposterous hat and the vacuous face, there was something noble in the simple faith of our visitor which compelled our respect. She laid her little bundle of papers upon the table and went her way, with a promise to come again whenever she might be summoned. Sherlock Holmes sat silent for a few minutes with his fingertips still pressed together, his legs stretched out in front of him, and his gaze directed upward to the ceiling. Then he took down from the rack the old and oily clay pipe, which was to him as a counsellor, and, having lit it, he leaned back in his chair, with the thick blue cloud-wreaths spinning up from him, and a look of infinite languor in his face.",0,0,3.2594977e-05,Human,False,False
"It began not as a sudden storm, but as a subtle shift in the air, a cold draft seeping from beneath long-sealed doors. Forgotten sins, buried deep beneath the cobblestones of memory, had begun to stir. This was a vengeance that wore no face and spoke no name, yet its presence was as tangible as the sudden frost on a windowpane in summer. It was in the way shadows stretched into unfamiliar shapes, the way a familiar melody played on the wind would curdle into a discordant, mournful tune. The past did not simply knock; it seeped through the cracks of the present, a patient, spectral poison, turning cherished heirlooms into cold reminders of a debt left unpaid. Every creaking floorboard echoed with the footsteps of a ghost that was not a soul, but a promise of retribution, finally come home to roost in the hollow chambers of a guilty heart.",1,1,0.99995947,AI_Generic,False,False
"“I could do with much less than that, Mr. Holmes, but you understand that as long as I live at home I don’t wish to be a burden to them, and so they have the use of the money just while I am staying with them. Of course, that is only just for the time. Mr. Windibank draws my interest every quarter and pays it over to mother, and I find that I can do pretty well with what I earn at typewriting. It brings me twopence a sheet, and I can often do from fifteen to twenty sheets in a day.”",0,0,1.787525e-05,Human,False,False
"The concept of 'The Terror of the Sea' encapsulates the multifaceted dangers posed by the world's oceans. This terror is not embodied by a single mythical creature but is rooted in the ocean's raw, indifferent power. It manifests physically in unpredictable phenomena like colossal rogue waves capable of capsizing the largest vessels and hurricanes that generate unimaginable force. Biologically, the terror is present in highly efficient apex predators such as the great white shark and the potent, lethal venom of creatures like the box jellyfish. Perhaps the most profound aspect, however, is psychological: the sheer vastness of the open water, the crushing pressure and absolute darkness of the abyssal depths, and the terrifying isolation of being lost within its expanse. This combination of violent, unpredictable power and the deep, unexplored unknown solidifies the ocean's long-held reputation as a source of primal human fear.",1,1,0.9999727,AI_Generic,False,False
"At the station his spirits rose again; another stage of his escape was fortunately ended—he began to spy blue water. He called a railway porter, and bade him carry the portmanteau to the cloak-room: not that he had any notion of delay; flight, instant flight was his design, no matter whither; but he had determined to dismiss the cabman ere he named, or even chose, his destination, thus possibly balking the Judicial Error of another link. This was his cunning aim, and now with one foot on the roadway, and one still on the coach-step, he made haste to put the thing in practice, and plunged his hand into his trousers pocket.",0,0,1.773899e-05,Human,False,False
"A man might well profess his disbelief by the full light of day, laughing at the old wives’ fancies of wraiths and fetches; yet let the night but draw its curtain, let the wind begin its mimicry of a human cry about the eaves, and you should see the swift and sorry change upon his countenance. For these notions are not matters of the mind alone, but of the blood, and like a pernicious and clinging ivy, they are seeded in the cradle and fed on whispers, winding their tendrils about the very masonry of a man’s resolve. In the high noon of certitude, its presence is a mere shadow, but in that encroaching twilight of fear, its grip is absolute, cracking the stone and letting the damnable chill of the abyss seep through. Hence the sensible man will bolt his door not only against the footpad, but against that which has no substance, for he knows, though he dare not voice it, that some roots run deeper than any anchor can find.",1,1,0.9901652,Robert Louis Stevenson,False,False
"Yet it was during this obscure period that the drama was really performed; and its scene was in the heart of Esther, shut away from all eyes. Had this warm, upright, sullen girl been differently used by destiny, had events come upon her even in a different succession, for some things lead easily to others, the whole course of this tale would have been changed, and Esther never would have run away. As it was, through a series of acts and words of which we know but few, and a series of thoughts which any one may imagine for himself, she was awakened in four days from the dream of a life.",0,0,0.003993143,Human,False,False
"“The first thing that put us out was that advertisement. Spaulding, he came down into the office just this day eight weeks, with this very paper in his hand, and he says: “‘I wish to the Lord, Mr. Wilson, that I was a red-headed man.’ “‘Why,’ says he, ‘here’s another vacancy on the League of the Red-headed Men. It’s worth quite a little fortune to any man who gets it, and I understand that there are more vacancies than there are men, so that the trustees are at their wits’ end what to do with the money. If my hair would only change colour, here’s a nice little crib all ready for me to step into.’",0,0,5.9523686e-06,Human,False,False
"“You may say that!” said Poole. Next they turned to the business-table. On the desk among the neat array of papers, a large envelope was uppermost, and bore, in the doctor’s hand, the name of Mr. Utterson. The lawyer unsealed it, and several enclosures fell to the floor. The first was a will, drawn in the same eccentric terms as the one which he had returned six months before, to serve as a testament in case of death and as a deed of gift in case of disappearance; but, in place of the name of Edward Hyde, the lawyer, with indescribable amazement, read the name of Gabriel John Utterson. He looked at Poole, and then back at the paper, and last of all at the dead malefactor stretched upon the carpet.",0,0,3.4597084e-05,Human,False,False
"Science provides a systematic framework for understanding the natural world, relying on empirical evidence, testability, and peer review. In contrast, the realm of the unexplained encompasses phenomena that currently defy conventional scientific interpretation, such as extrasensory perception or paranormal events. The fundamental tension between these two domains stems from differing standards of proof; science demands objective, repeatable data, whereas accounts of the unexplained often rest on subjective experience and anecdotal evidence that are difficult to verify. Historically, many phenomena once deemed mysterious, from lightning to disease, have been successfully incorporated into the scientific model through continued investigation. Therefore, the relationship is less a direct conflict and more a dynamic boundary where the unexplained presents a set of unresolved questions that challenge the limits of current scientific inquiry, driving the quest for new knowledge and understanding.",1,1,0.999884,AI_Generic,False,False
"“I don’t say now that he isn’t a crazy man,” said Sir Henry; “I can’t forget the look in his eyes when he ran at me this morning, but I must allow that no man could make a more handsome apology than he has done.” “Did he give any explanation of his conduct?” “His sister is everything in his life, he says. That is natural enough, and I am glad that he should understand her value. They have always been together, and according to his account he has been a very lonely man with only her as a companion, so that the thought of losing her was really terrible to him. He had not understood, he said, that I was becoming attached to her, but when he saw with his own eyes that it was really so, and that she might be taken away from him, it gave him such a shock that for a time he was not responsible for what he said or did. He was very sorry for all that had passed, and he recognized how foolish and how selfish it was that he should imagine that he could hold a beautiful woman like his sister to himself for her whole life. If she had to leave him he had rather it was to a neighbour like myself than to anyone else. But in any case it was a blow to him and it would take him some time before he could prepare himself to meet it. He would withdraw all opposition upon his part if I would promise for three months to let the matter rest and to be content with cultivating the lady’s friendship during that time without claiming her love. This I promised, and so the matter rests.”",0,0,1.4031677e-05,Human,False,False
"It was a warm June morning, and the Latter Day Saints were as busy as the bees whose hive they have chosen for their emblem. In the fields and in the streets rose the same hum of human industry. Down the dusty high roads defiled long streams of heavily-laden mules, all heading to the west, for the gold fever had broken out in California, and the Overland Route lay through the City of the Elect. There, too, were droves of sheep and bullocks coming in from the outlying pasture lands, and trains of tired immigrants, men and horses equally weary of their interminable journey. Through all this motley assemblage, threading her way with the skill of an accomplished rider, there galloped Lucy Ferrier, her fair face flushed with the exercise and her long chestnut hair floating out behind her. She had a commission from her father in the City, and was dashing in as she had done many a time before, with all the fearlessness of youth, thinking only of her task and how it was to be performed. The travel-stained adventurers gazed after her in astonishment, and even the unemotional Indians, journeying in with their pelties, relaxed their accustomed stoicism as they marvelled at the beauty of the pale-faced maiden.",0,0,0.00012149936,Human,False,False
"“I thought as much—and knowing your admirable tenacity I was convinced that you were sitting in ambush, a weapon within reach, waiting for the tenant to return. So you actually thought that I was the criminal?” “I did not know who you were, but I was determined to find out.” “Excellent, Watson! And how did you localise me? You saw me, perhaps, on the night of the convict hunt, when I was so imprudent as to allow the moon to rise behind me?” “Yes, I saw you then.” “And have no doubt searched all the huts until you came to this one?”",0,0,8.846086e-06,Human,False,False
"At this moment, the sharp note of the door-bell rang through the house; and the visitant, as though this were some concerted signal for which he had been waiting, changed at once in his demeanour. “The maid!” he cried. “She has returned, as I forewarned you, and there is now before you one more difficult passage. Her master, you must say, is ill; you must let her in, with an assured but rather serious countenance—no smiles, no overacting, and I promise you success! Once the girl within, and the door closed, the same dexterity that has already rid you of the dealer will relieve you of this last danger in your path. Thenceforward you have the whole evening—the whole night, if needful—to ransack the treasures of the house and to make good your safety. This is help that comes to you with the mask of danger. Up!” he cried; “up, friend; your life hangs trembling in the scales: up, and act!”",0,0,2.1561877e-05,Human,False,False
"Folklore and superstition are deeply intertwined cultural phenomena that provide frameworks for understanding the world through tradition rather than empirical evidence. Folklore represents the broad collection of a community's customs, legends, music, and stories, passed down through generations to preserve history, morality, and collective identity. Within this vast tapestry, superstition emerges as a more specific belief system focused on the presumed causal link between certain actions and future events, often related to luck and fate. Superstitious practices, such as knocking on wood to prevent bad luck or avoiding the number thirteen, are rituals intended to exert a measure of control over an unpredictable environment. While folklore serves to build community and explain the past, superstitions are the practical, and often personal, application of these beliefs, guiding daily behavior in an effort to navigate the unknown and secure a favorable outcome. Both remain potent expressions of human psychology and cultural heritage, revealing how societies grapple with uncertainty.",1,1,0.99989986,AI_Generic,False,False
"She shook her head. “You will go to-day,” she repeated, and then with a gesture, and in a sudden, sharp note—“no, not to-day,” she cried, “to-morrow!” But at this sign of relenting, power came in upon me in a tide. I stretched out my arms and called upon her name; and she leaped to me and clung to me. The hills rocked about us, the earth quailed; a shock as of a blow went through me and left me blind and dizzy. And the next moment she had thrust me back, broken rudely from my arms, and fled with the speed of a deer among the cork-trees.",0,0,2.4542871e-05,Human,False,False
"As the cab drew up before the address indicated, the fog lifted a little and showed him a dingy street, a gin palace, a low French eating-house, a shop for the retail of penny numbers and twopenny salads, many ragged children huddled in the doorways, and many women of different nationalities passing out, key in hand, to have a morning glass; and the next moment the fog settled down again upon that part, as brown as umber, and cut him off from his blackguardly surroundings. This was the home of Henry Jekyll’s favourite; of a man who was heir to a quarter of a million sterling.",0,0,0.00026867285,Human,False,False
"From his concealment amongst the ancient yews, whose funereal boughs did little to warm the biting air, he watched the unhallowed labour unfold upon the newly-mounded earth. Each grating plunge of the spade, which seemed to his ear a cry of profanation, glinted with a spectral light under the moon, as the malefactor pursued his iniquitous industry with a haste that bespoke both fear and greed. And when at last the tool struck wood with a dull, abominable thud that announced the final breaching of that last, sad sanctuary, a chill, quite apart from the night's frost, seized upon his soul. For he was witness now not merely to a theft, but to a profound and silent treason against the dignity of mortality itself, a secret sin for which the very stones of the sepulchre seemed to cry out in judgement.",1,1,0.99940324,Robert Louis Stevenson,False,False
"“Why, you look very serious over it.” “How do you explain it?” “I just don’t attempt to explain it. It seems the very maddest, queerest thing that ever happened to me.” “The queerest perhaps—” said Holmes thoughtfully. “What do you make of it yourself?” “Well, I don’t profess to understand it yet. This case of yours is very complex, Sir Henry. When taken in conjunction with your uncle’s death I am not sure that of all the five hundred cases of capital importance which I have handled there is one which cuts so deep. But we hold several threads in our hands, and the odds are that one or other of them guides us to the truth. We may waste time in following the wrong one, but sooner or later we must come upon the right.”",0,0,4.5619065e-05,Human,False,False
"“One day a gold convoy came down from Ballarat to Melbourne, and we lay in wait for it and attacked it. There were six troopers and six of us, so it was a close thing, but we emptied four of their saddles at the first volley. Three of our boys were killed, however, before we got the swag. I put my pistol to the head of the wagon-driver, who was this very man McCarthy. I wish to the Lord that I had shot him then, but I spared him, though I saw his wicked little eyes fixed on my face, as though to remember every feature. We got away with the gold, became wealthy men, and made our way over to England without being suspected. There I parted from my old pals and determined to settle down to a quiet and respectable life. I bought this estate, which chanced to be in the market, and I set myself to do a little good with my money, to make up for the way in which I had earned it. I married, too, and though my wife died young she left me my dear little Alice. Even when she was just a baby her wee hand seemed to lead me down the right path as nothing else had ever done. In a word, I turned over a new leaf and did my best to make up for the past. All was going well when McCarthy laid his grip upon me.",0,0,1.2719789e-05,Human,False,False
"‘Now,’ said Dick, ‘I must go.’ ‘Go?’ cried Van Tromp. ‘Where? Not one foot, Mr. Richard Naseby. Here you shall stay in the meantime! and—well, and do something practical—advertise for a situation as private secretary—and when you have it, go and welcome. But in the meantime, sir, no false pride; we must stay with our friends; we must sponge a while on Papa Van Tromp, who has sponged so often upon us.’ ‘By God,’ cried Dick, ‘I believe you are the best of the lot.’ ‘Dick, my boy,’ replied the Admiral, winking, ‘you mark me, I am not the worst.’",0,0,5.278149e-06,Human,False,False
"She winced at his words and drew away. ‘But when that is all he asks,’ she pleaded. ‘If he only knew that you had felt that impulse, it would make him so proud and happy. He would see you were his own son after all, and had the same thoughts and the same chivalry of spirit. And then you did yourself injustice when you spoke just now. It was because the editor was weak and poor and excused himself, that you repented your first determination. Had he been a big red man, with whiskers, you would have beaten him—you know you would—if Mr. Naseby had been ten times more committed. Do you think, if you can tell it to me, and I understand at once, that it would be more difficult to tell it to your own father, or that he would not be more ready to sympathise with you than I am? And I love you, Dick; but then he is your father.’",0,0,2.4477984e-05,Human,False,False
"Our conversation was hampered by the presence of the driver of the hired wagonette, so that we were forced to talk of trivial matters when our nerves were tense with emotion and anticipation. It was a relief to me, after that unnatural restraint, when we at last passed Frankland’s house and knew that we were drawing near to the Hall and to the scene of action. We did not drive up to the door but got down near the gate of the avenue. The wagonette was paid off and ordered to return to Coombe Tracey forthwith, while we started to walk to Merripit House.",0,0,7.637726e-06,Human,False,False
"“This aroused my curiosity, so when I went out for a walk in the grounds with my charge, I strolled round to the side from which I could see the windows of this part of the house. There were four of them in a row, three of which were simply dirty, while the fourth was shuttered up. They were evidently all deserted. As I strolled up and down, glancing at them occasionally, Mr. Rucastle came out to me, looking as merry and jovial as ever. “‘Ah!’ said he, ‘you must not think me rude if I passed you without a word, my dear young lady. I was preoccupied with business matters.’",0,0,1.1320914e-05,Human,False,False
"He proceeded slowly back along the terrace in a tender glow; and when he came to Greenside Church, he halted in a doubtful mind. Over the crown of the Calton Hill, to his left, lay the way to Colette’s, where Alan would soon be looking for his arrival, and where he would now have no more consented to go than he would have wilfully wallowed in a bog; the touch of the girl’s hand on his sleeve, and the kindly light in his father’s eyes, both loudly forbidding. But right before him was the way home, which pointed only to bed, a place of little ease for one whose fancy was strung to the lyrical pitch, and whose not very ardent heart was just then tumultuously moved. The hilltop, the cool air of the night, the company of the great monuments, the sight of the city under his feet, with its hills and valleys and crossing files of lamps, drew him by all he had of the poetic, and he turned that way; and by that quite innocent deflection, ripened the crop of his venial errors for the sickle of destiny.",0,0,0.00011149435,Human,False,False
"Mr. Utterson sighed deeply but said never a word; and the young man presently resumed. “Here is another lesson to say nothing,” said he. “I am ashamed of my long tongue. Let us make a bargain never to refer to this again.” “With all my heart,” said the lawyer. “I shake hands on that, Richard.” That evening Mr. Utterson came home to his bachelor house in sombre spirits and sat down to dinner without relish. It was his custom of a Sunday, when this meal was over, to sit close by the fire, a volume of some dry divinity on his reading-desk, until the clock of the neighbouring church rang out the hour of twelve, when he would go soberly and gratefully to bed. On this night, however, as soon as the cloth was taken away, he took up a candle and went into his business-room. There he opened his safe, took from the most private part of it a document endorsed on the envelope as Dr. Jekyll’s Will, and sat down with a clouded brow to study its contents. The will was holograph, for Mr. Utterson, though he took charge of it now that it was made, had refused to lend the least assistance in the making of it; it provided not only that, in case of the decease of Henry Jekyll, M.D., D.C.L., L.L.D., F.R.S., etc., all his possessions were to pass into the hands of his “friend and benefactor Edward Hyde,” but that in case of Dr. Jekyll’s “disappearance or unexplained absence for any period exceeding three calendar months,” the said Edward Hyde should step into the said Henry Jekyll’s shoes without further delay and free from any burthen or obligation, beyond the payment of a few small sums to the members of the doctor’s household. This document had long been the lawyer’s eyesore. It offended him both as a lawyer and as a lover of the sane and customary sides of life, to whom the fanciful was the immodest. And hitherto it was his ignorance of Mr. Hyde that had swelled his indignation; now, by a sudden turn, it was his knowledge. It was already bad enough when the name was but a name of which he could learn no more. It was worse when it began to be clothed upon with detestable attributes; and out of the shifting, insubstantial mists that had so long baffled his eye, there leaped up the sudden, definite presentment of a fiend.",0,0,1.943884e-05,Human,False,False
"The affair presented a most singular aspect to the official police mind. They saw only a brutal crime, committed for some trifle which the perpetrator had overlooked. My friend, however, perceived a deeper and more terrible logic at play. He spoke not of common theft, but of a retribution long delayed. An old account, he insisted, was being settled at last. The true motive was not to be found in the victim’s present life, but in some dusty ledger of past misdeeds, perhaps committed half a world away. We did not confront a mere footpad or a desperate rogue. We faced an avenger, a grim spectre summoned from a forgotten grievance to exact a terrible and final payment. The roots of this London tragedy, I was certain, lay buried in a foreign soil.",1,1,0.99958605,Arthur Conan Doyle,False,False
"“It seems to me to be a little weak,” said I. “It is more probable that he had arranged his affairs before ever he set out upon his expedition.” “No, I hardly think so. This lair of his would be too valuable a retreat in case of need for him to give it up until he was sure that he could do without it. But a second consideration struck me. Jonathan Small must have felt that the peculiar appearance of his companion, however much he may have top-coated him, would give rise to gossip, and possibly be associated with this Norwood tragedy. He was quite sharp enough to see that. They had started from their head-quarters under cover of darkness, and he would wish to get back before it was broad light. Now, it was past three o’clock, according to Mrs. Smith, when they got the boat. It would be quite bright, and people would be about in an hour or so. Therefore, I argued, they did not go very far. They paid Smith well to hold his tongue, reserved his launch for the final escape, and hurried to their lodgings with the treasure-box. In a couple of nights, when they had time to see what view the papers took, and whether there was any suspicion, they would make their way under cover of darkness to some ship at Gravesend or in the Downs, where no doubt they had already arranged for passages to America or the Colonies.”",0,0,1.5013891e-05,Human,False,False
"“Ha!” cried Gregson, in a relieved voice; “you should never neglect a chance, however small it may seem.” “To a great mind, nothing is little,” remarked Holmes, sententiously. “Well, I went to Underwood, and asked him if he had sold a hat of that size and description. He looked over his books, and came on it at once. He had sent the hat to a Mr. Drebber, residing at Charpentier’s Boarding Establishment, Torquay Terrace. Thus I got at his address.” “Smart—very smart!” murmured Sherlock Holmes. “I next called upon Madame Charpentier,” continued the detective. “I found her very pale and distressed. Her daughter was in the room, too—an uncommonly fine girl she is, too; she was looking red about the eyes and her lips trembled as I spoke to her. That didn’t escape my notice. I began to smell a rat. You know the feeling, Mr. Sherlock Holmes, when you come upon the right scent—a kind of thrill in your nerves. ‘Have you heard of the mysterious death of your late boarder Mr. Enoch J. Drebber, of Cleveland?’ I asked.",0,0,7.611803e-06,Human,False,False
"‘Three hundred?’ repeated John. ‘Three hundred pounds, you mean? That’s fifteen hundred dollars. Why, then, it’s Kirkman!’ he broke out. ‘Thank Heaven! I can explain all that. I gave them to Kirkman to pay for me the night before I left—fifteen hundred dollars, and a letter to the manager. What do they suppose I would steal fifteen hundred dollars for? I’m rich; I struck it rich in stocks. It’s the silliest stuff I ever heard of. All that’s needful is to cable to the manager: Kirkman has the fifteen hundred—find Kirkman. He was a fellow-clerk of mine, and a hard case; but to do him justice, I didn’t think he was as hard as this.’",0,0,5.3880844e-06,Human,False,False
"‘You are a man of spirit, sir,’ said he to Dick; ‘but though I am no friend to parental interference, I will say that you were heavy on the governor.’ Then he added with a chuckle: ‘You began, Richard, with a silver spoon, and here you are in the water like the rest. Work, work, nothing like work. You have parts, you have manners; why, with application you may die a millionaire!’ Dick shook himself. He took Esther by the hand, looking at her mournfully. ‘Then this is farewell,’ he said. ‘Yes,’ she answered. There was no tone in her voice, and she did not return his gaze.",0,0,6.1766987e-06,Human,False,False
"“My sister had told me some weeks before that I might have the pick of her geese for a Christmas present, and I knew that she was always as good as her word. I would take my goose now, and in it I would carry my stone to Kilburn. There was a little shed in the yard, and behind this I drove one of the birds—a fine big one, white, with a barred tail. I caught it, and prying its bill open, I thrust the stone down its throat as far as my finger could reach. The bird gave a gulp, and I felt the stone pass along its gullet and down into its crop. But the creature flapped and struggled, and out came my sister to know what was the matter. As I turned to speak to her the brute broke loose and fluttered off among the others.",0,0,2.5029502e-05,Human,False,False
"I hurried along the road at the top of my speed without seeing anything of Sir Henry, until I came to the point where the moor path branches off. There, fearing that perhaps I had come in the wrong direction after all, I mounted a hill from which I could command a view—the same hill which is cut into the dark quarry. Thence I saw him at once. He was on the moor path about a quarter of a mile off, and a lady was by his side who could only be Miss Stapleton. It was clear that there was already an understanding between them and that they had met by appointment. They were walking slowly along in deep conversation, and I saw her making quick little movements of her hands as if she were very earnest in what she was saying, while he listened intently, and once or twice shook his head in strong dissent. I stood among the rocks watching them, very much puzzled as to what I should do next. To follow them and break into their intimate conversation seemed to be an outrage, and yet my clear duty was never for an instant to let him out of my sight. To act the spy upon a friend was a hateful task. Still, I could see no better course than to observe him from the hill, and to clear my conscience by confessing to him afterwards what I had done. It is true that if any sudden danger had threatened him I was too far away to be of use, and yet I am sure that you will agree with me that the position was very difficult, and that there was nothing more which I could do.",0,0,2.292755e-05,Human,False,False
"Is there any more potent crucible for crime than the seemingly placid domestic hearth? The grand conspirator or the international agent may play for higher stakes, yet their motives are often as plain as a newspaper headline. But within the suffocating confines of the family home, one finds the true laboratory of human nature in its most elemental form. Here, the petty jealousies, the festering slights, and the whispered grievances over a breakfast table act as the reagents which, under the constant pressure of proximity, inevitably precipitate into the most venomous of deeds. It is a singular and often overlooked fact that the deadliest of poisons are frequently brewed from the most commonplace of ingredients; so too, I have observed, are the tragedies that unfold not upon the world's stage, but within the hushed quiet of a suburban villa.",1,1,0.9999379,Arthur Conan Doyle,False,False
"“‘What are you doing there?’ he asked. “I felt angry at having been tricked by so elaborate a story as that which he had told me. ‘I was admiring your fuller’s-earth,’ said I; ‘I think that I should be better able to advise you as to your machine if I knew what the exact purpose was for which it was used.’ “The instant that I uttered the words I regretted the rashness of my speech. His face set hard, and a baleful light sprang up in his grey eyes. “‘Very well,’ said he, ‘you shall know all about the machine.’ He took a step backward, slammed the little door, and turned the key in the lock. I rushed towards it and pulled at the handle, but it was quite secure, and did not give in the least to my kicks and shoves. ‘Hullo!’ I yelled. ‘Hullo! Colonel! Let me out!’",0,0,4.8039424e-06,Human,False,False
"“What is it, my man?” I asked. He looked about him in the slow methodical fashion of old age. “Is Mr. Sherlock Holmes here?” said he. “No; but I am acting for him. You can tell me any message you have for him.” “It was to him himself I was to tell it,” said he. “But I tell you that I am acting for him. Was it about Mordecai Smith’s boat?” “Yes. I knows well where it is. An’ I knows where the men he is after are. An’ I knows where the treasure is. I knows all about it.”",0,0,5.281049e-06,Human,False,False
"But there was to be no remission of the strokes of fate. As he thus sat, taking breath in the shadow of the wall and hopped about by sparrows, it chanced that his eye roved to the fastening of the door; and what he saw plucked him to his feet. The thing locked with a spring; once the door was closed, the bolt shut of itself; and without a key, there was no means of entering from without. He saw himself obliged to one of two distasteful and perilous alternatives; either to shut the door altogether and set his portmanteau out upon the wayside, a wonder to all beholders; or to leave the door ajar, so that any thievish tramp or holiday schoolboy might stray in and stumble on the grisly secret. To the last, as the least desperate, his mind inclined; but he must first insure himself that he was unobserved. He peered out, and down the long road; it lay dead empty. He went to the corner of the by-road that comes by way of Dean; there also not a passenger was stirring. Plainly it was, now or never, the high tide of his affairs; and he drew the door as close as he durst, slipped a pebble in the chink, and made off downhill to find a cab.",0,0,3.387592e-05,Human,False,False
"The duality of human nature refers to the inherent capacity for contradictory traits and impulses to coexist within an individual. This concept posits that humanity is not a monolith of either virtue or vice, but rather a complex interplay of opposing forces. For instance, the same person can demonstrate profound empathy and altruism while also harboring selfish or destructive tendencies. The capacity for rational thought and logical problem-solving exists alongside primal instincts and powerful, often irrational, emotions. This internal dichotomy is a central theme in philosophy, literature, and psychology, often explored as the tension between our civilized selves and our more base inclinations. It suggests that human behavior is not dictated by a single, fixed characteristic but is instead the result of an ongoing, dynamic struggle to navigate and reconcile these conflicting facets. Ultimately, this duality is considered a fundamental aspect of the human condition, shaping personal identity, moral choices, and the very fabric of society.",1,1,0.9998963,AI_Generic,False,False
"It was a most lamentable and yet universal truth, one which the weary observer of the human condition comes to accept, that the eye is the most easily deceived of all our senses; for in the jovial countenance of a man of means, a gentleman whose very bearing bespoke a life of untroubled ease, there might lie concealed a sorrow so profound as to hollow out the very marrow of his soul. The perfectly cut coat, the gleaming watch-chain, the ready laugh—these were but the carefully constructed edifice behind which a spirit, burdened by some unutterable affliction, languished in perpetual shadow. Thus, what the world perceived as solid substance was merely a fragile guise, a meticulously maintained fiction that threatened, with every weary beat of a broken heart, to crumble into the dust of its own bitter reality.",1,1,0.9999604,Arthur Conan Doyle,False,False
"The violation of the dead, a concept often legally defined as corpse desecration or abuse of a corpse, refers to the act of treating a human body or its resting place in a manner that is considered offensive and disrespectful. This encompasses a wide range of transgressions, including the mutilation or dismemberment of remains, necrophilia, grave robbing for valuables, and the vandalism of tombs or memorials. Nearly every culture throughout history has established strong social taboos and legal prohibitions against such acts, viewing them as a profound offense against human dignity, public decency, and the memory of the deceased. While the deceased can no longer be harmed, these violations are prosecuted as crimes against the living community, inflicting severe emotional distress on family members and disrupting the societal expectation of reverent treatment for those who have passed. Such laws and customs underscore a near-universal belief in the sanctity of human remains and the importance of allowing the dead to rest in peace.",1,1,0.99928516,AI_Generic,False,False
"“My dear fellow, I know you well. I know the military neatness which characterises you. You shave every morning, and in this season you shave by the sunlight; but since your shaving is less and less complete as we get farther back on the left side, until it becomes positively slovenly as we get round the angle of the jaw, it is surely very clear that that side is less illuminated than the other. I could not imagine a man of your habits looking at himself in an equal light and being satisfied with such a result. I only quote this as a trivial example of observation and inference. Therein lies my _métier_, and it is just possible that it may be of some service in the investigation which lies before us. There are one or two minor points which were brought out in the inquest, and which are worth considering.”",0,0,3.9111554e-05,Human,False,False
"John Ferrier felt a different man now that he realized that he had a devoted ally. He seized the young man’s leathery hand and wrung it cordially. “You’re a man to be proud of,” he said. “There are not many who would come to share our danger and our troubles.” “You’ve hit it there, pard,” the young hunter answered. “I have a respect for you, but if you were alone in this business I’d think twice before I put my head into such a hornet’s nest. It’s Lucy that brings me here, and before harm comes on her I guess there will be one less o’ the Hope family in Utah.”",0,0,1.6968084e-05,Human,False,False
"The violation of the dead refers to transgressions against the physical remains, resting place, or memory of a deceased individual. Manifesting in diverse forms, it ranges from the physical desecration of graves and illicit exhumation to the symbolic defamation of a person's legacy. Such actions are widely condemned across cultures and historical periods, often codified as legal offenses and profound ethical taboos. The prohibition stems from deeply ingrained beliefs about human dignity, the sanctity of funerary rites, and respect for the individual even after death. These acts are considered a profound offense not only because they disrespect the deceased, who can no longer defend themselves, but also because they inflict significant emotional distress upon the living and disrupt communal norms surrounding mourning and remembrance. Historically, this has included grave robbing for valuables, while contemporary concerns involve the unethical trafficking and use of human remains for commercial or scientific purposes.",1,1,0.9994868,AI_Generic,False,False
"I was a while silent, not knowing what to say; and when I roused my head at last to speak, she got before me. “Charlie,” she said, “what’s right for me, neednae be right for you. There’s sin upon this house and trouble; you are a stranger; take your things upon your back and go your ways to better places and to better folk, and if you were ever minded to come back, though it were twenty years syne, you would find me aye waiting.” “Mary Ellen,” I said, “I asked you to be my wife, and you said as good as yes. That’s done for good. Wherever you are, I am; as I shall answer to my God.”",0,0,7.752913e-06,Human,False,False
"PART I. CHAPTER I. MR. SHERLOCK HOLMES. CHAPTER II. THE SCIENCE OF DEDUCTION. CHAPTER III. THE LAURISTON GARDENS MYSTERY CHAPTER IV. WHAT JOHN RANCE HAD TO TELL. CHAPTER V. OUR ADVERTISEMENT BRINGS A VISITOR. CHAPTER VI. TOBIAS GREGSON SHOWS WHAT HE CAN DO. CHAPTER VII. LIGHT IN THE DARKNESS. PART II. THE COUNTRY OF THE SAINTS CHAPTER I. ON THE GREAT ALKALI PLAIN. CHAPTER II. THE FLOWER OF UTAH. CHAPTER III. JOHN FERRIER TALKS WITH THE PROPHET. CHAPTER IV. A FLIGHT FOR LIFE. CHAPTER V. THE AVENGING ANGELS. CHAPTER VI. A CONTINUATION OF THE REMINISCENCES OF JOHN WATSON, M.D. CHAPTER VII. THE CONCLUSION.",0,0,0.020421589,Human,False,False
"Holmes was certainly not a difficult man to live with. He was quiet in his ways, and his habits were regular. It was rare for him to be up after ten at night, and he had invariably breakfasted and gone out before I rose in the morning. Sometimes he spent his day at the chemical laboratory, sometimes in the dissecting-rooms, and occasionally in long walks, which appeared to take him into the lowest portions of the City. Nothing could exceed his energy when the working fit was upon him; but now and again a reaction would seize him, and for days on end he would lie upon the sofa in the sitting-room, hardly uttering a word or moving a muscle from morning to night. On these occasions I have noticed such a dreamy, vacant expression in his eyes, that I might have suspected him of being addicted to the use of some narcotic, had not the temperance and cleanliness of his whole life forbidden such a notion.",0,0,0.00012373486,Human,False,False
"The pleasures which I made haste to seek in my disguise were, as I have said, undignified; I would scarce use a harder term. But in the hands of Edward Hyde, they soon began to turn toward the monstrous. When I would come back from these excursions, I was often plunged into a kind of wonder at my vicarious depravity. This familiar that I called out of my own soul, and sent forth alone to do his good pleasure, was a being inherently malign and villainous; his every act and thought centred on self; drinking pleasure with bestial avidity from any degree of torture to another; relentless like a man of stone. Henry Jekyll stood at times aghast before the acts of Edward Hyde; but the situation was apart from ordinary laws, and insidiously relaxed the grasp of conscience. It was Hyde, after all, and Hyde alone, that was guilty. Jekyll was no worse; he woke again to his good qualities seemingly unimpaired; he would even make haste, where it was possible, to undo the evil done by Hyde. And thus his conscience slumbered.",0,0,0.0011755325,Human,False,False
"“Your beer should be excellent if it is as good as your geese,” said he. “My geese!” The man seemed surprised. “Yes. I was speaking only half an hour ago to Mr. Henry Baker, who was a member of your goose club.” “Ah! yes, I see. But you see, sir, them’s not _our_ geese.” “Indeed! Whose, then?” “Well, I got the two dozen from a salesman in Covent Garden.” “Indeed? I know some of them. Which was it?” “Breckinridge is his name.” “Ah! I don’t know him. Well, here’s your good health landlord, and prosperity to your house. Good-night.” “Now for Mr. Breckinridge,” he continued, buttoning up his coat as we came out into the frosty air. “Remember, Watson that though we have so homely a thing as a goose at one end of this chain, we have at the other a man who will certainly get seven years’ penal servitude unless we can establish his innocence. It is possible that our inquiry may but confirm his guilt; but, in any case, we have a line of investigation which has been missed by the police, and which a singular chance has placed in our hands. Let us follow it out to the bitter end. Faces to the south, then, and quick march!”",0,0,8.329652e-06,Human,False,False
"“Baskerville Hall,” said he. Its master had risen and was staring with flushed cheeks and shining eyes. A few minutes later we had reached the lodge-gates, a maze of fantastic tracery in wrought iron, with weather-bitten pillars on either side, blotched with lichens, and surmounted by the boars’ heads of the Baskervilles. The lodge was a ruin of black granite and bared ribs of rafters, but facing it was a new building, half constructed, the first fruit of Sir Charles’s South African gold. Through the gateway we passed into the avenue, where the wheels were again hushed amid the leaves, and the old trees shot their branches in a sombre tunnel over our heads. Baskerville shuddered as he looked up the long, dark drive to where the house glimmered like a ghost at the farther end.",0,0,0.013734257,Human,False,False
"In the meantime the girl had gone straight home, light as a bird, tremulous with joy, to the little cottage where she lived alone with a maiden aunt; and to that lady, a grim, sixty years old Scotchwoman, with a nodding head, communicated news of her encounter and invitation. ‘A friend of his?’ cried the aunt. ‘What like is he? What did ye say was his name?’ She was dead silent, and stared at the old woman darkling. Then very slowly, ‘I said he was my father’s friend; I have invited him to my house, and come he shall,’ she said; and with that she walked off to her room, where she sat staring at the wall all the evening. Miss M‘Glashan, for that was the aunt’s name, read a large bible in the kitchen with some of the joys of martyrdom.",0,0,7.111086e-06,Human,False,False
"“A presentation, I see,” said Holmes. “From Charing Cross Hospital?” “From one or two friends there on the occasion of my marriage.” “Dear, dear, that’s bad!” said Holmes, shaking his head. Dr. Mortimer blinked through his glasses in mild astonishment. “Why was it bad?” “Only that you have disarranged our little deductions. Your marriage, you say?” “Yes, sir. I married, and so left the hospital, and with it all hopes of a consulting practice. It was necessary to make a home of my own.” “Come, come, we are not so far wrong, after all,” said Holmes. “And now, Dr. James Mortimer—”",0,0,6.5036156e-06,Human,False,False
"“A very remarkable account,” said Sherlock Holmes. “A fitting wind-up to an extremely interesting case. There is nothing at all new to me in the latter part of your narrative, except that you brought your own rope. That I did not know. By the way, I had hoped that Tonga had lost all his darts; yet he managed to shoot one at us in the boat.” “He had lost them all, sir, except the one which was in his blow-pipe at the time.” “Ah, of course,” said Holmes. “I had not thought of that.” “Is there any other point which you would like to ask about?” asked the convict, affably.",0,0,6.9345315e-06,Human,False,False
"It has long been my private conviction that the very rigour of our modern scientific inquiry, which so admirably illuminates the vast theatre of the material world, serves paradoxically to cast into even deeper shadow those phenomena that lie beyond its empirical grasp. For while the man of science, with his scales and his crucibles, may catalogue the very bones of creation and promulgate laws of unwavering certainty, he stands nonetheless mute and confounded before those singular manifestations of the spirit—those whispers from the abyss—which, having no weight nor dimension, elude his instruments and mock his taxonomies. Thus, we are brought to a most profound and unsettling crossroads, where the well-lit avenues of demonstrable fact diverge from the twilit paths of intuition and antique dread, leaving the honest observer to question whether the map he so trusts describes the whole of the territory, or merely the small, safe harbour from which he dare not sail.",1,1,0.9998443,Robert Louis Stevenson,False,False
"“The company had come to a halt, more sober men, as you may guess, than when they started. The most of them would by no means advance, but three of them, the boldest, or it may be the most drunken, rode forward down the goyal. Now, it opened into a broad space in which stood two of those great stones, still to be seen there, which were set by certain forgotten peoples in the days of old. The moon was shining bright upon the clearing, and there in the centre lay the unhappy maid where she had fallen, dead of fear and of fatigue. But it was not the sight of her body, nor yet was it that of the body of Hugo Baskerville lying near her, which raised the hair upon the heads of these three dare-devil roysterers, but it was that, standing over Hugo, and plucking at his throat, there stood a foul thing, a great, black beast, shaped like a hound, yet larger than any hound that ever mortal eye has rested upon. And even as they looked the thing tore the throat out of Hugo Baskerville, on which, as it turned its blazing eyes and dripping jaws upon them, the three shrieked with fear and rode for dear life, still screaming, across the moor. One, it is said, died that very night of what he had seen, and the other twain were but broken men for the rest of their days.",0,0,4.8693175e-05,Human,False,False
"The rain lashed against the leaded panes of the library window, each gust of wind sounding as a mournful sigh through the ancient eaves. Sir Alistair sat hunched before a meagre fire, the chill of the great stone house seeping into his very bones. The air, thick with the scent of damp wool and decaying leather, seemed to carry the weight of centuries. His gaze drifted to the row of ancestral portraits, their painted eyes holding the same haunted, listless expression he had lately seen reflected in his own shaving mirror. Beyond the fire's companionable hiss, the great hall clock struck the hour, each chime a funereal hammer blow counting down his own grim inheritance. This was the true curse, he mused, not some spectral beast upon the moors, but a malady of the blood, a creeping sorrow passed from father to son, now coiling itself around his own heart.",1,1,0.99988127,Arthur Conan Doyle,False,False
"My eyes had fallen, I confess, upon the hunched figure in the corner—a creature so pitiably frail, with a rheumy eye and a rattling cough, that compassion, not suspicion, was the only sentiment he could evoke; yet I saw in a flash, from the sudden hardening of my friend’s jaw and the keen, predatory glint in his eye, that he perceived something altogether different, a truth so monstrous that it lay utterly concealed from my own duller senses. For in that single, stooped posture, in the quaver of that aged hand, Holmes had unravelled the entire elaborate charade—a masterpiece of misdirection designed to lead us down a labyrinth of false trails, while the true fiend, the very architect of the whole ghastly affair, sat before us cloaked in the impeccable guise of senility, proving once more that the most convincing facts are often but the most cleverly constructed lies.",1,1,0.9988681,Arthur Conan Doyle,False,False
"“There was not a soul to be seen, nor a sound to be heard, except the dripping of the rain. When I looked in at the window, I found Drebber all huddled together in a drunken sleep. I shook him by the arm, ‘It’s time to get out,’ I said. “‘All right, cabby,’ said he. “I suppose he thought we had come to the hotel that he had mentioned, for he got out without another word, and followed me down the garden. I had to walk beside him to keep him steady, for he was still a little top-heavy. When we came to the door, I opened it, and led him into the front room. I give you my word that all the way, the father and the daughter were walking in front of us.",0,0,5.859975e-06,Human,False,False
"And the more I thought of what had happened, the wilder and darker it grew. I reviewed the whole extraordinary sequence of events as I rattled on through the silent gas-lit streets. There was the original problem: that at least was pretty clear now. The death of Captain Morstan, the sending of the pearls, the advertisement, the letter,—we had had light upon all those events. They had only led us, however, to a deeper and far more tragic mystery. The Indian treasure, the curious plan found among Morstan’s baggage, the strange scene at Major Sholto’s death, the rediscovery of the treasure immediately followed by the murder of the discoverer, the very singular accompaniments to the crime, the footsteps, the remarkable weapons, the words upon the card, corresponding with those upon Captain Morstan’s chart,—here was indeed a labyrinth in which a man less singularly endowed than my fellow-lodger might well despair of ever finding the clue.",0,1,0.91969836,Human,True,False
"Here I proceeded to examine its contents. The powders were neatly enough made up, but not with the nicety of the dispensing chemist; so that it was plain they were of Jekyll’s private manufacture; and when I opened one of the wrappers I found what seemed to me a simple crystalline salt of a white colour. The phial, to which I next turned my attention, might have been about half-full of a blood-red liquor, which was highly pungent to the sense of smell and seemed to me to contain phosphorus and some volatile ether. At the other ingredients I could make no guess. The book was an ordinary version-book and contained little but a series of dates. These covered a period of many years, but I observed that the entries ceased nearly a year ago and quite abruptly. Here and there a brief remark was appended to a date, usually no more than a single word: “double” occurring perhaps six times in a total of several hundred entries; and once very early in the list and followed by several marks of exclamation, “total failure!!!” All this, though it whetted my curiosity, told me little that was definite. Here were a phial of some tincture, a paper of some salt, and the record of a series of experiments that had led (like too many of Jekyll’s investigations) to no end of practical usefulness. How could the presence of these articles in my house affect either the honour, the sanity, or the life of my flighty colleague? If his messenger could go to one place, why could he not go to another? And even granting some impediment, why was this gentleman to be received by me in secret? The more I reflected the more convinced I grew that I was dealing with a case of cerebral disease: and though I dismissed my servants to bed, I loaded an old revolver, that I might be found in some posture of self-defence.",0,0,1.50985625e-05,Human,False,False
"“Oh, sir, you are the very man whom I have longed to meet,” cried the little fellow with outstretched hands and quivering fingers. “I can hardly explain to you how interested I am in this matter.” Sherlock Holmes hailed a four-wheeler which was passing. “In that case we had better discuss it in a cosy room rather than in this wind-swept market-place,” said he. “But pray tell me, before we go farther, who it is that I have the pleasure of assisting.” The man hesitated for an instant. “My name is John Robinson,” he answered with a sidelong glance. “No, no; the real name,” said Holmes sweetly. “It is always awkward doing business with an alias.”",0,0,1.809693e-05,Human,False,False
"So he rattled on, copiously greasing the joint of his inconsistency with words; while the boy listened silently, his eyes fixed on the horse, his mind seething. It was all lost eloquence; no array of words could unsettle a belief of Jean-Marie’s; and he drove into Fontainebleau filled with pity, horror, indignation, and despair. In the town Jean-Marie was kept a fixture on the driving-seat, to guard the treasure; while the Doctor, with a singular, slightly tipsy airiness of manner, fluttered in and out of cafés, where he shook hands with garrison officers, and mixed an absinthe with the nicety of old experience; in and out of shops, from which he returned laden with costly fruits, real turtle, a magnificent piece of silk for his wife, a preposterous cane for himself, and a kepi of the newest fashion for the boy; in and out of the telegraph office, whence he despatched his telegram, and where three hours later he received an answer promising a visit on the morrow; and generally pervaded Fontainebleau with the first fine aroma of his divine good humour.",0,0,2.7233878e-05,Human,False,False
"The concept of 'The Terror of the Sea' refers to a wide spectrum of dangers, both real and mythological, that have shaped humanity's perception of the ocean. In a literal sense, this terror is embodied by the raw power of nature, such as destructive hurricanes, unpredictable rogue waves, and devastating tsunamis that demonstrate the sea's indifferent force. Biologically, it is represented by apex predators like the great white shark or the formidable, rarely-seen giant squid, creatures perfectly adapted to their hostile environment. Culturally, this fear manifests in folklore and legends of monstrous beings like the Kraken, a colossal cephalopod said to drag entire ships into the abyss, or the biblical Leviathan. These narratives, whether rooted in factual encounters or imaginative dread, all stem from the same fundamental source: the ocean's vast, dark, and largely unexplored nature, a frontier where the unknown continues to reign supreme and fuel our deepest anxieties about what lies beneath the surface.",1,1,0.99994683,AI_Generic,False,False
"The duality of human nature is a concept that posits the coexistence of contradictory or opposing forces within a single individual. This internal conflict is often framed as a struggle between virtues and vices, such as compassion versus cruelty, rationality versus instinct, and altruism versus selfishness. A perennial theme explored throughout history, this idea is central to numerous philosophical, psychological, and literary works. From philosophical inquiries into reason and passion to psychological models of the conscious and unconscious mind, and literary archetypes like Dr. Jekyll and Mr. Hyde, the concept seeks to explain the complexities of human behavior. It suggests that the capacity for both creation and destruction, order and chaos, is an intrinsic part of the human condition, making individuals capable of profound kindness as well as great harm. This framework provides a lens through which to understand the often unpredictable and paradoxical actions that define both individuals and societies.",1,1,0.99989426,AI_Generic,False,False
"From my perch upon the cliff, I beheld the sea in its most dreadful aspect. Its colour was no honest blue, but a turbulent slate-grey, shot through with an inky blackness in the troughs and crested with a ghastly, insensate spume that blew from the wave-tops like torn shrouds. The sound was a perpetual, hollow-throated cannonade, a concussion that struck not merely the ear but the very bones of the land itself, followed always by the grinding shriek of a million pebbles dragged back into the abyss. The air, thick with a fine, stinging spray, carried a profound odour—not of clean salt alone, but of the cold, deep grave of the ocean, of wet stone and ancient decay. It was a scene of such prodigious and unthinking violence that the mind recoiled, comprehending its own utter insignificance before such a brute and eternal force.",1,1,0.9998772,Robert Louis Stevenson,False,False
"The Boscombe Pool, which is a little reed-girt sheet of water some fifty yards across, is situated at the boundary between the Hatherley Farm and the private park of the wealthy Mr. Turner. Above the woods which lined it upon the farther side we could see the red, jutting pinnacles which marked the site of the rich landowner’s dwelling. On the Hatherley side of the pool the woods grew very thick, and there was a narrow belt of sodden grass twenty paces across between the edge of the trees and the reeds which lined the lake. Lestrade showed us the exact spot at which the body had been found, and, indeed, so moist was the ground, that I could plainly see the traces which had been left by the fall of the stricken man. To Holmes, as I could see by his eager face and peering eyes, very many other things were to be read upon the trampled grass. He ran round, like a dog who is picking up a scent, and then turned upon my companion.",0,0,3.095792e-05,Human,False,False
"The past is not a buried thing; it is a patient hunter. It breathes in the quiet dust of forgotten rooms and feeds on the silence of unspoken sins. For years, it lies dormant, a coiled serpent beneath the floorboards of the present, its scales hardening with every passing season. Then, one day, a scent on the wind or a name whispered in a crowd awakens it. It does not crash upon you like a wave but seeps in like a creeping frost, chilling the air and turning familiar smiles into menacing masks. Its arrival is heralded by a shadow that stretches just a bit too long, a creak in the stairs that echoes a forgotten footstep. This is vengeance born of time itself, a cold, meticulous debt collector who has finally come to call, its claim written in ink that never fades and its patience utterly, terrifyingly spent.",1,1,0.9999752,AI_Generic,False,False
"Science stands as a bastion of methodical inquiry, its unwavering gaze fixed upon the observable world. With instruments of logic and measurement, it seeks to illuminate the shadows, to neatly categorize every phenomenon within the scaffolding of established law. Opposite this stands the unexplained, a realm of fleeting glimpses and persistent anomalies that resist classification. It is the chill that runs down the spine in an empty room, the anomalous signal that defies all known sources, the story that chills the blood despite its impossibility. Science relentlessly probes these hazy frontiers, attempting to pin down the spectral with data and evidence. Yet, the unexplained often slips through its grasp, a testament to the vastness of what we do not yet comprehend—a perpetual, haunting dialogue between the lamp of reason and the boundless dark it seeks to conquer.",1,1,0.99998593,AI_Generic,False,False
"Dr. Mortimer refolded his paper and replaced it in his pocket. “Those are the public facts, Mr. Holmes, in connection with the death of Sir Charles Baskerville.” “I must thank you,” said Sherlock Holmes, “for calling my attention to a case which certainly presents some features of interest. I had observed some newspaper comment at the time, but I was exceedingly preoccupied by that little affair of the Vatican cameos, and in my anxiety to oblige the Pope I lost touch with several interesting English cases. This article, you say, contains all the public facts?” “Then let me have the private ones.” He leaned back, put his finger-tips together, and assumed his most impassive and judicial expression.",0,0,2.2033148e-05,Human,False,False
"At last we emerged above the sky-line of the hill, and could see around us. All was black and stormy to the eye; the last gleam of sun had vanished; a wind had sprung up, not yet high, but gusty and unsteady to the point; the rain, on the other hand, had ceased. Short as was the interval, the sea already ran vastly higher than when I had stood there last; already it had begun to break over some of the outward reefs, and already it moaned aloud in the sea-caves of Aros. I looked, at first, in vain for the schooner.",0,0,6.982168e-05,Human,False,False
"As I approached the hut, walking as warily as Stapleton would do when with poised net he drew near the settled butterfly, I satisfied myself that the place had indeed been used as a habitation. A vague pathway among the boulders led to the dilapidated opening which served as a door. All was silent within. The unknown might be lurking there, or he might be prowling on the moor. My nerves tingled with the sense of adventure. Throwing aside my cigarette, I closed my hand upon the butt of my revolver and, walking swiftly up to the door, I looked in. The place was empty.",0,0,0.004784672,Human,False,False
"The concept of 'The Terror of the Sea' encompasses a wide range of perceived and actual dangers associated with the marine environment. These dangers can be environmental, such as unpredictable storms, rogue waves, and powerful currents that can overwhelm vessels. Biologically, the term refers to apex predators and elusive deep-sea creatures, whose rare appearances have historically fueled maritime lore. A significant component is also psychological, rooted in the fear of the vast, dark, and largely unexplored depths. This deep-seated apprehension has given rise to centuries of folklore, from legends of the Kraken to tales of ghost ships. Collectively, these elements—natural, biological, and psychological—contribute to the enduring perception of the sea as a formidable and perilous domain, a force to be respected for its immense power and inherent unpredictability.",1,1,0.9999112,AI_Generic,False,False
"The concept of ""The Terror of the Sea"" encompasses a wide range of threats, both real and imagined, that have haunted mariners for centuries. Historically, the most immediate dangers were natural and environmental. Unpredictable storms, colossal rogue waves capable of swamping the largest vessels, and powerful maelstroms represented the ocean's raw, indifferent power. The title has also been bestowed upon specific creatures. Apex predators like the great white shark, with its powerful presence, have long dominated this narrative. In the deeper, darker realms, the rarely seen giant and colossal squids fueled legends of monstrous krakens dragging ships to their doom. These myths were born from a genuine lack of understanding of deep-sea biology. Ultimately, the true ""terror of the sea"" is a combination of these tangible threats and the profound, psychological fear of the vast, uncharted, and often hostile unknown that lies beneath the waves.",1,1,0.9999474,AI_Generic,False,False
"by Arthur Conan Doyle Sherlock Holmes took his bottle from the corner of the mantel-piece and his hypodermic syringe from its neat morocco case. With his long, white, nervous fingers he adjusted the delicate needle, and rolled back his left shirt-cuff. For some little time his eyes rested thoughtfully upon the sinewy forearm and wrist all dotted and scarred with innumerable puncture-marks. Finally he thrust the sharp point home, pressed down the tiny piston, and sank back into the velvet-lined arm-chair with a long sigh of satisfaction. Three times a day for many months I had witnessed this performance, but custom had not reconciled my mind to it. On the contrary, from day to day I had become more irritable at the sight, and my conscience swelled nightly within me at the thought that I had lacked the courage to protest. Again and again I had registered a vow that I should deliver my soul upon the subject, but there was that in the cool, nonchalant air of my companion which made him the last man with whom one would care to take anything approaching to a liberty. His great powers, his masterly manner, and the experience which I had had of his many extraordinary qualities, all made me diffident and backward in crossing him.",0,0,0.0003971948,Human,False,False
"Let the grey-beards and the men of science scoff as they please. For my part, I find a kind of health in these old wives’ tales. A pinch of spilt salt is no great tragedy, but a chance for a little ceremony over the shoulder. A black cat is not a demon, but a sleek and sudden piece of the night, gone in a flash! These are the grace-notes of life, you see; the little rituals that tie us to the soil and to the grandmothers who came before. A world governed wholly by reason would be a lean and tiresome place indeed. I would rather have the ghost in the hedge and the fairy in the wood, and be the richer for it",1,1,0.9569212,Robert Louis Stevenson,False,False
"This was a shrewd knock. ‘A piece of business had been neglected.’ He heard these words in his father’s trenchant voice, and trembled, and then dodged the thought. After all, who was to know? He must carry four hundred pounds about with him till Monday, when the neglect could be surreptitiously repaired; and meanwhile, he was free to pass the afternoon on the encircling divan of the billiard-room, smoking his pipe, sipping a pint of ale, and enjoying to the masthead the modest pleasures of admiration. None can admire like a young man. Of all youth’s passions and pleasures, this is the most common and least alloyed; and every flash of Alan’s black eyes; every aspect of his curly head; every graceful reach, every easy, stand-off attitude of waiting; ay, and down to his shirt-sleeves and wrist-links, were seen by John through a luxurious glory. He valued himself by the possession of that royal friend, hugged himself upon the thought, and swam in warm azure; his own defects, like vanquished difficulties, becoming things on which to plume himself. Only when he thought of Miss Mackenzie there fell upon his mind a shadow of regret; that young lady was worthy of better things than plain John Nicholson, still known among schoolmates by the derisive name of ‘Fatty’; and he felt, if he could chalk a cue, or stand at ease, with such a careless grace as Alan, he could approach the object of his sentiments with a less crushing sense of inferiority.",0,0,6.490426e-05,Human,False,False
"There was something heart-breaking in the situation. How to capture the madman, how to feed him in the meanwhile, and what to do with him when he was captured, were the three difficulties that we had to solve. “The black,” said I, “is the cause of this attack. It may even be his presence in the house that keeps my uncle on the hill. We have done the fair thing; he has been fed and warmed under this roof; now I propose that Rorie put him across the bay in the coble, and take him through the Ross as far as Grisapol.”",0,0,8.634949e-06,Human,False,False
"“There is but one thing to do. It must be done at once. You must put this piece of paper which you have shown us into the brass box which you have described. You must also put in a note to say that all the other papers were burned by your uncle, and that this is the only one which remains. You must assert that in such words as will carry conviction with them. Having done this, you must at once put the box out upon the sundial, as directed. Do you understand?” “Do not think of revenge, or anything of the sort, at present. I think that we may gain that by means of the law; but we have our web to weave, while theirs is already woven. The first consideration is to remove the pressing danger which threatens you. The second is to clear up the mystery and to punish the guilty parties.”",0,0,0.00010675911,Human,False,False
"The Science of Deduction is a systematic method of reasoning used to solve problems by drawing logical conclusions from a set of observations. Popularized in fiction by characters like Sherlock Holmes, this practice is founded on meticulous and comprehensive observation, where no detail is considered too trivial. These observations are then interpreted through an extensive base of specialized knowledge, spanning various disciplines from forensics to psychology. From this analysis, one or more hypotheses are formed. The key step involves a process of elimination, where each possibility is tested against the known facts until only one viable explanation remains. While termed 'deduction,' the method often incorporates inductive reasoning (forming general theories from specific evidence) and abductive reasoning (inferring the most plausible explanation). Ultimately, it is a disciplined intellectual exercise that aims to construct a coherent and verifiable narrative from seemingly disconnected pieces of information.",1,1,0.99977165,AI_Generic,False,False
"It was little wonder if I slept no more. Why had I been locked in? What had passed? Who was the author of these indescribable and shocking cries? A human being? It was inconceivable. A beast? The cries were scarce quite bestial; and what animal, short of a lion or a tiger, could thus shake the solid walls of the residencia? And while I was thus turning over the elements of the mystery, it came into my mind that I had not yet set eyes upon the daughter of the house. What was more probable than that the daughter of the Senora, and the sister of Felipe, should be herself insane? Or, what more likely than that these ignorant and half-witted people should seek to manage an afflicted kinswoman by violence? Here was a solution; and yet when I called to mind the cries (which I never did without a shuddering chill) it seemed altogether insufficient: not even cruelty could wring such cries from madness. But of one thing I was sure: I could not live in a house where such a thing was half conceivable, and not probe the matter home and, if necessary, interfere.",0,0,0.0002933172,Human,False,False
"There was no chance of either of us forgetting that peculiar ruddy tweed suit—the very one which he had worn on the first morning that we had seen him in Baker Street. We caught the one clear glimpse of it, and then the match flickered and went out, even as the hope had gone out of our souls. Holmes groaned, and his face glimmered white through the darkness. “The brute! The brute!” I cried with clenched hands. “Oh Holmes, I shall never forgive myself for having left him to his fate.” “I am more to blame than you, Watson. In order to have my case well rounded and complete, I have thrown away the life of my client. It is the greatest blow which has befallen me in my career. But how could I know—how _could_ I know—that he would risk his life alone upon the moor in the face of all my warnings?”",0,0,8.7716035e-05,Human,False,False
"It was a few weeks before my own marriage, during the days when I was still sharing rooms with Holmes in Baker Street, that he came home from an afternoon stroll to find a letter on the table waiting for him. I had remained indoors all day, for the weather had taken a sudden turn to rain, with high autumnal winds, and the jezail bullet which I had brought back in one of my limbs as a relic of my Afghan campaign throbbed with dull persistence. With my body in one easy-chair and my legs upon another, I had surrounded myself with a cloud of newspapers until at last, saturated with the news of the day, I tossed them all aside and lay listless, watching the huge crest and monogram upon the envelope upon the table and wondering lazily who my friend’s noble correspondent could be.",0,0,0.00040400232,Human,False,False
"“You must leave that to me. I have already arranged what is to occur. There is only one point on which I must insist. You must not interfere, come what may. You understand?” “I am to be neutral?” “To do nothing whatever. There will probably be some small unpleasantness. Do not join in it. It will end in my being conveyed into the house. Four or five minutes afterwards the sitting-room window will open. You are to station yourself close to that open window.” “You are to watch me, for I will be visible to you.” “And when I raise my hand—so—you will throw into the room what I give you to throw, and will, at the same time, raise the cry of fire. You quite follow me?”",0,0,1.9776782e-05,Human,False,False
"“Sarasate plays at the St. James’s Hall this afternoon,” he remarked. “What do you think, Watson? Could your patients spare you for a few hours?” “I have nothing to do to-day. My practice is never very absorbing.” “Then put on your hat and come. I am going through the City first, and we can have some lunch on the way. I observe that there is a good deal of German music on the programme, which is rather more to my taste than Italian or French. It is introspective, and I want to introspect. Come along!” We travelled by the Underground as far as Aldersgate; and a short walk took us to Saxe-Coburg Square, the scene of the singular story which we had listened to in the morning. It was a poky, little, shabby-genteel place, where four lines of dingy two-storied brick houses looked out into a small railed-in enclosure, where a lawn of weedy grass and a few clumps of faded laurel bushes made a hard fight against a smoke-laden and uncongenial atmosphere. Three gilt balls and a brown board with “JABEZ WILSON” in white letters, upon a corner house, announced the place where our red-headed client carried on his business. Sherlock Holmes stopped in front of it with his head on one side and looked it all over, with his eyes shining brightly between puckered lids. Then he walked slowly up the street, and then down again to the corner, still looking keenly at the houses. Finally he returned to the pawnbroker’s, and, having thumped vigorously upon the pavement with his stick two or three times, he went up to the door and knocked. It was instantly opened by a bright-looking, clean-shaven young fellow, who asked him to step in.",0,0,1.4617186e-05,Human,False,False
"“And your friend,” I asked, “what became of him?” “Nay, God knows,” said the muleteer. “If all be true that we hear, his end was like his sin, a thing to raise the hair.” “Do you mean that he was killed?” I asked. “Sure enough, he was killed,” returned the man. “But how? Ay, how? But these are things that it is sin to speak of.” “The people of that house . . . ” I began. But he interrupted me with a savage outburst. “The people?” he cried. “What people? There are neither men nor women in that house of Satan’s! What? have you lived here so long, and never heard?” And here he put his mouth to my ear and whispered, as if even the fowls of the mountain might have over-heard and been stricken with horror.",0,0,7.2391567e-06,Human,False,False
"“Did you ever look at the stars?” he asked, pointing upwards. “Often and often,” answered Will. “And do you know what they are?” “I have fancied many things.” “They are worlds like ours,” said the young man. “Some of them less; many of them a million times greater; and some of the least sparkles that you see are not only worlds, but whole clusters of worlds turning about each other in the midst of space. We do not know what there may be in any of them; perhaps the answer to all our difficulties or the cure of all our sufferings: and yet we can never reach them; not all the skill of the craftiest of men can fit out a ship for the nearest of these our neighbours, nor would the life of the most aged suffice for such a journey. When a great battle has been lost or a dear friend is dead, when we are hipped or in high spirits, there they are unweariedly shining overhead. We may stand down here, a whole army of us together, and shout until we break our hearts, and not a whisper reaches them. We may climb the highest mountain, and we are no nearer them. All we can do is to stand down here in the garden and take off our hats; the starshine lights upon our heads, and where mine is a little bald, I dare say you can see it glisten in the darkness. The mountain and the mouse. That is like to be all we shall ever have to do with Arcturus or Aldebaran. Can you apply a parable?” he added, laying his hand upon Will’s shoulder. “It is not the same thing as a reason, but usually vastly more convincing.”",0,0,1.4547029e-05,Human,False,False
"The concept of an ancestral curse extends beyond supernatural hexes to encompass a range of inherited burdens. Genetically, it can manifest as a predisposition to certain illnesses or conditions, creating a biological blueprint passed through generations. Psychologically, it represents the transmission of unresolved trauma, destructive behavioral patterns, or the immense weight of a family's reputation, be it infamous or overwhelmingly prestigious. An individual may find their life's trajectory and sense of self influenced by the actions and circumstances of forebears they never knew. This inheritance creates a complex dynamic between perceived fate and personal autonomy, where identity is often forged in a struggle against, or in reconciliation with, a legacy that was not chosen. Ultimately, the 'curse' is the inescapable influence of the past, a framework of history and biology within which a person must navigate their own existence.",1,1,0.99994683,AI_Generic,False,False
"Folklore and superstition are deeply intertwined elements of cultural heritage, representing humanity's enduring attempt to understand and influence an unpredictable world. Folklore serves as a broad umbrella for a community's traditional knowledge, encompassing everything from epic legends and cautionary tales to songs and customs passed down orally through generations. Superstition, a specific subset of folklore, is the belief in supernatural causation—the idea that certain actions or events can bring about good or bad fortune, often without a logical basis. While folklore tells the story of a culture's values and history, superstitions like knocking on wood or avoiding black cats offer individuals a perceived sense of control over their fate. Both function to create shared meaning, enforce social norms, and provide comfort in the face of the unknown, persisting even in modern society as powerful cultural traditions that shape social behavior and identity.",1,1,0.9998703,AI_Generic,False,False
"“‘Mr. Holder,’ said he, ‘I have been informed that you are in the habit of advancing money.’ “‘The firm does so when the security is good.’ I answered. “‘It is absolutely essential to me,’ said he, ‘that I should have £ 50,000 at once. I could, of course, borrow so trifling a sum ten times over from my friends, but I much prefer to make it a matter of business and to carry out that business myself. In my position you can readily understand that it is unwise to place one’s self under obligations.’ “‘For how long, may I ask, do you want this sum?’ I asked.",0,0,7.483274e-06,Human,False,False
"“‘They may do what they like, but I’ll checkmate them still,’ said he with an oath. ‘Tell Mary that I shall want a fire in my room to-day, and send down to Fordham, the Horsham lawyer.’ “I did as he ordered, and when the lawyer arrived I was asked to step up to the room. The fire was burning brightly, and in the grate there was a mass of black, fluffy ashes, as of burned paper, while the brass box stood open and empty beside it. As I glanced at the box I noticed, with a start, that upon the lid was printed the treble K which I had read in the morning upon the envelope.",0,0,4.8753227e-06,Human,False,False
"A shade of anxiety seemed to me to cross my companion’s expressive face. “Do you mean that you are on the right track?” he asked. “The right track! Why, sir, we have the man under lock and key.” “Arthur Charpentier, sub-lieutenant in Her Majesty’s navy,” cried Gregson, pompously, rubbing his fat hands and inflating his chest. Sherlock Holmes gave a sigh of relief, and relaxed into a smile. “Take a seat, and try one of these cigars,” he said. “We are anxious to know how you managed it. Will you have some whiskey and water?” “I don’t mind if I do,” the detective answered. “The tremendous exertions which I have gone through during the last day or two have worn me out. Not so much bodily exertion, you understand, as the strain upon the mind. You will appreciate that, Mr. Sherlock Holmes, for we are both brain-workers.”",0,0,3.0148258e-05,Human,False,False
"“‘I am with you heart and soul,’ said I. “‘It is well,’ he answered, handing me back my firelock. ‘You see that we trust you, for your word, like ours, is not to be broken. We have now only to wait for my brother and the merchant.’ “‘Does your brother know, then, of what you will do?’ I asked. “‘The plan is his. He has devised it. We will go to the gate and share the watch with Mahomet Singh.’ “The rain was still falling steadily, for it was just the beginning of the wet season. Brown, heavy clouds were drifting across the sky, and it was hard to see more than a stone-cast. A deep moat lay in front of our door, but the water was in places nearly dried up, and it could easily be crossed. It was strange to me to be standing there with those two wild Punjaubees waiting for the man who was coming to his death.",0,0,1.2788755e-05,Human,False,False
"The principle that appearances can be deceptive is a recurring theme in human experience, highlighting the frequent disconnect between external presentation and underlying reality. Initial judgments are often formed based on superficial cues—visual information, perceived confidence, or apparent simplicity—which serve as cognitive shortcuts for navigating the world. However, these first impressions frequently fail to capture the full scope of a person, object, or situation. A seemingly prosperous enterprise might be on the verge of financial collapse, while an individual with a reserved demeanor could possess extraordinary depth and creativity. Similarly, in the natural world, vibrant coloring can signify either nourishment or lethal poison. This inherent unreliability of surface-level information underscores the necessity of a more thorough and critical investigation to ascertain true character, value, or function, reminding us that what is immediately perceived is not always a reliable indicator of what is.",1,1,0.9998497,AI_Generic,False,False
"The book showed that two names had been added after that of Baskerville. One was Theophilus Johnson and family, of Newcastle; the other Mrs. Oldmore and maid, of High Lodge, Alton. “Surely that must be the same Johnson whom I used to know,” said Holmes to the porter. “A lawyer, is he not, grey-headed, and walks with a limp?” “No, sir, this is Mr. Johnson, the coal-owner, a very active gentleman, not older than yourself.” “Surely you are mistaken about his trade?” “No, sir! he has used this hotel for many years, and he is very well known to us.”",0,0,9.139744e-06,Human,False,False
"“I think that I shall be in a position to make the situation rather more clear to you before long. It has been an exceedingly difficult and most complicated business. There are several points upon which we still want light—but it is coming all the same.” “We’ve had one experience, as Watson has no doubt told you. We heard the hound on the moor, so I can swear that it is not all empty superstition. I had something to do with dogs when I was out West, and I know one when I hear one. If you can muzzle that one and put him on a chain I’ll be ready to swear you are the greatest detective of all time.”",0,0,2.2678127e-05,Human,False,False
"He had risen and paced the room as he spoke. Now he halted in the recess of the window. There was such a ring of conviction in his voice that I glanced up in surprise. “My dear fellow, how can you possibly be so sure of that?” “For the very simple reason that I see the dog himself on our very door-step, and there is the ring of its owner. Don’t move, I beg you, Watson. He is a professional brother of yours, and your presence may be of assistance to me. Now is the dramatic moment of fate, Watson, when you hear a step upon the stair which is walking into your life, and you know not whether for good or ill. What does Dr. James Mortimer, the man of science, ask of Sherlock Holmes, the specialist in crime? Come in!”",0,0,0.00014695806,Human,False,False
"“But you always say—at least, so I understood you”—said madame, “that these lads display no imagination whatever.” “My dear, they displayed imagination, and of a very fantastic order, too,” returned the Doctor, “when they embraced their beggarly profession. Besides—and this is an argument exactly suited to your intellectual level—many of them are English and American. Where else should we expect to find a thief?—And now you had better get your coffee. Because we have lost a treasure, there is no reason for starving. For my part, I shall break my fast with white wine. I feel unaccountably heated and thirsty to-day. I can only attribute it to the shock of the discovery. And yet, you will bear me out, I supported the emotion nobly.”",0,0,1.125702e-05,Human,False,False
"The thunderbolt had fallen; the Admiral was here. Dick would have retreated, in the panic terror of the moment; but Esther kept a bright look-out when her lover was expected. In a twinkling she was by his side, brimful of news and pleasure, too glad to notice his embarrassment, and in one of those golden transports of exultation which transcend not only words but caresses. She took him by the end of the fingers (reaching forward to take them, for her great preoccupation was to save time), she drew him towards her, pushed him past her in the door, and planted him face to face with Mr. Van Tromp, in a suit of French country velveteens and with a remarkable carbuncle on his nose. Then, as though this was the end of what she could endure in the way of joy, Esther turned and ran out of the room.",0,0,0.00013436978,Human,False,False
"The relationship between science and the unexplained represents a fundamental tension between empirical methodology and phenomena that currently defy our understanding. Science operates on the principles of testable hypotheses, reproducibility, and verifiable evidence, systematically building a framework to interpret the natural world. Conversely, the unexplained encompasses events, observations, and personal experiences that lie outside this established framework, often supported by anecdotal accounts rather than controlled data. This division is not static; history is replete with examples where phenomena once considered mysterious, such as celestial comets or deep-sea life, were eventually incorporated into scientific knowledge through new tools and theories. The ongoing dynamic between scientific skepticism and persistent anecdotal evidence thus marks the very edge of human comprehension, highlighting the boundary between what is known and what remains, for now, beyond our explanatory reach.",1,1,0.99989283,AI_Generic,False,False
"“This poor wretch was dressed in your clothes. I fear your servant who gave them to him may get into trouble with the police.” “That is unlikely. There was no mark on any of them, as far as I know.” “That’s lucky for him—in fact, it’s lucky for all of you, since you are all on the wrong side of the law in this matter. I am not sure that as a conscientious detective my first duty is not to arrest the whole household. Watson’s reports are most incriminating documents.” “But how about the case?” asked the baronet. “Have you made anything out of the tangle? I don’t know that Watson and I are much the wiser since we came down.”",0,0,1.927806e-05,Human,False,False
"We started off for the cab together, leaving our informant incredulous, but obviously uncomfortable. “The blundering fool,” Holmes said, bitterly, as we drove back to our lodgings. “Just to think of his having such an incomparable bit of good luck, and not taking advantage of it.” “I am rather in the dark still. It is true that the description of this man tallies with your idea of the second party in this mystery. But why should he come back to the house after leaving it? That is not the way of criminals.” “The ring, man, the ring: that was what he came back for. If we have no other way of catching him, we can always bait our line with the ring. I shall have him, Doctor—I’ll lay you two to one that I have him. I must thank you for it all. I might not have gone but for you, and so have missed the finest study I ever came across: a study in scarlet, eh? Why shouldn’t we use a little art jargon. There’s the scarlet thread of murder running through the colourless skein of life, and our duty is to unravel it, and isolate it, and expose every inch of it. And now for lunch, and then for Norman Neruda. Her attack and her bowing are splendid. What’s that little thing of Chopin’s she plays so magnificently: Tra-la-la-lira-lira-lay.”",0,0,1.1321735e-05,Human,False,False
"It is a fundamental error, into which the sentimental and the simple perpetually stumble, to place one’s faith in the mere outward semblance of a man or his affairs. The world presents a carefully curated garden to the casual observer, yet to the eye of reason, it is naught but a sprawling jungle. The most brilliant flower may offer the deadliest poison, and the sun-dappled clearing often serves only to distract from the predator lurking in the shadows. A polished veneer of respectability, a charming smile, a well-turned phrase—these are the vibrant leaves that conceal the coiled serpent of motive. To trust what one sees is to walk willingly into a snare; for true understanding lies only in parting the foliage and observing the raw, untamed wilderness of fact that festers beneath.",1,1,0.9999628,Arthur Conan Doyle,False,False
"There is a peculiar and grim romanticism in the notion of vengeance nursed across the silent gulf of years. A man might well believe that the sins of his youth are buried, mere fossilised indiscretions locked away in the strata of bygone decades; he foolishly discounts the patient ardour of a soul he has wronged. Such ancient hatreds do not mellow with time but rather concentrate, distilling themselves into a pure and potent venom. The world moves on, empires rise and fall, and new generations forget the quarrels of the old, yet the ghost of a past injury remains a most implacable creditor. It waits, sometimes for a lifetime, to present its final, ruinous account when its target is at his most prosperous and unprepared, for there is no sweeter justice to the vengeful mind than the dramatic toppling of a life meticulously built upon a rotten foundation.",1,1,0.9999813,Arthur Conan Doyle,False,False
"“‘There is a rajah in the northern provinces who has much wealth, though his lands are small. Much has come to him from his father, and more still he has set by himself, for he is of a low nature and hoards his gold rather than spend it. When the troubles broke out he would be friends both with the lion and the tiger,—with the Sepoy and with the Company’s Raj. Soon, however, it seemed to him that the white men’s day was come, for through all the land he could hear of nothing but of their death and their overthrow. Yet, being a careful man, he made such plans that, come what might, half at least of his treasure should be left to him. That which was in gold and silver he kept by him in the vaults of his palace, but the most precious stones and the choicest pearls that he had he put in an iron box, and sent it by a trusty servant who, under the guise of a merchant, should take it to the fort at Agra, there to lie until the land is at peace. Thus, if the rebels won he would have his money, but if the Company conquered his jewels would be saved to him. Having thus divided his hoard, he threw himself into the cause of the Sepoys, since they were strong upon his borders. By doing this, mark you, Sahib, his property becomes the due of those who have been true to their salt.",0,0,1.7017834e-05,Human,False,False
"He had once supposed the soul of a man to be a single, solid thing. A man was either good, or he was base. But the years had shown him the profound error in this. He saw now that the house of our nature has two doors. From one comes the upright citizen, the friend to all. From the other, something that shivers in the dark alleyways of the mind. These two are locked in a perpetual war. A struggle waged not in the streets under the gaslight, but in the silent chambers of the heart. Alas, it is the same man who walks in the sunlight and dreams of the pit. The very same.",1,1,0.99969256,Robert Louis Stevenson,False,False
"“Yesterday morning I was seated in my office at the bank when a card was brought in to me by one of the clerks. I started when I saw the name, for it was that of none other than—well, perhaps even to you I had better say no more than that it was a name which is a household word all over the earth—one of the highest, noblest, most exalted names in England. I was overwhelmed by the honour and attempted, when he entered, to say so, but he plunged at once into business with the air of a man who wishes to hurry quickly through a disagreeable task.",0,0,1.6681302e-05,Human,False,False
"The concept of a ""Terror of the Sea"" is often embodied by the legendary Kraken, a colossal cephalopod rooted in Scandinavian folklore. According to maritime legends, this monstrous creature was said to be the size of an island, with massive tentacles capable of encircling and pulling the largest sailing vessels to their doom. The beast’s descent back into the depths could supposedly create a deadly whirlpool that would swallow any remaining debris or survivors. While such a titanic monster remains a myth, these tales were likely inspired by real-world encounters with the giant squid (Architeuthis dux) and the colossal squid (Mesonychoteuthis hamiltoni). These elusive deep-sea dwellers can reach enormous sizes, and for centuries, the only evidence of their existence came from carcasses washed ashore or sucker-mark scars on whales. The infrequent and startling sightings of these real-life giants fueled terrifying legends, cementing their status as a true, albeit often exaggerated, terror of the deep.",1,1,0.9994649,AI_Generic,False,False
"The concept of ""The Terror of the Sea"" often refers not to a single entity, but to the collective and indifferent power of the ocean itself. Historically, this was personified in myths of leviathans and sea serpents, which represented the dangers of the unknown deep. In a modern context, this terror is understood through observable natural phenomena. It is the sudden, overwhelming force of a hurricane or a tsunami, capable of destroying coastal communities and sinking the largest vessels. It is the rogue wave, a wall of water that can appear without warning in open water, or the crushing pressure of the abyssal zone, an environment hostile to almost all life. The terror also lies in the ocean's vastness, a seemingly endless expanse where ships and people can be lost without a trace. These elements combine to create a profound respect for the sea's formidable and unpredictable nature, a force that operates on a scale far beyond human control.",1,1,0.99994874,AI_Generic,False,False
"“We must make our start at once,” said Jefferson Hope, speaking in a low but resolute voice, like one who realizes the greatness of the peril, but has steeled his heart to meet it. “The front and back entrances are watched, but with caution we may get away through the side window and across the fields. Once on the road we are only two miles from the Ravine where the horses are waiting. By daybreak we should be half-way through the mountains.” “What if we are stopped,” asked Ferrier. Hope slapped the revolver butt which protruded from the front of his tunic. “If they are too many for us we shall take two or three of them with us,” he said with a sinister smile.",0,0,1.3085087e-05,Human,False,False
"“I think not, thank you,” my companion answered. “Well, Holmes,” said Athelney Jones, “You are a man to be humoured, and we all know that you are a connoisseur of crime, but duty is duty, and I have gone rather far in doing what you and your friend asked me. I shall feel more at ease when we have our story-teller here safe under lock and key. The cab still waits, and there are two inspectors downstairs. I am much obliged to you both for your assistance. Of course you will be wanted at the trial. Good-night to you.” “Good-night, gentlemen both,” said Jonathan Small.",0,0,1.6264845e-05,Human,False,False
"‘Naseby,’ returned Dick. The other treated him at once to an exciting beverage, and expatiated on the pleasure of meeting a compatriot in a foreign land; to hear him, you would have thought they had encountered in Central Africa. Dick had never found any one take a fancy to him so readily, nor show it in an easier or less offensive manner. He seemed tickled with him as an elderly fellow about town might be tickled by a pleasant and witty lad; he indicated that he was no precision, but in his wildest times had never been such a blade as he thought Dick. Dick protested, but in vain. This manner of carrying an intimacy at the bayonet’s point was Van Tromp’s stock-in-trade. With an older man he insinuated himself; with youth he imposed himself, and in the same breath imposed an ideal on his victim, who saw that he must work up to it or lose the esteem of this old and vicious patron. And what young man can bear to lose a character for vice?",0,0,0.00010531562,Human,False,False
"During the whole of that day they struggled on through the defiles, and by evening they calculated that they were more than thirty miles from their enemies. At night-time they chose the base of a beetling crag, where the rocks offered some protection from the chill wind, and there huddled together for warmth, they enjoyed a few hours’ sleep. Before daybreak, however, they were up and on their way once more. They had seen no signs of any pursuers, and Jefferson Hope began to think that they were fairly out of the reach of the terrible organization whose enmity they had incurred. He little knew how far that iron grasp could reach, or how soon it was to close upon them and crush them.",0,0,3.52544e-05,Human,False,False
"Within the heart of every individual, a silent war is waged between two fundamental, opposing forces. It is the luminous capacity for profound empathy, selfless love, and creative brilliance coexisting with the shadowed potential for cold indifference, destructive rage, and selfish cruelty. The same soul that yearns to build and nurture can harbor a latent impulse to tear down and corrupt. This is not a simple dichotomy of good versus evil, but a complex and shifting landscape where light and darkness are perpetually entwined, each defining the other. The gentlest touch and the harshest blow are born from the same human essence, a constant, fragile dance between the angel and the beast within. This inherent paradox, this symphony of contradictions, is the very fabric of our shared humanity, making us at once beautifully fragile and terrifyingly potent.",1,1,0.999966,AI_Generic,False,False
"“‘Mr. Hatherley?’ said he, with something of a German accent. ‘You have been recommended to me, Mr. Hatherley, as being a man who is not only proficient in his profession but is also discreet and capable of preserving a secret.’ “I bowed, feeling as flattered as any young man would at such an address. ‘May I ask who it was who gave me so good a character?’ “‘Well, perhaps it is better that I should not tell you that just at this moment. I have it from the same source that you are both an orphan and a bachelor and are residing alone in London.’",0,0,1.2469807e-05,Human,False,False
"“I could hardly imagine a more damning case,” I remarked. “If ever circumstantial evidence pointed to a criminal it does so here.” “Circumstantial evidence is a very tricky thing,” answered Holmes thoughtfully. “It may seem to point very straight to one thing, but if you shift your own point of view a little, you may find it pointing in an equally uncompromising manner to something entirely different. It must be confessed, however, that the case looks exceedingly grave against the young man, and it is very possible that he is indeed the culprit. There are several people in the neighbourhood, however, and among them Miss Turner, the daughter of the neighbouring landowner, who believe in his innocence, and who have retained Lestrade, whom you may recollect in connection with the Study in Scarlet, to work out the case in his interest. Lestrade, being rather puzzled, has referred the case to me, and hence it is that two middle-aged gentlemen are flying westward at fifty miles an hour instead of quietly digesting their breakfasts at home.”",0,0,2.5906538e-05,Human,False,False
"Domestic tragedy subverts the grand scale of its classical counterpart, finding profound catastrophe within the seemingly mundane confines of the home. Its protagonists are not kings or nobles, but ordinary, middle-class individuals whose fatal flaws and personal struggles are intensely relatable. The drama unfolds not on a battlefield or in a royal court, but across a kitchen table or in a quiet living room, fueled by familial strife, infidelity, financial ruin, or the suffocating weight of societal expectations. This intimate setting transforms the tragic downfall from a heroic, public spectacle into a slow, personal unraveling. The proximity to the characters' lives—their quiet desperation and flawed humanity—creates a uniquely poignant and unsettling form of tragedy, where the horror lies in its stark, recognizable realism.",1,1,0.999956,AI_Generic,False,False
"“The stable lane?” She raised her dark eyebrows. “What can he hope to find there? Ah! this, I suppose, is he. I trust, sir, that you will succeed in proving, what I feel sure is the truth, that my cousin Arthur is innocent of this crime.” “I fully share your opinion, and I trust, with you, that we may prove it,” returned Holmes, going back to the mat to knock the snow from his shoes. “I believe I have the honour of addressing Miss Mary Holder. Might I ask you a question or two?” “Pray do, sir, if it may help to clear this horrible affair up.”",0,0,1.620482e-05,Human,False,False
"“Oh, come, now, come! Never be ashamed to own up. But what is all this? Bad business! Bad business! Stern facts here,—no room for theories. How lucky that I happened to be out at Norwood over another case! I was at the station when the message arrived. What d’you think the man died of?” “Oh, this is hardly a case for me to theorise over,” said Holmes, dryly. “No, no. Still, we can’t deny that you hit the nail on the head sometimes. Dear me! Door locked, I understand. Jewels worth half a million missing. How was the window?” “Fastened; but there are steps on the sill.”",0,0,5.3911685e-06,Human,False,False
"In the theatre of a single soul, a war is perpetually waged. The man of public virtue presents a placid countenance. Yet within that same breast, a primitive brute strains at its leash. One self is for the drawing-room, a creature of decorum and fine principle. The other is for the midnight alley, a fiend of base impulse and secret shame. These polar twins are thus bound in the single tenement of the flesh, each warring for dominion. The one aspires to nobility and light; the other is captive to the mire. This profound division constitutes the curse and the great truth of our condition. For man is not truly one, but a discordant commonwealth of two, forever locked in a most intimate and dreadful struggle.",1,1,0.9999591,Robert Louis Stevenson,False,False
"“By the way,” I asked suddenly, stopping and turning upon Stamford, “how the deuce did he know that I had come from Afghanistan?” My companion smiled an enigmatical smile. “That’s just his little peculiarity,” he said. “A good many people have wanted to know how he finds things out.” “Oh! a mystery is it?” I cried, rubbing my hands. “This is very piquant. I am much obliged to you for bringing us together. ‘The proper study of mankind is man,’ you know.” “You must study him, then,” Stamford said, as he bade me good-bye. “You’ll find him a knotty problem, though. I’ll wager he learns more about you than you about him. Good-bye.”",0,0,9.442305e-06,Human,False,False
"“What the deuce is the matter with the dog?” growled Holmes. “They surely would not take a cab, or go off in a balloon.” “Perhaps they stood here for some time,” I suggested. “Ah! it’s all right. He’s off again,” said my companion, in a tone of relief. He was indeed off, for after sniffing round again he suddenly made up his mind, and darted away with an energy and determination such as he had not yet shown. The scent appeared to be much hotter than before, for he had not even to put his nose on the ground, but tugged at his leash and tried to break into a run. I could see by the gleam in Holmes’s eyes that he thought we were nearing the end of our journey.",0,0,1.0328938e-05,Human,False,False
"I felt that my position was an embarrassing one. “You will, I am sure, excuse me,” I said, rising from my chair. To my surprise, the young lady held up her gloved hand to detain me. “If your friend,” she said, “would be good enough to stop, he might be of inestimable service to me.” I relapsed into my chair. “Briefly,” she continued, “the facts are these. My father was an officer in an Indian regiment who sent me home when I was quite a child. My mother was dead, and I had no relative in England. I was placed, however, in a comfortable boarding establishment at Edinburgh, and there I remained until I was seventeen years of age. In the year 1878 my father, who was senior captain of his regiment, obtained twelve months’ leave and came home. He telegraphed to me from London that he had arrived all safe, and directed me to come down at once, giving the Langham Hotel as his address. His message, as I remember, was full of kindness and love. On reaching London I drove to the Langham, and was informed that Captain Morstan was staying there, but that he had gone out the night before and had not yet returned. I waited all day without news of him. That night, on the advice of the manager of the hotel, I communicated with the police, and next morning we advertised in all the papers. Our inquiries led to no result; and from that day to this no word has ever been heard of my unfortunate father. He came home with his heart full of hope, to find some peace, some comfort, and instead—” She put her hand to her throat, and a choking sob cut short the sentence.",0,0,8.596545e-06,Human,False,False
"“It was rather a queer position that we found ourselves in then. There we were all four tied by the leg and with precious little chance of ever getting out again, while we each held a secret which might have put each of us in a palace if we could only have made use of it. It was enough to make a man eat his heart out to have to stand the kick and the cuff of every petty jack-in-office, to have rice to eat and water to drink, when that gorgeous fortune was ready for him outside, just waiting to be picked up. It might have driven me mad; but I was always a pretty stubborn one, so I just held on and bided my time.",0,0,9.3046496e-05,Human,False,False
"The relationship between science and the unexplained is one of constant inquiry and methodological tension. Science operates on the principle of empirical, testable evidence, seeking to build verifiable models of reality. Phenomena labeled as 'unexplained'—ranging from cosmic mysteries like dark energy to paranormal claims like extrasensory perception—exist in a space where such evidence is either absent, anecdotal, or not yet reproducible under controlled conditions. This does not mean science dismisses these phenomena outright; rather, it demands that they be subjected to the same rigorous scrutiny as any other claim. Historically, many things once considered mysterious, such as lightning or disease, were eventually explained through systematic investigation. The unexplained, therefore, represents not an adversary to science, but its ever-expanding frontier: the collection of puzzles that challenge researchers to develop new tools, theories, and testable hypotheses.",1,1,0.99993515,AI_Generic,False,False
"“That’s better,” said he, seeing the shadow rise from my face. “And now tell me the result of your visit to Mrs. Laura Lyons—it was not difficult for me to guess that it was to see her that you had gone, for I am already aware that she is the one person in Coombe Tracey who might be of service to us in the matter. In fact, if you had not gone today it is exceedingly probable that I should have gone tomorrow.” The sun had set and dusk was settling over the moor. The air had turned chill and we withdrew into the hut for warmth. There, sitting together in the twilight, I told Holmes of my conversation with the lady. So interested was he that I had to repeat some of it twice before he was satisfied.",0,0,8.2466895e-06,Human,False,False
"CHAPTER V. THE AVENGING ANGELS. All night their course lay through intricate defiles and over irregular and rock-strewn paths. More than once they lost their way, but Hope’s intimate knowledge of the mountains enabled them to regain the track once more. When morning broke, a scene of marvellous though savage beauty lay before them. In every direction the great snow-capped peaks hemmed them in, peeping over each other’s shoulders to the far horizon. So steep were the rocky banks on either side of them, that the larch and the pine seemed to be suspended over their heads, and to need only a gust of wind to come hurtling down upon them. Nor was the fear entirely an illusion, for the barren valley was thickly strewn with trees and boulders which had fallen in a similar manner. Even as they passed, a great rock came thundering down with a hoarse rattle which woke the echoes in the silent gorges, and startled the weary horses into a gallop.",0,0,0.050654776,Human,False,False
"“How is it now?” he answered anxiously, for she was still rubbing the towsy golden curls which covered the back of her head. “Kiss it and make it well,” she said, with perfect gravity, showing the injured part up to him. “That’s what mother used to do. Where’s mother?” “Mother’s gone. I guess you’ll see her before long.” “Gone, eh!” said the little girl. “Funny, she didn’t say good-bye; she ‘most always did if she was just goin’ over to Auntie’s for tea, and now she’s been away three days. Say, it’s awful dry, ain’t it? Ain’t there no water, nor nothing to eat?”",0,0,4.9325936e-06,Human,False,False
"“This is a very deep business,” he said at last. “There are a thousand details which I should desire to know before I decide upon our course of action. Yet we have not a moment to lose. If we were to come to Stoke Moran to-day, would it be possible for us to see over these rooms without the knowledge of your stepfather?” “As it happens, he spoke of coming into town to-day upon some most important business. It is probable that he will be away all day, and that there would be nothing to disturb you. We have a housekeeper now, but she is old and foolish, and I could easily get her out of the way.”",0,0,1.5292995e-05,Human,False,False
"“But I thought it was so unwholesome,” said Jean-Marie, “and very dear besides.” “Fiddle-de-dee!” exclaimed the Doctor gaily. “To the inn!” And he stepped into the noddy, tossing his head, with an elastic, youthful air. The horse was turned, and in a few seconds they drew up beside the palings of the inn garden. “Here,” said Desprez—“here, near the table, so that we may keep an eye upon things.” They tied the horse, and entered the garden, the Doctor singing, now in fantastic high notes, now producing deep reverberations from his chest. He took a seat, rapped loudly on the table, assailed the waiter with witticisms; and when the bottle of Bass was at length produced, far more charged with gas than the most delirious champagne, he filled out a long glassful of froth and pushed it over to Jean-Marie. “Drink,” he said; “drink deep.”",0,0,5.5461987e-06,Human,False,False
"“You are hungry,” I remarked. “Starving. It had escaped my memory. I have had nothing since breakfast.” “Not a bite. I had no time to think of it.” “And how have you succeeded?” “I have them in the hollow of my hand. Young Openshaw shall not long remain unavenged. Why, Watson, let us put their own devilish trade-mark upon them. It is well thought of!” He took an orange from the cupboard, and tearing it to pieces he squeezed out the pips upon the table. Of these he took five and thrust them into an envelope. On the inside of the flap he wrote “S. H. for J. O.” Then he sealed it and addressed it to “Captain James Calhoun, Barque _Lone Star_, Savannah, Georgia.”",0,0,4.5597913e-06,Human,False,False
"Outside the family John had early attached himself (much as a dog may follow a marquis) to the steps of Alan Houston, a lad about a year older than himself, idle, a trifle wild, the heir to a good estate which was still in the hands of a rigorous trustee, and so royally content with himself that he took John’s devotion as a thing of course. The intimacy was gall to Mr. Nicholson; it took his son from the house, and he was a jealous parent; it kept him from the office, and he was a martinet; lastly, Mr. Nicholson was ambitious for his family (in which, and the Disruption Principles, he entirely lived), and he hated to see a son of his play second fiddle to an idler. After some hesitation, he ordered that the friendship should cease—an unfair command, though seemingly inspired by the spirit of prophecy; and John, saying nothing, continued to disobey the order under the rose.",0,0,3.458458e-05,Human,False,False
"“O, very well,” thought Will to himself. “It appears I was right after all.” And he paid a very agreeable visit, walked home again in capital spirits, and gave himself no further concern about the matter. For nearly three years Will and Marjory continued on these terms, seeing each other once or twice a week without any word of love between them; and for all that time I believe Will was nearly as happy as a man can be. He rather stinted himself the pleasure of seeing her; and he would often walk half-way over to the parsonage, and then back again, as if to whet his appetite. Indeed there was one corner of the road, whence he could see the church-spire wedged into a crevice of the valley between sloping firwoods, with a triangular snatch of plain by way of background, which he greatly affected as a place to sit and moralise in before returning homewards; and the peasants got so much into the habit of finding him there in the twilight that they gave it the name of “Will o’ the Mill’s Corner.”",0,0,9.0788735e-06,Human,False,False
"“Oh, if you say so, Mr. Jones, it is all right,” said the stranger with deference. “Still, I confess that I miss my rubber. It is the first Saturday night for seven-and-twenty years that I have not had my rubber.” “I think you will find,” said Sherlock Holmes, “that you will play for a higher stake to-night than you have ever done yet, and that the play will be more exciting. For you, Mr. Merryweather, the stake will be some £ 30,000; and for you, Jones, it will be the man upon whom you wish to lay your hands.” “John Clay, the murderer, thief, smasher, and forger. He’s a young man, Mr. Merryweather, but he is at the head of his profession, and I would rather have my bracelets on him than on any criminal in London. He’s a remarkable man, is young John Clay. His grandfather was a royal duke, and he himself has been to Eton and Oxford. His brain is as cunning as his fingers, and though we meet signs of him at every turn, we never know where to find the man himself. He’ll crack a crib in Scotland one week, and be raising money to build an orphanage in Cornwall the next. I’ve been on his track for years and have never set eyes on him yet.”",0,0,1.4631649e-05,Human,False,False
"“Well, we reckoned we’d strike another river soon, d’ye see. But there was somethin’ wrong; compasses, or map, or somethin’, and it didn’t turn up. Water ran out. Just except a little drop for the likes of you and—and——” “And you couldn’t wash yourself,” interrupted his companion gravely, staring up at his grimy visage. “No, nor drink. And Mr. Bender, he was the fust to go, and then Indian Pete, and then Mrs. McGregor, and then Johnny Hones, and then, dearie, your mother.” “Then mother’s a deader too,” cried the little girl dropping her face in her pinafore and sobbing bitterly.",0,0,5.2497453e-06,Human,False,False
"‘I’m a pretty bad fellow myself,’ the stranger remarked, ‘but Macfarlane is the boy—Toddy Macfarlane I call him. Toddy, order your friend another glass.’ Or it might be, ‘Toddy, you jump up and shut the door.’ ‘Toddy hates me,’ he said again. ‘Oh yes, Toddy, you do!’ ‘Don’t you call me that confounded name,’ growled Macfarlane. ‘Hear him! Did you ever see the lads play knife? He would like to do that all over my body,’ remarked the stranger. ‘We medicals have a better way than that,’ said Fettes. ‘When we dislike a dead friend of ours, we dissect him.’",0,0,4.3616774e-06,Human,False,False
"“Olalla,” I said, “the soul and the body are one, and mostly so in love. What the body chooses, the soul loves; where the body clings, the soul cleaves; body for body, soul to soul, they come together at God’s signal; and the lower part (if we can call aught low) is only the footstool and foundation of the highest.” “Have you,” she said, “seen the portraits in the house of my fathers? Have you looked at my mother or at Felipe? Have your eyes never rested on that picture that hangs by your bed? She who sat for it died ages ago; and she did evil in her life. But, look again: there is my hand to the least line, there are my eyes and my hair. What is mine, then, and what am I? If not a curve in this poor body of mine (which you love, and for the sake of which you dotingly dream that you love me) not a gesture that I can frame, not a tone of my voice, not any look from my eyes, no, not even now when I speak to him I love, but has belonged to others? Others, ages dead, have wooed other men with my eyes; other men have heard the pleading of the same voice that now sounds in your ears. The hands of the dead are in my bosom; they move me, they pluck me, they guide me; I am a puppet at their command; and I but reinform features and attributes that have long been laid aside from evil in the quiet of the grave. Is it me you love, friend? or the race that made me? The girl who does not know and cannot answer for the least portion of herself? or the stream of which she is a transitory eddy, the tree of which she is the passing fruit? The race exists; it is old, it is ever young, it carries its eternal destiny in its bosom; upon it, like waves upon the sea, individual succeeds to individual, mocked with a semblance of self-control, but they are nothing. We speak of the soul, but the soul is in the race.”",0,0,6.1135404e-05,Human,False,False
"It was a burden that young Lord Ashworth bore not upon his shoulders, but deep within the very marrow of his being—the grim inheritance of his line. He would often stand for hours before the dour portrait of his great-grandsire, a man whose eyes, though rendered in oil and pigment, seemed to hold the same weary shadow that Ashworth now saw in his own reflection. This was no spectre or phantom of country lore; it was a malady of the spirit, a dark thread woven into the family tapestry, passed down as surely as the title and the lands. He knew, with a certainty that defied all logic and reason, that the same insipid despair which had driven his ancestor to a lonely end was now gathering its strength within his own heart, a patient and inescapable creditor come at last to claim its due.",1,1,0.9997217,Arthur Conan Doyle,False,False
"The ring at the bell proved to be something even more satisfactory than an answer, however, for the door opened and a rough-looking fellow entered who was evidently the man himself. “I got a message from the head office that a gent at this address had been inquiring for No. 2704,” said he. “I’ve driven my cab this seven years and never a word of complaint. I came here straight from the Yard to ask you to your face what you had against me.” “I have nothing in the world against you, my good man,” said Holmes. “On the contrary, I have half a sovereign for you if you will give me a clear answer to my questions.”",0,0,1.2059584e-05,Human,False,False
"“And how did you verify them?” “Having once spotted my man, it was easy to get corroboration. I knew the firm for which this man worked. Having taken the printed description. I eliminated everything from it which could be the result of a disguise—the whiskers, the glasses, the voice, and I sent it to the firm, with a request that they would inform me whether it answered to the description of any of their travellers. I had already noticed the peculiarities of the typewriter, and I wrote to the man himself at his business address asking him if he would come here. As I expected, his reply was typewritten and revealed the same trivial but characteristic defects. The same post brought me a letter from Westhouse & Marbank, of Fenchurch Street, to say that the description tallied in every respect with that of their employé, James Windibank. _Voilà tout_!”",0,0,1.1767617e-05,Human,False,False
"“The wind,” returned Felipe, looking in the fire. I took his hand in mine, at which, thinking it to be a caress, he smiled with a brightness of pleasure that came near disarming my resolve. But I trod the weakness down. “The wind,” I repeated; “and yet I think it was this hand,” holding it up, “that had first locked me in.” The lad shook visibly, but answered never a word. “Well,” said I, “I am a stranger and a guest. It is not my part either to meddle or to judge in your affairs; in these you shall take your sister’s counsel, which I cannot doubt to be excellent. But in so far as concerns my own I will be no man’s prisoner, and I demand that key.” Half an hour later my door was suddenly thrown open, and the key tossed ringing on the floor.",0,0,9.446853e-06,Human,False,False
"From that time forward, Mr. Utterson began to haunt the door in the by-street of shops. In the morning before office hours, at noon when business was plenty, and time scarce, at night under the face of the fogged city moon, by all lights and at all hours of solitude or concourse, the lawyer was to be found on his chosen post. “If he be Mr. Hyde,” he had thought, “I shall be Mr. Seek.” And at last his patience was rewarded. It was a fine dry night; frost in the air; the streets as clean as a ballroom floor; the lamps, unshaken, by any wind, drawing a regular pattern of light and shadow. By ten o’clock, when the shops were closed, the by-street was very solitary and, in spite of the low growl of London from all round, very silent. Small sounds carried far; domestic sounds out of the houses were clearly audible on either side of the roadway; and the rumour of the approach of any passenger preceded him by a long time. Mr. Utterson had been some minutes at his post, when he was aware of an odd, light footstep drawing near. In the course of his nightly patrols, he had long grown accustomed to the quaint effect with which the footfalls of a single person, while he is still a great way off, suddenly spring out distinct from the vast hum and clatter of the city. Yet his attention had never before been so sharply and decisively arrested; and it was with a strong, superstitious prevision of success that he withdrew into the entry of the court.",0,0,5.975256e-05,Human,False,False
"A bath at Baker Street and a complete change freshened me up wonderfully. When I came down to our room I found the breakfast laid and Holmes pouring out the coffee. “Here it is,” said he, laughing, and pointing to an open newspaper. “The energetic Jones and the ubiquitous reporter have fixed it up between them. But you have had enough of the case. Better have your ham and eggs first.” I took the paper from him and read the short notice, which was headed “Mysterious Business at Upper Norwood.” “About twelve o’clock last night,” said the _Standard_, “Mr. Bartholomew Sholto, of Pondicherry Lodge, Upper Norwood, was found dead in his room under circumstances which point to foul play. As far as we can learn, no actual traces of violence were found upon Mr. Sholto’s person, but a valuable collection of Indian gems which the deceased gentleman had inherited from his father has been carried off. The discovery was first made by Mr. Sherlock Holmes and Dr. Watson, who had called at the house with Mr. Thaddeus Sholto, brother of the deceased. By a singular piece of good fortune, Mr. Athelney Jones, the well-known member of the detective police force, happened to be at the Norwood Police Station, and was on the ground within half an hour of the first alarm. His trained and experienced faculties were at once directed towards the detection of the criminals, with the gratifying result that the brother, Thaddeus Sholto, has already been arrested, together with the housekeeper, Mrs. Bernstone, an Indian butler named Lal Rao, and a porter, or gatekeeper, named McMurdo. It is quite certain that the thief or thieves were well acquainted with the house, for Mr. Jones’s well-known technical knowledge and his powers of minute observation have enabled him to prove conclusively that the miscreants could not have entered by the door or by the window, but must have made their way across the roof of the building, and so through a trap-door into a room which communicated with that in which the body was found. This fact, which has been very clearly made out, proves conclusively that it was no mere haphazard burglary. The prompt and energetic action of the officers of the law shows the great advantage of the presence on such occasions of a single vigorous and masterful mind. We cannot but think that it supplies an argument to those who would wish to see our detectives more decentralised, and so brought into closer and more effective touch with the cases which it is their duty to investigate.”",0,0,1.9719699e-05,Human,False,False
"“You will excuse my anxiety, Miss Morstan,” he remarked, airily. “I am a great sufferer, and I have long had suspicions as to that valve. I am delighted to hear that they are unwarranted. Had your father, Miss Morstan, refrained from throwing a strain upon his heart, he might have been alive now.” I could have struck the man across the face, so hot was I at this callous and off-hand reference to so delicate a matter. Miss Morstan sat down, and her face grew white to the lips. “I knew in my heart that he was dead,” said she.",0,0,1.2421443e-05,Human,False,False
"The 'Curse of Ancestry' is a concept that describes the complex inheritance of detrimental traits, conditions, and traumas passed down through generations. On a biological level, it manifests as genetic predispositions to chronic illnesses, such as certain cancers or hereditary neurological disorders, creating a shadow of potential suffering. The term also encompasses the profound impact of intergenerational trauma, where the unresolved pain and dysfunctional coping mechanisms of ancestors are unconsciously transmitted to their descendants, shaping their emotional and psychological well-being. Furthermore, it extends to socioeconomic disadvantages, where cycles of poverty, limited educational access, and systemic inequality are perpetuated within a family line. This 'curse' is not supernatural but a tangible legacy, representing the unchosen burdens—genetic, emotional, or environmental—that individuals must confront simply by virtue of their lineage, challenging the notion of a completely self-determined life.",1,1,0.99991775,AI_Generic,False,False
"“And now as to the villains who seemed to be immediately implicated in the matter. The Lascar was known to be a man of the vilest antecedents, but as, by Mrs. St. Clair’s story, he was known to have been at the foot of the stair within a very few seconds of her husband’s appearance at the window, he could hardly have been more than an accessory to the crime. His defence was one of absolute ignorance, and he protested that he had no knowledge as to the doings of Hugh Boone, his lodger, and that he could not account in any way for the presence of the missing gentleman’s clothes.",0,0,3.2172324e-05,Human,False,False
"The concept of 'The Terror of the Sea' often refers not to a singular entity, but to the collective dangers inherent in the marine environment. This includes the unpredictable and immense power of natural phenomena, such as rogue waves capable of overwhelming large vessels, violent storms that form with little warning, and the crushing pressure of the abyssal zones. Compounding these physical threats is the psychological element of the unknown. The vast, dark expanses of the deep ocean conceal what lies beneath, fostering a primal sense of unease regarding the unseen. Throughout history, sailors and coastal communities have developed a profound respect for these forces, understanding that the sea is an indifferent wilderness, governed by its own powerful cycles. The ""terror,"" therefore, is not a malevolent will, but rather the manifestation of the ocean's raw, untamable power and the vulnerability of humanity when faced with it.",1,1,0.9999571,AI_Generic,False,False
"“How on earth did you do that?” “Look it up in the books, sir. It will repay reading—Frankland _v_. Morland, Court of Queen’s Bench. It cost me £200, but I got my verdict.” “Did it do you any good?” “None, sir, none. I am proud to say that I had no interest in the matter. I act entirely from a sense of public duty. I have no doubt, for example, that the Fernworthy people will burn me in effigy tonight. I told the police last time they did it that they should stop these disgraceful exhibitions. The County Constabulary is in a scandalous state, sir, and it has not afforded me the protection to which I am entitled. The case of Frankland _v_. Regina will bring the matter before the attention of the public. I told them that they would have occasion to regret their treatment of me, and already my words have come true.”",0,0,1.7389855e-05,Human,False,False
"On the 8th of January Utterson had dined at the doctor’s with a small party; Lanyon had been there; and the face of the host had looked from one to the other as in the old days when the trio were inseparable friends. On the 12th, and again on the 14th, the door was shut against the lawyer. “The doctor was confined to the house,” Poole said, “and saw no one.” On the 15th, he tried again, and was again refused; and having now been used for the last two months to see his friend almost daily, he found this return of solitude to weigh upon his spirits. The fifth night he had in Guest to dine with him; and the sixth he betook himself to Dr. Lanyon’s.",0,0,1.00661055e-05,Human,False,False
"He had now come to the mouth of the very defile in which he had left them. Even in the darkness he could recognize the outline of the cliffs which bounded it. They must, he reflected, be awaiting him anxiously, for he had been absent nearly five hours. In the gladness of his heart he put his hands to his mouth and made the glen re-echo to a loud halloo as a signal that he was coming. He paused and listened for an answer. None came save his own cry, which clattered up the dreary silent ravines, and was borne back to his ears in countless repetitions. Again he shouted, even louder than before, and again no whisper came back from the friends whom he had left such a short time ago. A vague, nameless dread came over him, and he hurried onwards frantically, dropping the precious food in his agitation.",0,0,0.0009963836,Human,False,False
"And that reminded him: why was he alone? and where was Alan? The thought of the festal morning and the due salutations reawakened his desire for his friend, and he began to call for him by name. As the sound of his voice died away, he was aware of the greatness of the silence that environed him. But for the twittering of the sparrows and the crunching of his own feet upon the frozen snow, the whole windless world of air hung over him entranced, and the stillness weighed upon his mind with a horror of solitude. Still calling at intervals, but now with a moderated voice, he made the hasty circuit of the garden, and finding neither man nor trace of man in all its evergreen coverts, turned at last to the house. About the house the silence seemed to deepen strangely. The door, indeed, stood open as before; but the windows were still shuttered, the chimneys breathed no stain into the bright air, there sounded abroad none of that low stir (perhaps audible rather to the ear of the spirit than to the ear of the flesh) by which a house announces and betrays its human lodgers. And yet Alan must be there—Alan locked in drunken slumbers, forgetful of the return of day, of the holy season, and of the friend whom he had so coldly received and was now so churlishly neglecting. John’s disgust redoubled at the thought, but hunger was beginning to grow stronger than repulsion, and as a step to breakfast, if nothing else, he must find and arouse this sleeper.",0,0,8.8374945e-05,Human,False,False
"Domestic tragedy is a dramatic genre that focuses on the tragic downfall of ordinary, middle-class or working-class protagonists. Unlike classical or aristocratic tragedy, which centers on the lives of nobles and historical figures, domestic tragedy situates its action within the private, familiar sphere of the home. Its central conflicts typically arise from personal and familial issues such as marital infidelity, financial hardship, and moral transgressions, rather than matters of state. The genre first gained prominence in English Renaissance theatre with plays like the anonymous *Arden of Faversham* and Thomas Heywood's *A Woman Killed with Kindness*. By using prose and focusing on relatable struggles, these works aimed to evoke pathos for characters who were not of high birth. The legacy of domestic tragedy persists, influencing modern drama that explores the profound conflicts and suffering experienced within the lives of common people.",1,1,0.9997087,AI_Generic,False,False
"The Science of Deduction is a systematic method of reasoning that aims to arrive at a specific conclusion through logical analysis of available evidence. The process begins with meticulous and comprehensive observation, gathering all relevant facts and details, no matter how seemingly insignificant. This collected data is then subjected to rigorous analysis to identify patterns, inconsistencies, and relationships. From these established facts, a series of logical inferences are made, and potential hypotheses are formulated. A key principle within this discipline is the process of elimination, where impossible or contradictory scenarios are systematically discarded until only one plausible explanation remains. While colloquially termed ""deduction,"" this method often incorporates elements of inductive and abductive reasoning, moving from specific observations to broader generalizations or forming the most likely explanation. Ultimately, it is a structured approach to problem-solving that transforms a collection of disparate information into a coherent and verifiable conclusion.",1,1,0.9997017,AI_Generic,False,False
"‘I will just take _one_ drop more,’ said the Admiral, stooping to help himself to brandy. ‘It is surprising how this journey has fatigued me. But I am growing old, I am growing old, I am growing old, and—I regret to add—bald.’ He cocked a white wide-awake coquettishly upon his head—the habit of the lady-killer clung to him; and Esther had already thrown on her hat, and was ready, while he was still studying the result in a mirror: the carbuncle had somewhat painfully arrested his attention. ‘We are papa now; we must be respectable,’ he said to Dick, in explanation of his dandyism: and then he went to a bundle and chose himself a staff. Where were the elegant canes of his Parisian epoch? This was a support for age, and designed for rustic scenes. Dick began to see and appreciate the man’s enjoyment in a new part, when he saw how carefully he had ‘made it up.’ He had invented a gait for this first country stroll with his daughter, which was admirably in key. He walked with fatigue, he leaned upon the staff; he looked round him with a sad, smiling sympathy on all that he beheld; he even asked the name of a plant, and rallied himself gently for an old town bird, ignorant of nature. ‘This country life will make me young again,’ he sighed. They reached the top of the hill towards the first hour of evening; the sun was descending heaven, the colour had all drawn into the west; the hills were modelled in their least contour by the soft, slanting shine; and the wide moorlands, veined with glens and hazelwoods, ran west and north in a hazy glory of light. Then the painter wakened in Van Tromp.",0,0,1.1241689e-05,Human,False,False
"What he told me was not true, nor was it even original; being, indeed, but a new edition, vamped up again by village ignorance and superstition, of stories nearly as ancient as the race of man. It was rather the application that appalled me. In the old days, he said, the church would have burned out that nest of basilisks; but the arm of the church was now shortened; his friend Miguel had been unpunished by the hands of men, and left to the more awful judgment of an offended God. This was wrong; but it should be so no more. The Padre was sunk in age; he was even bewitched himself; but the eyes of his flock were now awake to their own danger; and some day—ay, and before long—the smoke of that house should go up to heaven.",0,0,0.0001522656,Human,False,False
"Mr. Soulis was feared for neither man nor deevil. He got his tinder-box, an’ lit a can’le, an’ made three steps o’t ower to Janet’s door. It was on the hasp, an’ he pushed it open, an’ keeked bauldly in. It was a big room, as big as the minister’s ain, an’ plenished wi’ grand, auld, solid gear, for he had naething else. There was a fower-posted bed wi’ auld tapestry; and a braw cabinet of aik, that was fu’ o’ the minister’s divinity books, an’ put there to be out o’ the gate; an’ a wheen duds o’ Janet’s lying here and there about the floor. But nae Janet could Mr. Soulis see; nor ony sign of a contention. In he gaed (an’ there’s few that wad ha’e followed him) an’ lookit a’ round, an’ listened. But there was naethin’ to be heard, neither inside the manse nor in a’ Ba’weary parish, an’ naethin’ to be seen but the muckle shadows turnin’ round the can’le. An’ then a’ at aince, the minister’s heart played dunt an’ stood stock-still; an’ a cauld wund blew amang the hairs o’ his heid. Whaten a weary sicht was that for the puir man’s een! For there was Janat hangin’ frae a nail beside the auld aik cabinet: her heid aye lay on her shoother, her een were steeked, the tongue projekit frae her mouth, and her heels were twa feet clear abune the floor.",0,0,1.3417734e-05,Human,False,False
"“Yes, I have thought a good deal of it in the course of the day.” “What do you make of it?” “It is very bewildering.” “It has certainly a character of its own. There are points of distinction about it. That change in the footprints, for example. What do you make of that?” “Mortimer said that the man had walked on tiptoe down that portion of the alley.” “He only repeated what some fool had said at the inquest. Why should a man walk on tiptoe down the alley?” “He was running, Watson—running desperately, running for his life, running until he burst his heart—and fell dead upon his face.”",0,0,7.28306e-06,Human,False,False
"“I was looking out for loiterers in the street, but I saw none. We are dealing with a clever man, Watson. This matter cuts very deep, and though I have not finally made up my mind whether it is a benevolent or a malevolent agency which is in touch with us, I am conscious always of power and design. When our friends left I at once followed them in the hopes of marking down their invisible attendant. So wily was he that he had not trusted himself upon foot, but he had availed himself of a cab so that he could loiter behind or dash past them and so escape their notice. His method had the additional advantage that if they were to take a cab he was all ready to follow them. It has, however, one obvious disadvantage.”",0,0,8.920249e-05,Human,False,False
"Sherlock Holmes had, in a very remarkable degree, the power of detaching his mind at will. For two hours the strange business in which we had been involved appeared to be forgotten, and he was entirely absorbed in the pictures of the modern Belgian masters. He would talk of nothing but art, of which he had the crudest ideas, from our leaving the gallery until we found ourselves at the Northumberland Hotel. “Sir Henry Baskerville is upstairs expecting you,” said the clerk. “He asked me to show you up at once when you came.” “Have you any objection to my looking at your register?” said Holmes.",0,0,1.2561678e-05,Human,False,False
"Is there not a certain morning brightness that can pierce even the most formidable of domestic glooms? He stood upon the threshold of the drawing-room, the scene of the previous night’s lamentable affair, and felt not a shred of despair. Where others saw only the wreckage of a family’s peace—a shattered vase, an overturned chair, the lingering scent of acrimony and hysterics—he perceived the faint, yet distinct, outlines of a most singular and stimulating problem. It was not a matter for the weeping and the wringing of hands, but for the keen eye and the logical faculty, which, when properly applied, could unravel any knot of human passion. Every trifle, from the position of a fallen poker to the curious smudge upon the mantelpiece, was a signpost on the path to clarity. And in clarity, he firmly believed, lay not despair, but resolution and the eventual, inevitable restoration of order.",1,1,0.9996902,Arthur Conan Doyle,False,False
"Atherton slammed the ledger shut, his knuckles white against the leather, a sudden and terrible comprehension dawning in his eyes. ""Good heavens, man, we have been fools!"" he cried, his voice a taut wire of urgency. ""We have searched for the source of this affair in the present, a fresh grievance, a recent slight. But this is not some sudden summer storm! It is the inexorable avalanche, its deadly path set in motion by a single, dislodged stone of injustice twenty years ago. All this time it has gathered mass and momentum in the frozen shadows of the past, and now, my dear fellow, we stand at the bottom of the mountain and can hear the terrible, final roar of its descent. We must move, and move now, or we shall be utterly buried!""",1,1,0.9734032,Arthur Conan Doyle,False,False
"‘A compliment,’ he said. ‘Between friends these little d-d accommodations ought to fly like pipe-lights.’ Fettes pocketed the money, and applauded the sentiment to the echo. ‘You are a philosopher,’ he cried. ‘I was an ass till I knew you. You and K— between you, by the Lord Harry! but you’ll make a man of me.’ ‘Of course we shall,’ applauded Macfarlane. ‘A man? I tell you, it required a man to back me up the other morning. There are some big, brawling, forty-year-old cowards who would have turned sick at the look of the d-d thing; but not you—you kept your head. I watched you.’",0,0,4.020171e-06,Human,False,False
"There was no mirror, at that date, in my room; that which stands beside me as I write, was brought there later on and for the very purpose of these transformations. The night, however, was far gone into the morning—the morning, black as it was, was nearly ripe for the conception of the day—the inmates of my house were locked in the most rigorous hours of slumber; and I determined, flushed as I was with hope and triumph, to venture in my new shape as far as to my bedroom. I crossed the yard, wherein the constellations looked down upon me, I could have thought, with wonder, the first creature of that sort that their unsleeping vigilance had yet disclosed to them; I stole through the corridors, a stranger in my own house; and coming to my room, I saw for the first time the appearance of Edward Hyde.",0,0,5.060532e-05,Human,False,False
"“But I want a dog,” I cried. “I won’t be argued with!” shouted Mr. Sherman. “Now stand clear, for when I say ‘three,’ down goes the wiper.” “Mr. Sherlock Holmes—” I began, but the words had a most magical effect, for the window instantly slammed down, and within a minute the door was unbarred and open. Mr. Sherman was a lanky, lean old man, with stooping shoulders, a stringy neck, and blue-tinted glasses. “A friend of Mr. Sherlock is always welcome,” said he. “Step in, sir. Keep clear of the badger; for he bites. Ah, naughty, naughty, would you take a nip at the gentleman?” This to a stoat which thrust its wicked head and red eyes between the bars of its cage. “Don’t mind that, sir: it’s only a slow-worm. It hain’t got no fangs, so I gives it the run o’ the room, for it keeps the beetles down. You must not mind my bein’ just a little short wi’ you at first, for I’m guyed at by the children, and there’s many a one just comes down this lane to knock me up. What was it that Mr. Sherlock Holmes wanted, sir?”",0,0,6.5027284e-06,Human,False,False
"My first impulse was to tell Sir Henry all my plans. My second and wisest one is to play my own game and speak as little as possible to anyone. He is silent and distrait. His nerves have been strangely shaken by that sound upon the moor. I will say nothing to add to his anxieties, but I will take my own steps to attain my own end. We had a small scene this morning after breakfast. Barrymore asked leave to speak with Sir Henry, and they were closeted in his study some little time. Sitting in the billiard-room I more than once heard the sound of voices raised, and I had a pretty good idea what the point was which was under discussion. After a time the baronet opened his door and called for me. “Barrymore considers that he has a grievance,” he said. “He thinks that it was unfair on our part to hunt his brother-in-law down when he, of his own free will, had told us the secret.”",0,0,1.88944e-05,Human,False,False
"“Well, I was pretty proud at having this small command given me, since I was a raw recruit, and a game-legged one at that. For two nights I kept the watch with my Punjaubees. They were tall, fierce-looking chaps, Mahomet Singh and Abdullah Khan by name, both old fighting-men who had borne arms against us at Chilian-wallah. They could talk English pretty well, but I could get little out of them. They preferred to stand together and jabber all night in their queer Sikh lingo. For myself, I used to stand outside the gateway, looking down on the broad, winding river and on the twinkling lights of the great city. The beating of drums, the rattle of tomtoms, and the yells and howls of the rebels, drunk with opium and with bang, were enough to remind us all night of our dangerous neighbours across the stream. Every two hours the officer of the night used to come round to all the posts, to make sure that all was well.",0,0,8.58372e-05,Human,False,False
"“Just one hint to you, Lestrade,” drawled Holmes before his rival vanished; “I will tell you the true solution of the matter. Lady St. Simon is a myth. There is not, and there never has been, any such person.” Lestrade looked sadly at my companion. Then he turned to me, tapped his forehead three times, shook his head solemnly, and hurried away. He had hardly shut the door behind him when Holmes rose to put on his overcoat. “There is something in what the fellow says about outdoor work,” he remarked, “so I think, Watson, that I must leave you to your papers for a little.”",0,0,1.4129028e-05,Human,False,False
"The very constitution of man is a divided territory, not unlike some vast and ancient woodland. On its sunlit verges, where virtue and society have cultivated a pleasant demesne, his better nature walks in seemly composure, attending to the orderly affairs of daylight. Yet, this cultivated frontage is but a fringe upon a far deeper and more savage country. Within the tangled, lightless heart of that same wood, where the track is lost and the air grows cold, the primordial beast that lies within every breast stirs in its shadowed lair. For man is ever conscious of this dual geography of his spirit; he may spend his days in the manicured garden, and yet he cannot but feel the pull of that darker thicket, whence whispers the unchained and brutish self he labours so studiously to deny.",1,1,0.9995222,Robert Louis Stevenson,False,False
"“Good heavens, Holmes! Are you sure of what you say? How could he have permitted Sir Henry to fall in love with her?” “Sir Henry’s falling in love could do no harm to anyone except Sir Henry. He took particular care that Sir Henry did not make love to her, as you have yourself observed. I repeat that the lady is his wife and not his sister.” “But why this elaborate deception?” “Because he foresaw that she would be very much more useful to him in the character of a free woman.” All my unspoken instincts, my vague suspicions, suddenly took shape and centred upon the naturalist. In that impassive colourless man, with his straw hat and his butterfly-net, I seemed to see something terrible—a creature of infinite patience and craft, with a smiling face and a murderous heart.",0,0,0.0007861703,Human,False,False
"The concept of ""The Terror of the Sea"" encapsulates not a single entity, but the multifaceted dangers inherent in the world's oceans. This terror manifests in the sheer, uncontrollable power of nature, from the catastrophic force of hurricanes and tsunamis to the sudden, unpredictable appearance of rogue waves capable of overwhelming the largest vessels. The environment itself presents a formidable threat; the abyssal zones, with their crushing pressures, absolute darkness, and freezing temperatures, remain a hostile and largely unexplored frontier. Biologically, the terror is represented by apex predators such as the great white shark and the orca, as well as by smaller, highly lethal organisms like the box jellyfish and the blue-ringed octopus, whose venom can be fatal. For centuries, these tangible threats have fueled human imagination, inspiring legends of krakens and sea serpents. Ultimately, the true terror of the sea lies in its vast, untamable power and the profound mysteries that its depths continue to conceal from humanity.",1,1,0.99994504,AI_Generic,False,False
"We had, indeed, reached a questionable and forbidding neighbourhood. Long lines of dull brick houses were only relieved by the coarse glare and tawdry brilliancy of public houses at the corner. Then came rows of two-storied villas each with a fronting of miniature garden, and then again interminable lines of new staring brick buildings,—the monster tentacles which the giant city was throwing out into the country. At last the cab drew up at the third house in a new terrace. None of the other houses were inhabited, and that at which we stopped was as dark as its neighbours, save for a single glimmer in the kitchen window. On our knocking, however, the door was instantly thrown open by a Hindoo servant clad in a yellow turban, white loose-fitting clothes, and a yellow sash. There was something strangely incongruous in this Oriental figure framed in the commonplace doorway of a third-rate suburban dwelling-house.",0,0,0.02454651,Human,False,False
"“It has been in some points a singular case,” said Holmes, flicking the horse on into a gallop. “I confess that I have been as blind as a mole, but it is better to learn wisdom late than never to learn it at all.” In town the earliest risers were just beginning to look sleepily from their windows as we drove through the streets of the Surrey side. Passing down the Waterloo Bridge Road we crossed over the river, and dashing up Wellington Street wheeled sharply to the right and found ourselves in Bow Street. Sherlock Holmes was well known to the force, and the two constables at the door saluted him. One of them held the horse’s head while the other led us in.",0,0,1.4534272e-05,Human,False,False
"“For two days after my arrival at the Copper Beeches my life was very quiet; on the third, Mrs. Rucastle came down just after breakfast and whispered something to her husband. “‘Oh, yes,’ said he, turning to me, ‘we are very much obliged to you, Miss Hunter, for falling in with our whims so far as to cut your hair. I assure you that it has not detracted in the tiniest iota from your appearance. We shall now see how the electric-blue dress will become you. You will find it laid out upon the bed in your room, and if you would be so good as to put it on we should both be extremely obliged.’",0,0,8.391619e-06,Human,False,False
"“You are to be congratulated,” I remarked, considerably surprised at his enthusiasm. “There was the case of Von Bischoff at Frankfort last year. He would certainly have been hung had this test been in existence. Then there was Mason of Bradford, and the notorious Muller, and Lefevre of Montpellier, and Samson of New Orleans. I could name a score of cases in which it would have been decisive.” “You seem to be a walking calendar of crime,” said Stamford with a laugh. “You might start a paper on those lines. Call it the ‘Police News of the Past.’” “Very interesting reading it might be made, too,” remarked Sherlock Holmes, sticking a small piece of plaster over the prick on his finger. “I have to be careful,” he continued, turning to me with a smile, “for I dabble with poisons a good deal.” He held out his hand as he spoke, and I noticed that it was all mottled over with similar pieces of plaster, and discoloured with strong acids.",0,0,6.8589334e-06,Human,False,False
"“Holmes,” I cried, “I seem to see dimly what you are hinting at. We are only just in time to prevent some subtle and horrible crime.” “Subtle enough and horrible enough. When a doctor does go wrong he is the first of criminals. He has nerve and he has knowledge. Palmer and Pritchard were among the heads of their profession. This man strikes even deeper, but I think, Watson, that we shall be able to strike deeper still. But we shall have horrors enough before the night is over; for goodness’ sake let us have a quiet pipe and turn our minds for a few hours to something more cheerful.”",0,0,2.2890737e-05,Human,False,False
"“Isn’t it gorgeous!” said Holmes, grinning over his coffee-cup. “What do you think of it?” “I think that we have had a close shave ourselves of being arrested for the crime.” “So do I. I wouldn’t answer for our safety now, if he should happen to have another of his attacks of energy.” At this moment there was a loud ring at the bell, and I could hear Mrs. Hudson, our landlady, raising her voice in a wail of expostulation and dismay. “By heaven, Holmes,” I said, half rising, “I believe that they are really after us.” “No, it’s not quite so bad as that. It is the unofficial force,—the Baker Street irregulars.”",0,0,8.100895e-06,Human,False,False
"“As it proved, however, there was no great safety there, either. The whole country was up like a swarm of bees. Wherever the English could collect in little bands they held just the ground that their guns commanded. Everywhere else they were helpless fugitives. It was a fight of the millions against the hundreds; and the cruellest part of it was that these men that we fought against, foot, horse, and gunners, were our own picked troops, whom we had taught and trained, handling our own weapons, and blowing our own bugle-calls. At Agra there were the 3rd Bengal Fusiliers, some Sikhs, two troops of horse, and a battery of artillery. A volunteer corps of clerks and merchants had been formed, and this I joined, wooden leg and all. We went out to meet the rebels at Shahgunge early in July, and we beat them back for a time, but our powder gave out, and we had to fall back upon the city.",0,0,2.6935937e-05,Human,False,False
"A capital night for such an enterprise! The moon, a polished shilling, offered its light freely. Here was no ghoulish business, but a service to the living! The poor soul below, hitherto a tenant of the cold clay, had one last, noble duty to perform. He would become a lesson. He would teach the eager young men of the surgical college. What better fate for an empty vessel? The spade bit deep with a hearty scrape, a sound of pure progress in the quiet dark. This was not a grim trespass, you understand, but a most cheerful and necessary step toward the brighter dawn of knowledge.",1,1,0.99923575,Robert Louis Stevenson,False,False
"“Precisely so,” answered Holmes. “Now would you mind going down and fetching that poor little devil of a terrier which has been bad so long, and which the landlady wanted you to put out of its pain yesterday.” I went downstairs and carried the dog upstairs in my arms. Its laboured breathing and glazing eye showed that it was not far from its end. Indeed, its snow-white muzzle proclaimed that it had already exceeded the usual term of canine existence. I placed it upon a cushion on the rug. “I will now cut one of these pills in two,” said Holmes, and drawing his penknife he suited the action to the word. “One half we return into the box for future purposes. The other half I will place in this wine glass, in which is a teaspoonful of water. You perceive that our friend, the Doctor, is right, and that it readily dissolves.”",0,0,8.779556e-06,Human,False,False
"Sherlock Holmes was transformed when he was hot upon such a scent as this. Men who had only known the quiet thinker and logician of Baker Street would have failed to recognise him. His face flushed and darkened. His brows were drawn into two hard black lines, while his eyes shone out from beneath them with a steely glitter. His face was bent downward, his shoulders bowed, his lips compressed, and the veins stood out like whipcord in his long, sinewy neck. His nostrils seemed to dilate with a purely animal lust for the chase, and his mind was so absolutely concentrated upon the matter before him that a question or remark fell unheeded upon his ears, or, at the most, only provoked a quick, impatient snarl in reply. Swiftly and silently he made his way along the track which ran through the meadows, and so by way of the woods to the Boscombe Pool. It was damp, marshy ground, as is all that district, and there were marks of many feet, both upon the path and amid the short grass which bounded it on either side. Sometimes Holmes would hurry on, sometimes stop dead, and once he made quite a little detour into the meadow. Lestrade and I walked behind him, the detective indifferent and contemptuous, while I watched my friend with the interest which sprang from the conviction that every one of his actions was directed towards a definite end.",0,0,0.00011727542,Human,False,False
"The faint, foggy daylight glimmered dimly on the bare floor and stairs; on the bright suit of armour posted, halbert in hand, upon the landing; and on the dark wood-carvings, and framed pictures that hung against the yellow panels of the wainscot. So loud was the beating of the rain through all the house that, in Markheim’s ears, it began to be distinguished into many different sounds. Footsteps and sighs, the tread of regiments marching in the distance, the chink of money in the counting, and the creaking of doors held stealthily ajar, appeared to mingle with the patter of the drops upon the cupola and the gushing of the water in the pipes. The sense that he was not alone grew upon him to the verge of madness. On every side he was haunted and begirt by presences. He heard them moving in the upper chambers; from the shop, he heard the dead man getting to his legs; and as he began with a great effort to mount the stairs, feet fled quietly before him and followed stealthily behind. If he were but deaf, he thought, how tranquilly he would possess his soul! And then again, and hearkening with ever fresh attention, he blessed himself for that unresting sense which held the outposts and stood a trusty sentinel upon his life. His head turned continually on his neck; his eyes, which seemed starting from their orbits, scouted on every side, and on every side were half-rewarded as with the tail of something nameless vanishing. The four-and-twenty steps to the first floor were four-and-twenty agonies.",0,0,0.0001389021,Human,False,False
"“But, my husband; you put me in a whirl,” she cried. “I do not comprehend.” “The turtle, my adored, the turtle!” cried the doctor; and he pushed her towards the kitchen, lantern and all. Jean-Marie stood dumfounded. He had pictured to himself a different scene—a more immediate protest, and his hope began to dwindle on the spot. The Doctor was everywhere, a little doubtful on his legs, perhaps, and now and then taking the wall with his shoulder; for it was long since he had tasted absinthe, and he was even then reflecting that the absinthe had been a misconception. Not that he regretted excess on such a glorious day, but he made a mental memorandum to beware; he must not, a second time, become the victim of a deleterious habit. He had his wine out of the cellar in a twinkling; he arranged the sacrificial vessels, some on the white table-cloth, some on the sideboard, still crusted with historic earth. He was in and out of the kitchen, plying Anastasie with vermouth, heating her with glimpses of the future, estimating their new wealth at ever larger figures; and before they sat down to supper, the lady’s virtue had melted in the fire of his enthusiasm, her timidity had disappeared; she, too, had begun to speak disparagingly of the life at Gretz; and as she took her place and helped the soup, her eyes shone with the glitter of prospective diamonds.",0,0,1.5351588e-05,Human,False,False
"It was a wild, cold, seasonable night of March, with a pale moon, lying on her back as though the wind had tilted her, and a flying wrack of the most diaphanous and lawny texture. The wind made talking difficult, and flecked the blood into the face. It seemed to have swept the streets unusually bare of passengers, besides; for Mr. Utterson thought he had never seen that part of London so deserted. He could have wished it otherwise; never in his life had he been conscious of so sharp a wish to see and touch his fellow-creatures; for struggle as he might, there was borne in upon his mind a crushing anticipation of calamity. The square, when they got there, was all full of wind and dust, and the thin trees in the garden were lashing themselves along the railing. Poole, who had kept all the way a pace or two ahead, now pulled up in the middle of the pavement, and in spite of the biting weather, took off his hat and mopped his brow with a red pocket-handkerchief. But for all the hurry of his coming, these were not the dews of exertion that he wiped away, but the moisture of some strangling anguish; for his face was white and his voice, when he spoke, harsh and broken.",0,0,7.2439434e-05,Human,False,False
"One other neighbour I have met since I wrote last. This is Mr. Frankland, of Lafter Hall, who lives some four miles to the south of us. He is an elderly man, red-faced, white-haired, and choleric. His passion is for the British law, and he has spent a large fortune in litigation. He fights for the mere pleasure of fighting and is equally ready to take up either side of a question, so that it is no wonder that he has found it a costly amusement. Sometimes he will shut up a right of way and defy the parish to make him open it. At others he will with his own hands tear down some other man’s gate and declare that a path has existed there from time immemorial, defying the owner to prosecute him for trespass. He is learned in old manorial and communal rights, and he applies his knowledge sometimes in favour of the villagers of Fernworthy and sometimes against them, so that he is periodically either carried in triumph down the village street or else burned in effigy, according to his latest exploit. He is said to have about seven lawsuits upon his hands at present, which will probably swallow up the remainder of his fortune and so draw his sting and leave him harmless for the future. Apart from the law he seems a kindly, good-natured person, and I only mention him because you were particular that I should send some description of the people who surround us. He is curiously employed at present, for, being an amateur astronomer, he has an excellent telescope, with which he lies upon the roof of his own house and sweeps the moor all day in the hope of catching a glimpse of the escaped convict. If he would confine his energies to this all would be well, but there are rumours that he intends to prosecute Dr. Mortimer for opening a grave without the consent of the next of kin because he dug up the Neolithic skull in the barrow on Long Down. He helps to keep our lives from being monotonous and gives a little comic relief where it is badly needed.",0,0,6.8925554e-05,Human,False,False
"Holmes laughed softly to himself and stretched himself out upon the cushioned seat. “Both you and the coroner have been at some pains,” said he, “to single out the very strongest points in the young man’s favour. Don’t you see that you alternately give him credit for having too much imagination and too little? Too little, if he could not invent a cause of quarrel which would give him the sympathy of the jury; too much, if he evolved from his own inner consciousness anything so _outré_ as a dying reference to a rat, and the incident of the vanishing cloth. No, sir, I shall approach this case from the point of view that what this young man says is true, and we shall see whither that hypothesis will lead us. And now here is my pocket Petrarch, and not another word shall I say of this case until we are on the scene of action. We lunch at Swindon, and I see that we shall be there in twenty minutes.”",0,0,1.3516332e-05,Human,False,False
"“Two days later this same performance was gone through under exactly similar circumstances. Again I changed my dress, again I sat in the window, and again I laughed very heartily at the funny stories of which my employer had an immense _répertoire_, and which he told inimitably. Then he handed me a yellow-backed novel, and moving my chair a little sideways, that my own shadow might not fall upon the page, he begged me to read aloud to him. I read for about ten minutes, beginning in the heart of a chapter, and then suddenly, in the middle of a sentence, he ordered me to cease and to change my dress.",0,0,4.2257343e-06,Human,False,False
"“How did you know that?” “My friend Mortimer told me.” “You think, then, that some dog pursued Sir Charles, and that he died of fright in consequence?” “Have you any better explanation?” “I have not come to any conclusion.” “Has Mr. Sherlock Holmes?” The words took away my breath for an instant but a glance at the placid face and steadfast eyes of my companion showed that no surprise was intended. “It is useless for us to pretend that we do not know you, Dr. Watson,” said he. “The records of your detective have reached us here, and you could not celebrate him without being known yourself. When Mortimer told me your name he could not deny your identity. If you are here, then it follows that Mr. Sherlock Holmes is interesting himself in the matter, and I am naturally curious to know what view he may take.”",0,0,2.145266e-05,Human,False,False
"A day or two after I came in from a walk a little before the point of noon. The Senora was lying lapped in slumber on the threshold of the recess; the pigeons dozed below the eaves like snowdrifts; the house was under a deep spell of noontide quiet; and only a wandering and gentle wind from the mountain stole round the galleries, rustled among the pomegranates, and pleasantly stirred the shadows. Something in the stillness moved me to imitation, and I went very lightly across the court and up the marble staircase. My foot was on the topmost round, when a door opened, and I found myself face to face with Olalla. Surprise transfixed me; her loveliness struck to my heart; she glowed in the deep shadow of the gallery, a gem of colour; her eyes took hold upon mine and clung there, and bound us together like the joining of hands; and the moments we thus stood face to face, drinking each other in, were sacramental and the wedding of souls. I know not how long it was before I awoke out of a deep trance, and, hastily bowing, passed on into the upper stair. She did not move, but followed me with her great, thirsting eyes; and as I passed out of sight it seemed to me as if she paled and faded.",0,0,9.709336e-05,Human,False,False
"The relationship between science and the unexplained is a dynamic of inquiry and boundary-setting. Science operates through a rigorous methodology demanding empirical evidence, testability, and repeatability to build a coherent model of reality. Conversely, the realm of the unexplained is often defined by phenomena that elude these criteria, such as anecdotal accounts, subjective experiences, or non-replicable events. This creates a natural tension, as science must maintain skepticism in the absence of verifiable data. However, the unexplained is not a static opponent to science but rather its frontier. Historically, phenomena once considered mysterious, from lightning to disease, have been systematically incorporated into scientific understanding. Thus, the interaction is less a conflict and more a continuous process where the structured methods of investigation are applied to the persistent questions that lie just beyond the edge of current knowledge.",1,1,0.99988866,AI_Generic,False,False
"The province of the scientific mind is one of demonstrable law and material fact, a well-lit chamber where all things may be weighed, measured, and, with due diligence, replicated. Such a mind regards any phenomenon that resists this sober scrutiny as an error of the senses or the product of a disordered constitution. Yet these shadows persist at the edge of his ordered world; they represent a frontier of knowledge where the most scrupulous observer must concede the limits of his own instruments. It is here that the purely clinical intellect, divested of superstitious fear, confronts the unexplained not as a spectre, but as a recalcitrant specimen—a problem as yet unclassified, a lock for which no key has yet been forged.",1,1,0.9999528,Robert Louis Stevenson,False,False
"From my window, I observe the parade of so-called good men, and I confess a certain grim amusement. There goes a fine gentleman, his countenance a study in pious charity, yet in the shifting gaslight I see the feral glint in his eye—the very same I once spied in a cur fighting over a bone in some wretched close. His voice, a low rumble of pleasantries, cannot quite disguise the dry rasp of judgement within. He carries the scent of expensive lavender water, a cloying perfume that struggles to mask a deeper, rank odour of the soul’s dark cellar. Each man, I’ve found, is merely a well-appointed house built over a squalid den; one need only listen at the door to hear the bestial scratching from within, a desperate and odious sound.",1,1,0.9997625,Robert Louis Stevenson,False,False
"The duality of human nature is a landscape of stark and beautiful contradictions, a constant tension played out within a single soul. Within the same heart that swells with profound empathy and selfless love, there can also lie the cold seeds of cruelty and selfish ambition. A mind capable of composing a symphony or unlocking the universe's secrets is equally capable of devising intricate methods of destruction. This internal schism is not a flaw, but a fundamental condition; we are creatures of both shadow and light, our virtues casting long, dark silhouettes of our vices. The gentle hand that offers comfort can clench into a fist of rage, often with only a breath of difference between the two. It is this fragile, volatile balance—this quiet war between the angel and the beast within—that forges the very essence of our shared experience, making humanity a story of both magnificent grace and devastating tragedy.",1,1,0.99997413,AI_Generic,False,False
"Again the avenger had been foiled, and again his concentrated hatred urged him to continue the pursuit. Funds were wanting, however, and for some time he had to return to work, saving every dollar for his approaching journey. At last, having collected enough to keep life in him, he departed for Europe, and tracked his enemies from city to city, working his way in any menial capacity, but never overtaking the fugitives. When he reached St. Petersburg they had departed for Paris; and when he followed them there he learned that they had just set off for Copenhagen. At the Danish capital he was again a few days late, for they had journeyed on to London, where he at last succeeded in running them to earth. As to what occurred there, we cannot do better than quote the old hunter’s own account, as duly recorded in Dr. Watson’s Journal, to which we are already under such obligations.",0,0,1.734659e-05,Human,False,False
"“‘At least,’ said he, ‘you will not have me arrested at once. It would be to your advantage as well as mine if I might leave the house for five minutes.’ “‘That you may get away, or perhaps that you may conceal what you have stolen,’ said I. And then, realising the dreadful position in which I was placed, I implored him to remember that not only my honour but that of one who was far greater than I was at stake; and that he threatened to raise a scandal which would convulse the nation. He might avert it all if he would but tell me what he had done with the three missing stones.",0,0,9.332344e-06,Human,False,False
"For a moment he had staggered and nearly fallen, but the brandy brought a tinge of colour into his cheeks, and he sat staring with frightened eyes at his accuser. “I have almost every link in my hands, and all the proofs which I could possibly need, so there is little which you need tell me. Still, that little may as well be cleared up to make the case complete. You had heard, Ryder, of this blue stone of the Countess of Morcar’s?” “It was Catherine Cusack who told me of it,” said he in a crackling voice. “I see—her ladyship’s waiting-maid. Well, the temptation of sudden wealth so easily acquired was too much for you, as it has been for better men before you; but you were not very scrupulous in the means you used. It seems to me, Ryder, that there is the making of a very pretty villain in you. You knew that this man Horner, the plumber, had been concerned in some such matter before, and that suspicion would rest the more readily upon him. What did you do, then? You made some small job in my lady’s room—you and your confederate Cusack—and you managed that he should be the man sent for. Then, when he had left, you rifled the jewel-case, raised the alarm, and had this unfortunate man arrested. You then—”",0,0,2.6377558e-05,Human,False,False
"She seemed to recover herself at that, turned without a word, walked rapidly through the garden, and disappeared into the house, leaving Will in some confusion as to the result. He walked up and down the garden, whistling softly to himself. Sometimes he stopped and contemplated the sky and hill-tops; sometimes he went down to the tail of the weir and sat there, looking foolishly in the water. All this dubiety and perturbation was so foreign to his nature and the life which he had resolutely chosen for himself, that he began to regret Marjory’s arrival. “After all,” he thought, “I was as happy as a man need be. I could come down here and watch my fishes all day long if I wanted: I was as settled and contented as my old mill.”",0,0,1.09026105e-05,Human,False,False
"“Still looking for your boot?” “Yes, sir, and mean to find it.” “But, surely, you said that it was a new brown boot?” “So it was, sir. And now it’s an old black one.” “What! you don’t mean to say—?” “That’s just what I do mean to say. I only had three pairs in the world—the new brown, the old black, and the patent leathers, which I am wearing. Last night they took one of my brown ones, and today they have sneaked one of the black. Well, have you got it? Speak out, man, and don’t stand staring!” An agitated German waiter had appeared upon the scene.",0,0,5.2308947e-06,Human,False,False
"As he spoke he drew the dog-whip swiftly from the dead man’s lap, and throwing the noose round the reptile’s neck he drew it from its horrid perch and, carrying it at arm’s length, threw it into the iron safe, which he closed upon it. Such are the true facts of the death of Dr. Grimesby Roylott, of Stoke Moran. It is not necessary that I should prolong a narrative which has already run to too great a length by telling how we broke the sad news to the terrified girl, how we conveyed her by the morning train to the care of her good aunt at Harrow, of how the slow process of official inquiry came to the conclusion that the doctor met his fate while indiscreetly playing with a dangerous pet. The little which I had yet to learn of the case was told me by Sherlock Holmes as we travelled back next day.",0,0,4.039739e-05,Human,False,False
"Woven into the fabric of culture is the ancient tapestry of folklore, a collection of whispered tales and generational memories shared by the hearthside. These stories—of cunning spirits, fated heroes, and cautionary outcomes—serve as the rich soil from which superstition grows. Superstition is the tangible echo of these narratives, manifesting as small, instinctual rituals designed to appease unseen forces and negotiate with fate. It is the hurried knock on wood to ward off a jinx, the pinch of salt tossed over a shoulder to blind a lurking devil, or the careful avoidance of a split path. Together, they form a living history, a framework of belief that attempts to impose a semblance of control and meaning upon a world teeming with uncertainty. They are the quiet, persistent hum of a more mystical past, a testament to humanity’s enduring desire to understand the shadows that dance just beyond the firelight.",1,1,0.99997675,AI_Generic,False,False
"“There’s a cold-blooded scoundrel!” said Holmes, laughing, as he threw himself down into his chair once more. “That fellow will rise from crime to crime until he does something very bad, and ends on a gallows. The case has, in some respects, been not entirely devoid of interest.” “I cannot now entirely see all the steps of your reasoning,” I remarked. “Well, of course it was obvious from the first that this Mr. Hosmer Angel must have some strong object for his curious conduct, and it was equally clear that the only man who really profited by the incident, as far as we could see, was the stepfather. Then the fact that the two men were never together, but that the one always appeared when the other was away, was suggestive. So were the tinted spectacles and the curious voice, which both hinted at a disguise, as did the bushy whiskers. My suspicions were all confirmed by his peculiar action in typewriting his signature, which, of course, inferred that his handwriting was so familiar to her that she would recognise even the smallest sample of it. You see all these isolated facts, together with many minor ones, all pointed in the same direction.”",0,0,1.8815734e-05,Human,False,False
"“My father was, as you may have guessed, Major John Sholto, once of the Indian army. He retired some eleven years ago, and came to live at Pondicherry Lodge in Upper Norwood. He had prospered in India, and brought back with him a considerable sum of money, a large collection of valuable curiosities, and a staff of native servants. With these advantages he bought himself a house, and lived in great luxury. My twin-brother Bartholomew and I were the only children. “I very well remember the sensation which was caused by the disappearance of Captain Morstan. We read the details in the papers, and, knowing that he had been a friend of our father’s, we discussed the case freely in his presence. He used to join in our speculations as to what could have happened. Never for an instant did we suspect that he had the whole secret hidden in his own breast,—that of all men he alone knew the fate of Arthur Morstan.",0,0,1.0748364e-05,Human,False,False
"“I wasn’t destined to do much soldiering, however. I had just got past the goose-step, and learned to handle my musket, when I was fool enough to go swimming in the Ganges. Luckily for me, my company sergeant, John Holder, was in the water at the same time, and he was one of the finest swimmers in the service. A crocodile took me, just as I was half-way across, and nipped off my right leg as clean as a surgeon could have done it, just above the knee. What with the shock and the loss of blood, I fainted, and should have drowned if Holder had not caught hold of me and paddled for the bank. I was five months in hospital over it, and when at last I was able to limp out of it with this timber toe strapped to my stump I found myself invalided out of the army and unfitted for any active occupation.",0,0,1.2928106e-05,Human,False,False
"“What does it suggest?” “It suggests—halloa, my dear fellow, what on earth is the matter?” As we came round the top of the stairs we had run up against Sir Henry Baskerville himself. His face was flushed with anger, and he held an old and dusty boot in one of his hands. So furious was he that he was hardly articulate, and when he did speak it was in a much broader and more Western dialect than any which we had heard from him in the morning. “Seems to me they are playing me for a sucker in this hotel,” he cried. “They’ll find they’ve started in to monkey with the wrong man unless they are careful. By thunder, if that chap can’t find my missing boot there will be trouble. I can take a joke with the best, Mr. Holmes, but they’ve got a bit over the mark this time.”",0,0,9.915094e-06,Human,False,False
"“You first, Small,” remarked the wary Jones as they left the room. “I’ll take particular care that you don’t club me with your wooden leg, whatever you may have done to the gentleman at the Andaman Isles.” “Well, and there is the end of our little drama,” I remarked, after we had set some time smoking in silence. “I fear that it may be the last investigation in which I shall have the chance of studying your methods. Miss Morstan has done me the honour to accept me as a husband in prospective.” He gave a most dismal groan. “I feared as much,” said he. “I really cannot congratulate you.”",0,0,1.450056e-05,Human,False,False
"The _Daily Telegraph_ remarked that in the history of crime there had seldom been a tragedy which presented stranger features. The German name of the victim, the absence of all other motive, and the sinister inscription on the wall, all pointed to its perpetration by political refugees and revolutionists. The Socialists had many branches in America, and the deceased had, no doubt, infringed their unwritten laws, and been tracked down by them. After alluding airily to the Vehmgericht, aqua tofana, Carbonari, the Marchioness de Brinvilliers, the Darwinian theory, the principles of Malthus, and the Ratcliff Highway murders, the article concluded by admonishing the Government and advocating a closer watch over foreigners in England.",0,0,0.23035452,Human,False,False
"The Science of Deduction is a rigorous mental discipline, a systematic method for unraveling complex truths from seemingly mundane observations. Its foundation lies in acute, unwavering observation—the ability to see what others merely look at. From a single speck of mud on a trouser leg to the faintest scratch on a watch case, no detail is considered too trivial. Each observation becomes a premise in a chain of logical inference, drawing upon a vast and meticulously organized store of knowledge. This repository, spanning everything from toxicology to the types of cigar ash, provides the necessary context to transform a simple fact into a significant clue. The practitioner then employs the crucial principle of elimination, methodically discarding impossibilities until only one logical conclusion remains, no matter how improbable it may seem. It is the art of constructing a complete, undeniable narrative from fragmented, overlooked evidence, demonstrating that the grandest of solutions are often hidden within the smallest of details.",1,1,0.9999535,AI_Generic,False,False
"“‘Why, as to that, gentlemen,’ I answered, trying also to be cool, but feeling as excited as he did, ‘there is only one bargain which a man in my position can make. I shall want you to help me to my freedom, and to help my three companions to theirs. We shall then take you into partnership, and give you a fifth share to divide between you.’ “‘Hum!’ said he. ‘A fifth share! That is not very tempting.’ “‘It would come to fifty thousand apiece,’ said I. “‘But how can we gain your freedom? You know very well that you ask an impossibility.’",0,0,5.037066e-06,Human,False,False
"“There was no one in the street?” “Not a livin’ soul, sir, nor as much as a dog. Then I pulled myself together and went back and pushed the door open. All was quiet inside, so I went into the room where the light was a-burnin’. There was a candle flickerin’ on the mantelpiece—a red wax one—and by its light I saw——” “Yes, I know all that you saw. You walked round the room several times, and you knelt down by the body, and then you walked through and tried the kitchen door, and then——” John Rance sprang to his feet with a frightened face and suspicion in his eyes. “Where was you hid to see all that?” he cried. “It seems to me that you knows a deal more than you should.”",0,0,4.059128e-06,Human,False,False
"Lord St. Simon had by no means relaxed his rigid attitude, but had listened with a frowning brow and a compressed lip to this long narrative. “Excuse me,” he said, “but it is not my custom to discuss my most intimate personal affairs in this public manner.” “Then you won’t forgive me? You won’t shake hands before I go?” “Oh, certainly, if it would give you any pleasure.” He put out his hand and coldly grasped that which she extended to him. “I had hoped,” suggested Holmes, “that you would have joined us in a friendly supper.” “I think that there you ask a little too much,” responded his Lordship. “I may be forced to acquiesce in these recent developments, but I can hardly be expected to make merry over them. I think that with your permission I will now wish you all a very good-night.” He included us all in a sweeping bow and stalked out of the room.",0,0,2.5688443e-05,Human,False,False
"“A viper!” cried Jean-Marie, running towards him. “A viper! You are bitten!” The Doctor came down heavily out of the cleft, and, advanced in silence to meet the boy, whom he took roughly by the shoulder. “I have found it,” he said, with a gasp. “A plant?” asked Jean-Marie. Desprez had a fit of unnatural gaiety, which the rocks took up and mimicked. “A plant!” he repeated scornfully. “Well—yes—a plant. And here,” he added suddenly, showing his right hand, which he had hitherto concealed behind his back—“here is one of the bulbs.” Jean-Marie saw a dirty platter, coated with earth.",0,0,1.10904275e-05,Human,False,False
"“I beg your pardon, Dr. Lanyon,” he replied civilly enough. “What you say is very well founded; and my impatience has shown its heels to my politeness. I come here at the instance of your colleague, Dr. Henry Jekyll, on a piece of business of some moment; and I understood…” He paused and put his hand to his throat, and I could see, in spite of his collected manner, that he was wrestling against the approaches of the hysteria—“I understood, a drawer…” But here I took pity on my visitor’s suspense, and some perhaps on my own growing curiosity. “There it is, sir,” said I, pointing to the drawer, where it lay on the floor behind a table and still covered with the sheet.",0,0,8.768193e-06,Human,False,False
"“After we had counted our treasures we put them back into the chest and carried them to the gateway to show them to Mahomet Singh. Then we solemnly renewed our oath to stand by each other and be true to our secret. We agreed to conceal our loot in a safe place until the country should be at peace again, and then to divide it equally among ourselves. There was no use dividing it at present, for if gems of such value were found upon us it would cause suspicion, and there was no privacy in the fort nor any place where we could keep them. We carried the box, therefore, into the same hall where we had buried the body, and there, under certain bricks in the best-preserved wall, we made a hollow and put our treasure. We made careful note of the place, and next day I drew four plans, one for each of us, and put the sign of the four of us at the bottom, for we had sworn that we should each always act for all, so that none might take advantage. That is an oath that I can put my hand to my heart and swear that I have never broken.",0,0,9.865971e-06,Human,False,False
"To observe my friend in the throes of a problem was to witness the Science of Deduction in its purest form. The very air in our Baker Street rooms would grow still, thick with the acrid clouds of his strongest shag, the only sounds the faint hiss of the gas-lamp and the methodical ticking of the clock upon the mantel. I have watched him, motionless for the better part of an hour, his hawk-like gaze fixed upon a single speck of dust on a client’s boot or a frayed thread upon a sleeve. To my own senses, these were but trifles, yet to his extraordinary mind, they were the essential cogs in a great logical engine. Each scent, each sound, each minute visual inconsistency was a datum to be filed and sorted, until the chaotic impressions of the physical world resolved themselves, with the cold, inevitable clarity of a mathematical proof, into a single, demonstrable truth.",1,1,0.9999105,Arthur Conan Doyle,False,False
"Soon there came an interchange of speeches between him and Rorie. “Was it there?” asked my uncle. “Ou, ay!” said Rorie. I observed that they both spoke in a manner of aside, and with some show of embarrassment, and that Mary herself appeared to colour, and looked down on her plate. Partly to show my knowledge, and so relieve the party from an awkward strain, partly because I was curious, I pursued the subject. “You mean the fish?” I asked. “Whatten fish?” cried my uncle. “Fish, quo’ he! Fish! Your een are fu’ o’ fatness, man; your heid dozened wi’ carnal leir. Fish! it’s a bogle!”",0,0,4.6069804e-06,Human,False,False
"‘If he takes it ill, why it’ll be a herring across John’s tracks, and perhaps all for the best. He’s a confounded muff, this brother of mine, but he seems a decent soul.’ At that stage a door opened below with a certain emphasis, and Mr. Nicholson was seen solemnly to descend the stairs, and pass into his own apartment. Alexander followed, quaking inwardly, but with a steady face. He knocked, was bidden to enter, and found his father standing in front of the forced drawer, to which he pointed as he spoke. ‘This is a most extraordinary thing,’ said he; ‘I have been robbed!’",0,0,7.5495004e-06,Human,False,False
"A sound of quick steps broke the silence of the moor. Crouching among the stones we stared intently at the silver-tipped bank in front of us. The steps grew louder, and through the fog, as through a curtain, there stepped the man whom we were awaiting. He looked round him in surprise as he emerged into the clear, starlit night. Then he came swiftly along the path, passed close to where we lay, and went on up the long slope behind us. As he walked he glanced continually over either shoulder, like a man who is ill at ease. “Hist!” cried Holmes, and I heard the sharp click of a cocking pistol. “Look out! It’s coming!”",0,0,6.33977e-05,Human,False,False
"“It was in his pocket-book that we found it.” “Preserve it carefully, then, Miss Morstan, for it may prove to be of use to us. I begin to suspect that this matter may turn out to be much deeper and more subtle than I at first supposed. I must reconsider my ideas.” He leaned back in the cab, and I could see by his drawn brow and his vacant eye that he was thinking intently. Miss Morstan and I chatted in an undertone about our present expedition and its possible outcome, but our companion maintained his impenetrable reserve until the end of our journey.",0,0,1.8580999e-05,Human,False,False
"Domestic tragedy is a dramatic genre that focuses on the tragic downfall of ordinary, middle-class protagonists, departing from the classical tradition of featuring kings and nobility. Set within the private sphere of the home, its plot revolves around personal and familial conflicts such as marital infidelity, financial ruin, and the pressures of social conformity. By presenting relatable characters grappling with everyday, yet catastrophic, circumstances, the genre aims to evoke a powerful sense of pathos and demonstrate that tragedy is not exclusive to the great and powerful. While its roots can be traced to Renaissance England with plays like *Arden of Faversham*, domestic tragedy was famously revitalized in the modern era. Playwrights like Henrik Ibsen and Arthur Miller used the form to explore psychological realism and social critique, with Miller’s *Death of a Salesman* serving as a quintessential example of the common man's tragic struggle against an indifferent society.",1,1,0.99978894,AI_Generic,False,False
"“Nothing could be more unlike.” “I expected to hear you say so. We shall look out for you, then, at six. Pray allow me to keep the papers. I may look into the matter before then. It is only half-past three. _Au revoir_, then.” “_Au revoir_,” said our visitor, and, with a bright, kindly glance from one to the other of us, she replaced her pearl-box in her bosom and hurried away. Standing at the window, I watched her walking briskly down the street, until the grey turban and white feather were but a speck in the sombre crowd. “What a very attractive woman!” I exclaimed, turning to my companion.",0,0,1.49421e-05,Human,False,False
"‘Well,’ said Dick, ‘I met him often; we were even intimate. He may have mentioned my name—Naseby.’ ‘He writes so little. He is so busy, so devoted to his art! I have had a half wish,’ she added laughing, ‘that my father was a plainer man, whom I could help—to whom I could be a credit; but only sometimes, you know, and with only half my heart. For a great painter! You have seen his works?’ ‘I have seen some of them,’ returned Dick; ‘they—they are very nice.’ She laughed aloud. ‘Nice?’ she repeated. ‘I see you don’t care much for art.’",0,0,3.5028784e-06,Human,False,False
"The appearance of our visitor was a surprise to me, since I had expected a typical country practitioner. He was a very tall, thin man, with a long nose like a beak, which jutted out between two keen, grey eyes, set closely together and sparkling brightly from behind a pair of gold-rimmed glasses. He was clad in a professional but rather slovenly fashion, for his frock-coat was dingy and his trousers frayed. Though young, his long back was already bowed, and he walked with a forward thrust of his head and a general air of peering benevolence. As he entered his eyes fell upon the stick in Holmes’s hand, and he ran towards it with an exclamation of joy. “I am so very glad,” said he. “I was not sure whether I had left it here or in the Shipping Office. I would not lose that stick for the world.”",0,0,5.7385845e-05,Human,False,False
"I fear, however, that in her heart of hearts, madame kindly despised and pitied the boy. She had no admiration for his class of virtues; she liked a smart, polite, forward, roguish sort of boy, cap in hand, light of foot, meeting the eye; she liked volubility, charm, a little vice—the promise of a second Doctor Desprez. And it was her indefeasible belief that Jean-Marie was dull. “Poor dear boy,” she had said once, “how sad it is that he should be so stupid!” She had never repeated that remark, for the Doctor had raged like a wild bull, denouncing the brutal bluntness of her mind, bemoaning his own fate to be so unequally mated with an ass, and, what touched Anastasie more nearly, menacing the table china by the fury of his gesticulations. But she adhered silently to her opinion; and when Jean-Marie was sitting, stolid, blank, but not unhappy, over his unfinished tasks, she would snatch her opportunity in the Doctor’s absence, go over to him, put her arms about his neck, lay her cheek to his, and communicate her sympathy with his distress. “Do not mind,” she would say; “I, too, am not at all clever, and I can assure you that it makes no difference in life.”",0,0,2.7646096e-05,Human,False,False
"Mr. Utterson the lawyer was a man of a rugged countenance, that was never lighted by a smile; cold, scanty and embarrassed in discourse; backward in sentiment; lean, long, dusty, dreary, and yet somehow lovable. At friendly meetings, and when the wine was to his taste, something eminently human beaconed from his eye; something indeed which never found its way into his talk, but which spoke not only in these silent symbols of the after-dinner face, but more often and loudly in the acts of his life. He was austere with himself; drank gin when he was alone, to mortify a taste for vintages; and though he enjoyed the theatre, had not crossed the doors of one for twenty years. But he had an approved tolerance for others; sometimes wondering, almost with envy, at the high pressure of spirits involved in their misdeeds; and in any extremity inclined to help rather than to reprove. “I incline to Cain’s heresy,” he used to say quaintly: “I let my brother go to the devil in his own way.” In this character, it was frequently his fortune to be the last reputable acquaintance and the last good influence in the lives of down-going men. And to such as these, so long as they came about his chambers, he never marked a shade of change in his demeanour.",0,0,0.00010478811,Human,False,False
"What an afternoon it was for Esther! ‘Ah!’ she said at last, ‘it’s good to hear all this! My aunt, you should know, is narrow and too religious; she cannot understand an artist’s life. It does not frighten me,’ she added grandly; ‘I am an artist’s daughter.’ With that speech, Dick consoled himself for his imposture; she was not deceived so grossly after all; and then if a fraud, was not the fraud piety itself?—and what could be more obligatory than to keep alive in the heart of a daughter that filial trust and honour which, even although misplaced, became her like a jewel of the mind? There might be another thought, a shade of cowardice, a selfish desire to please; poor Dick was merely human; and what would you have had him do?",0,0,8.928971e-05,Human,False,False
"Could the very evidence of one's eyes prove to be the most damnable of lies? He saw it now with a terrible, crystalline clarity that sent a jolt through his very frame. That shuffling gait of the supposed vagrant was no infirmity of age, but a masterful affectation; the stooped shoulders a mere pantomime beneath which lay the powerful frame of an athlete. While the Inspector blundered on, chasing a phantom down the wrong alley, the true quarry was preparing to melt into the London fog. And the eyes—good heavens, the eyes!—beneath the grimy brim of the hat, they held not the dullness of the destitute but a sharp, predatory gleam he had last seen across a courtroom. It was him. Every second wasted was a victory for this charade, a step closer to the villain’s escape, and there was not a moment to be lost.",1,1,0.9998721,Arthur Conan Doyle,False,False
"Must every shadow that flickers at the edge of sight be pinned and labelled like some wretched butterfly? I watch them, these new gentry of the laboratory, with their gleaming brass and their charts of absolute fact, bustling about in a fury of classification. To them, every groan from an old house is merely the settling of timber, and every premonition of the soul a figment of poor digestion. They dismiss the midnight whispers and the tales of the heath as the follies of a less-enlightened age, patting themselves on the back for their brilliant clarity. Yet, in their fervent denial, I perceive a terror far greater than that of any countryman who fears a ghost; for the man of science dreads not the spectre in the dark, but the simple, galling possibility that there is something in God’s creation which will not fit tidily into his little boxes.",1,1,0.99994326,Robert Louis Stevenson,False,False
"“But why keep me in the dark?” “For you to know could not have helped us and might possibly have led to my discovery. You would have wished to tell me something, or in your kindness you would have brought me out some comfort or other, and so an unnecessary risk would be run. I brought Cartwright down with me—you remember the little chap at the express office—and he has seen after my simple wants: a loaf of bread and a clean collar. What does man want more? He has given me an extra pair of eyes upon a very active pair of feet, and both have been invaluable.”",0,0,1.0371243e-05,Human,False,False
"The man of science laughs at a shadow. He has his charts, his lens, his incontrovertible proof. He would dissect a soul if he could, and declare it naught but agitated tissue. For him, a whisper in the dark is merely wind, and a premonition is undigested beef. He calls this knowledge; it is a profound and polished ignorance. Against him stands the credulous fool, who prefers a comforting phantom to the cold void. This one mistakes a creaking floorboard for a message from the dead. His fear is a kind of faith. And so the two squabble in the half-light, one with his scalpel, the other with his prayer. Neither sees that the true horror is not what hides in the darkness, but the pitiful nature of the man who must define it.",1,1,0.999861,Robert Louis Stevenson,False,False
"“And these other people?” “They are mostly sent on by private inquiry agencies. They are all people who are in trouble about something, and want a little enlightening. I listen to their story, they listen to my comments, and then I pocket my fee.” “But do you mean to say,” I said, “that without leaving your room you can unravel some knot which other men can make nothing of, although they have seen every detail for themselves?” “Quite so. I have a kind of intuition that way. Now and again a case turns up which is a little more complex. Then I have to bustle about and see things with my own eyes. You see I have a lot of special knowledge which I apply to the problem, and which facilitates matters wonderfully. Those rules of deduction laid down in that article which aroused your scorn, are invaluable to me in practical work. Observation with me is second nature. You appeared to be surprised when I told you, on our first meeting, that you had come from Afghanistan.”",0,0,1.7021306e-05,Human,False,False
"Aros itself—Aros Jay, I have heard the natives call it, and they say it means _the House of God_—Aros itself was not properly a piece of the Ross, nor was it quite an islet. It formed the south-west corner of the land, fitted close to it, and was in one place only separated from the coast by a little gut of the sea, not forty feet across the narrowest. When the tide was full, this was clear and still, like a pool on a land river; only there was a difference in the weeds and fishes, and the water itself was green instead of brown; but when the tide went out, in the bottom of the ebb, there was a day or two in every month when you could pass dryshod from Aros to the mainland. There was some good pasture, where my uncle fed the sheep he lived on; perhaps the feed was better because the ground rose higher on the islet than the main level of the Ross, but this I am not skilled enough to settle. The house was a good one for that country, two storeys high. It looked westward over a bay, with a pier hard by for a boat, and from the door you could watch the vapours blowing on Ben Kyaw.",0,0,2.6748867e-05,Human,False,False
"“This is indeed a mystery,” I remarked. “What do you imagine that it means?” “I have no data yet. It is a capital mistake to theorise before one has data. Insensibly one begins to twist facts to suit theories, instead of theories to suit facts. But the note itself. What do you deduce from it?” I carefully examined the writing, and the paper upon which it was written. “The man who wrote it was presumably well to do,” I remarked, endeavouring to imitate my companion’s processes. “Such paper could not be bought under half a crown a packet. It is peculiarly strong and stiff.”",0,0,2.0390331e-05,Human,False,False
"“Egad,” interrupted Casimir: “our friend the stable-boy appears to have his share of it.” The Doctor was silenced; and the meal was continued and finished principally to the tune of the brother-in-law’s not very consolatory conversation. He entirely ignored the two young English painters, turning a blind eyeglass to their salutations, and continuing his remarks as if he were alone in the bosom of his family; and with every second word he ripped another stitch out of the air balloon of Desprez’s vanity. By the time coffee was over the poor Doctor was as limp as a napkin. “Let us go and see the ruins,” said Casimir.",0,0,7.1768786e-06,Human,False,False
"The truth is, that in a south-westerly wind, that part of our archipelago is no better than a trap. If a ship got through the reefs, and weathered the Merry Men, it would be to come ashore on the south coast of Aros, in Sandag Bay, where so many dismal things befell our family, as I propose to tell. The thought of all these dangers, in the place I knew so long, makes me particularly welcome the works now going forward to set lights upon the headlands and buoys along the channels of our iron-bound, inhospitable islands. The country people had many a story about Aros, as I used to hear from my uncle’s man, Rorie, an old servant of the Macleans, who had transferred his services without afterthought on the occasion of the marriage. There was some tale of an unlucky creature, a sea-kelpie, that dwelt and did business in some fearful manner of his own among the boiling breakers of the Roost. A mermaid had once met a piper on Sandag beach, and there sang to him a long, bright midsummer’s night, so that in the morning he was found stricken crazy, and from thenceforward, till the day he died, said only one form of words; what they were in the original Gaelic I cannot tell, but they were thus translated: “Ah, the sweet singing out of the sea.” Seals that haunted on that coast have been known to speak to man in his own tongue, presaging great disasters. It was here that a certain saint first landed on his voyage out of Ireland to convert the Hebrideans. And, indeed, I think he had some claim to be called saint; for, with the boats of that past age, to make so rough a passage, and land on such a ticklish coast, was surely not far short of the miraculous. It was to him, or to some of his monkish underlings who had a cell there, that the islet owes its holy and beautiful name, the House of God.",0,0,3.167869e-05,Human,False,False
"The phrase 'The Terror of the Sea' encapsulates a wide spectrum of fears associated with the ocean, spanning history, nature, and mythology. Historically, it could refer to notorious pirates or formidable naval fleets that dominated maritime routes through force and intimidation. In the natural world, the title is often bestowed upon apex predators like the great white shark or the giant squid, creatures of immense power and mystery that inhabit the deep. The term also extends into folklore, personifying the ocean's unpredictable and destructive power through legendary beasts such as the Kraken or Leviathan. These narratives often served to explain the unexplainable, from sudden storms to missing vessels. Ultimately, the concept reflects humanity's long-standing relationship with the sea—a vast, untamable frontier that is as much a source of life and discovery as it is one of profound and unpredictable danger, commanding both respect and apprehension.",1,1,0.9999312,AI_Generic,False,False
"The man of science, a creature of caliper and scale, felt the laboratory itself revolt against his reason. A sudden, foul cellar-draught invaded the clean scent of carbolic, guttering the gas-jet to a frantic, sputtering pulse that threw his own shadow, monstrous and capering, upon the wall. The steady hum of his instruments was lost beneath a sound from the hall—a low, wet scraping, a sound that had no place in the world of measurable things and which the ear itself seemed to abhor. He saw the gleam of his own sweat upon the brass microscope, heard the frantic thump of his heart against his ribs, and knew with a soul-shaking certainty that for all his charts and laws, a thing had slipped in from the dark. It was a presence that stank of the unlit grave, and in its wake, the entire edifice of logic was but a house of cards in a rising, pestilential wind.",1,1,0.9998995,Robert Louis Stevenson,False,False
"It is a singular and perpetual lesson to the student of human nature that the eye, that most trusted of our organs, is so often the most easily duped. Our visitor, for instance, presented an impeccable facade, a study in sober prosperity. From the immaculate sheen upon his top hat to the mirror-like gleam of his spats, every detail bespoke a man of unwavering rectitude. The very air about him seemed redolent of wealth—a faint perfume of expensive Russian leather and fine cigars. Yet, as he gestured with a hand adorned by a signet ring, I caught the faintest tremor in his fingers. Beneath the opulent aroma of his person, a sharper, more chemical scent clung tenaciously to the cuffs of his coat. It was in these minute, discordant notes upon the senses—a flicker of terror in an otherwise placid gaze, an almost inaudible catch in his cultivated baritone—that the grand symphony of his appearance began to falter, revealing the hidden, dissonant truth that lay beneath.",1,1,0.9996526,Arthur Conan Doyle,False,False
"The violation of the dead refers to the desecration or disrespectful treatment of human remains and their resting places, a profound taboo in nearly every culture. This transgression manifests in various forms, from physical acts such as tomb raiding, grave vandalism, and the mutilation of corpses to the symbolic defilement of a person's memory or legacy. Historically, motivations have ranged from material greed, as seen in the looting of ancient burial sites, to the pursuit of anatomical knowledge, which fueled the 19th-century body-snatching trade. Legally and ethically, such actions are condemned because they inflict deep emotional trauma on the living, disrupting the grieving process and violating a community's sense of order and respect. The protection of the deceased is therefore not merely about the remains themselves, but about upholding the dignity of the individual and maintaining a fundamental pillar of social and cultural morality that provides closure for the bereaved.",1,1,0.9997534,AI_Generic,False,False
"“Yes,—that green lamp at the side.” The small change was made, we stepped on board, and the ropes were cast off. Jones, Holmes, and I sat in the stern. There was one man at the rudder, one to tend the engines, and two burly police-inspectors forward. “Where to?” asked Jones. “To the Tower. Tell them to stop opposite Jacobson’s Yard.” Our craft was evidently a very fast one. We shot past the long lines of loaded barges as though they were stationary. Holmes smiled with satisfaction as we overhauled a river steamer and left her behind us. “We ought to be able to catch anything on the river,” he said.",0,0,8.743744e-06,Human,False,False
"Upon crossing his own threshold, he perceived at once that the singular gloom of the morning had been utterly dispelled. A brilliant shaft of afternoon sun cut through the parlour window, illuminating the very dust motes in a merry dance and catching the warm gleam of freshly polished mahogany. The air, once heavy with unspoken grievances, was now fragrant with the promise of Darjeeling tea and the faintest, most pleasant aroma of lavender. From the hearth, a contented fire crackled a cheerful staccato against the steady, reassuring tick of the hall clock. There, upon the mantel, stood the mended porcelain shepherdess, the trifling cause of their dispute, now whole once more. But it was the sound of his wife's light humming from the kitchen, a melody of pure contentment, that truly signalled the end of their small, domestic tragedy, transforming a house of shadows into a home of brilliant light.",1,1,0.9985286,Arthur Conan Doyle,False,False
"‘Dick,’ said the old man at last, in a voice that was shaken as by a gale of wind, ‘I am going. I leave you with your friends, sir—with your friends. I came to serve you, and now I go away a broken man. For years I have seen this coming, and now it has come. You never loved me. Now you have been the death of me. You may boast of that. Now I leave you. God pardon you.’ With that he was gone; and the three who remained together heard his horse’s hoofs descend the lane. Esther had not made a sign throughout the interview, and still kept silence now that it was over; but the Admiral, who had once or twice moved forward and drawn back again, now advanced for good.",0,0,1.0683063e-05,Human,False,False
"“I cannot help feeling that Gregson is right, sir,” remarked Lestrade. “We have both tried, and we have both failed. You have remarked more than once since I have been in the room that you had all the evidence which you require. Surely you will not withhold it any longer.” “Any delay in arresting the assassin,” I observed, “might give him time to perpetrate some fresh atrocity.” Thus pressed by us all, Holmes showed signs of irresolution. He continued to walk up and down the room with his head sunk on his chest and his brows drawn down, as was his habit when lost in thought.",0,0,2.1216183e-05,Human,False,False
"This so-called 'Science of Deduction' is, in truth, a rather squalid business of the senses. I watch him now, a lean silhouette against the gaslight, which hisses with a weary sound like a dying serpent. The very air is a foul cocktail: the sharp, metallic tang of his latest chemical folly mingling with the stale ghost of yesterday’s shag tobacco. He will poke with a long, stained finger at some sordid relic—a smear of reddish clay upon a trouser-cuff, a frayed thread caught on a splintered cane—and from this miasma of dust and odour, he will conjure a man’s life. It is no science, but a grand theatrical pronouncement built upon the grim accumulation of trifles, the final, grubby truth smelling faintly of the damp wool and desperation from which it was unearthed.",1,1,0.9999112,Arthur Conan Doyle,False,False
"“Yes; I shall not feel easy until I have told my story.” “Then my servant will call a cab, and I shall be with you in an instant.” I rushed upstairs, explained the matter shortly to my wife, and in five minutes was inside a hansom, driving with my new acquaintance to Baker Street. Sherlock Holmes was, as I expected, lounging about his sitting-room in his dressing-gown, reading the agony column of _The Times_ and smoking his before-breakfast pipe, which was composed of all the plugs and dottles left from his smokes of the day before, all carefully dried and collected on the corner of the mantelpiece. He received us in his quietly genial fashion, ordered fresh rashers and eggs, and joined us in a hearty meal. When it was concluded he settled our new acquaintance upon the sofa, placed a pillow beneath his head, and laid a glass of brandy and water within his reach.",0,0,1.0582646e-05,Human,False,False
"His remarks were suddenly cut short by a loud hubbub which broke out from the stall which we had just left. Turning round we saw a little rat-faced fellow standing in the centre of the circle of yellow light which was thrown by the swinging lamp, while Breckinridge, the salesman, framed in the door of his stall, was shaking his fists fiercely at the cringing figure. “I’ve had enough of you and your geese,” he shouted. “I wish you were all at the devil together. If you come pestering me any more with your silly talk I’ll set the dog at you. You bring Mrs. Oakshott here and I’ll answer her, but what have you to do with it? Did I buy the geese off you?”",0,0,1.1909305e-05,Human,False,False
"He still stood in the middle of the rug, between the stair and doorway; and the great London physician, in order to escape, would be forced to step to one side. It was plain that he hesitated before the thought of this humiliation. White as he was, there was a dangerous glitter in his spectacles; but while he still paused uncertain, he became aware that the driver of his fly was peering in from the street at this unusual scene and caught a glimpse at the same time of our little body from the parlour, huddled by the corner of the bar. The presence of so many witnesses decided him at once to flee. He crouched together, brushing on the wainscot, and made a dart like a serpent, striking for the door. But his tribulation was not yet entirely at an end, for even as he was passing Fettes clutched him by the arm and these words came in a whisper, and yet painfully distinct, ‘Have you seen it again?’",0,0,0.00010533691,Human,False,False
"The weight of his lineage pressed upon Sir Alistair not as a spectre, but as a physical presence in the very air of Blackwood Manor. He saw it in the accusing eyes of the portraits that lined the gallery, their painted countenances seeming to grow gaunter in the failing light. A scent pervaded the rooms—a mixture of damp stone, decaying leather, and the faint, cloying sweetness of potpourri long turned to dust. The only sound was the inexorable tick of the great hall clock, a dry, wooden heartbeat that seemed to measure not the passing of hours, but the dwindling of his own bloodline. Even the fire in the grate burned with a low, mournful hiss, casting shadows that writhed upon the walls like tormented ancestors. It was the curse of inheritance, a legacy whispered not in words, but in the groan of a floorboard and the cold draught from beneath the door, a melancholy promise that the past was a tomb from which no heir could ever truly escape.",1,1,0.9999349,Arthur Conan Doyle,False,False
"Markheim had but just entered from the daylight streets, and his eyes had not yet grown familiar with the mingled shine and darkness in the shop. At these pointed words, and before the near presence of the flame, he blinked painfully and looked aside. The dealer chuckled. “You come to me on Christmas Day,” he resumed, “when you know that I am alone in my house, put up my shutters, and make a point of refusing business. Well, you will have to pay for that; you will have to pay for my loss of time, when I should be balancing my books; you will have to pay, besides, for a kind of manner that I remark in you to-day very strongly. I am the essence of discretion, and ask no awkward questions; but when a customer cannot look me in the eye, he has to pay for it.” The dealer once more chuckled; and then, changing to his usual business voice, though still with a note of irony, “You can give, as usual, a clear account of how you came into the possession of the object?” he continued. “Still your uncle’s cabinet? A remarkable collector, sir!”",0,0,2.2975986e-05,Human,False,False
"At last, upon a pledge that each should apply to his family with a common frankness, this convention of unhappy young asses broke up, went down the common stair, and in the grey of the spring morning, with the streets lying dead empty all about them, the lamps burning on into the daylight in diminished lustre, and the birds beginning to sound premonitory notes from the groves of the town gardens, went each his own way with bowed head and echoing footfall. The rooks were awake in Randolph Crescent; but the windows looked down, discreetly blinded, on the return of the prodigal. John’s pass-key was a recent privilege; this was the first time it had been used; and, oh! with what a sickening sense of his unworthiness he now inserted it into the well-oiled lock and entered that citadel of the proprieties! All slept; the gas in the hall had been left faintly burning to light his return; a dreadful stillness reigned, broken by the deep ticking of the eight-day clock. He put the gas out, and sat on a chair in the hall, waiting and counting the minutes, longing for any human countenance. But when at last he heard the alarm spring its rattle in the lower story, and the servants begin to be about, he instantly lost heart, and fled to his own room, where he threw himself upon the bed.",0,0,3.367827e-05,Human,False,False
"“But how could you guess what the motive was?” “Had there been women in the house, I should have suspected a mere vulgar intrigue. That, however, was out of the question. The man’s business was a small one, and there was nothing in his house which could account for such elaborate preparations, and such an expenditure as they were at. It must, then, be something out of the house. What could it be? I thought of the assistant’s fondness for photography, and his trick of vanishing into the cellar. The cellar! There was the end of this tangled clue. Then I made inquiries as to this mysterious assistant and found that I had to deal with one of the coolest and most daring criminals in London. He was doing something in the cellar—something which took many hours a day for months on end. What could it be, once more? I could think of nothing save that he was running a tunnel to some other building.",0,0,8.563281e-05,Human,False,False
"The concept of ""The Terror of the Sea"" is not a single entity but a title that has been attributed to various forces throughout history, reflecting humanity's evolving understanding and fear of the ocean. In antiquity, this terror was embodied by mythological beasts like the Kraken or Leviathan—gargantuan personifications of the sea's violent unpredictability and the vast, unknown depths. As maritime travel and conflict grew, the title shifted to human agents, with formidable pirates like Blackbeard or powerful naval warships representing a more tangible threat on the waves. In the modern era, scientific understanding has identified new candidates for this title. While apex predators such as the great white shark are often cited, the true terror arguably lies in the ocean's raw, impersonal power: the destructive force of a hurricane, the silent approach of a tsunami, or the immense, crushing pressure of the abyssal zone. Ultimately, the ""Terror of the Sea"" is a multifaceted concept that speaks to the ocean's enduring capacity to command respect through its immense power and profound mystery.",1,1,0.99993515,AI_Generic,False,False
"A great change passed at that moment over the appearance of the bay. It was no more that clear, visible interior, like a house roofed with glass, where the green, submarine sunshine slept so stilly. A breeze, I suppose, had flawed the surface, and a sort of trouble and blackness filled its bosom, where flashes of light and clouds of shadow tossed confusedly together. Even the terrace below obscurely rocked and quivered. It seemed a graver thing to venture on this place of ambushes; and when I leaped into the sea the second time it was with a quaking in my soul.",0,0,0.19896393,Human,False,False
"Is there a greater fool than the man who judges the book by its gilded cover? I think not. Society itself is a pitiful masquerade, a grand theatre in which every man and woman plays a part, hiding their true natures behind a flimsy veneer of respectability. The public sees a gentleman's polished boots and assumes his character is equally immaculate, never once noting the tell-tale splash of clay upon the instep that speaks of a clandestine journey. They hear a lady's genteel sigh and attribute it to a delicate constitution, blind to the faint, acrid scent of chloral upon her breath. It is a world of smoke and mirrors, designed to baffle the unthinking herd. The truth, my dear fellow, is never in the grand performance, but in the minute, involuntary details—the frayed cuff, the nervous twitch, the single, damning speck of dust that unravels the entire, carefully constructed lie.",1,1,0.99997485,Arthur Conan Doyle,False,False
"One evening he asked the miller where the river went. “It goes down the valley,” answered he, “and turns a power of mills—six score mills, they say, from here to Unterdeck—and is none the wearier after all. And then it goes out into the lowlands, and waters the great corn country, and runs through a sight of fine cities (so they say) where kings live all alone in great palaces, with a sentry walling up and down before the door. And it goes under bridges with stone men upon them, looking down and smiling so curious it the water, and living folks leaning their elbows on the wall and looking over too. And then it goes on and on, and down through marshes and sands, until at last it falls into the sea, where the ships are that bring parrots and tobacco from the Indies. Ay, it has a long trot before it as it goes singing over our weir, bless its heart!”",0,0,2.0849553e-05,Human,False,False
"From the depths of his armchair, Holmes gazed into the heart of the fire, his thoughts drifting back to the singular affair of the Abingdon inheritance. It was a matter not of sudden passion, but of a cold and patient malice, nurtured through two decades of silent obscurity. The crime, when it at last transpired, was but the final, dreadful chapter of a story begun in the dust of a forgotten colonial skirmish. He had seen many motives in his time—greed, jealousy, fear—but none held such a grim fascination as this spectre of retribution. It was an echo from a bygone age, a debt called in with terrible interest. One could flee across continents and build a new life upon the foundations of an old sin, yet the past, he mused, possessed the most tenacious of grips, and its ghosts would always, in the end, demand their due.",1,1,0.9999572,Arthur Conan Doyle,False,False
"“What do you say, Watson?” I shrugged my shoulders. “If he were safely out of the country it would relieve the tax-payer of a burden.” “But how about the chance of his holding someone up before he goes?” “He would not do anything so mad, sir. We have provided him with all that he can want. To commit a crime would be to show where he was hiding.” “That is true,” said Sir Henry. “Well, Barrymore—” “God bless you, sir, and thank you from my heart! It would have killed my poor wife had he been taken again.” “I guess we are aiding and abetting a felony, Watson? But, after what we have heard I don’t feel as if I could give the man up, so there is an end of it. All right, Barrymore, you can go.”",0,0,8.78867e-06,Human,False,False
"Well, that was settled; he had lost his portmanteau also; for the sixpence with which he had paid the Murrayfield Toll was one that had strayed alone into his waistcoat pocket, and unless he once more successfully achieved the adventure of the house of crime, his portmanteau lay in the cloakroom in eternal pawn, for lack of a penny fee. And then he remembered the porter, who stood suggestively attentive, words of gratitude hanging on his lips. John hunted right and left; he found a coin—prayed God that it was a sovereign—drew it out, beheld a halfpenny, and offered it to the porter.",0,0,2.033485e-05,Human,False,False
"“Well, she had a slate-coloured, broad-brimmed straw hat, with a feather of a brickish red. Her jacket was black, with black beads sewn upon it, and a fringe of little black jet ornaments. Her dress was brown, rather darker than coffee colour, with a little purple plush at the neck and sleeves. Her gloves were greyish and were worn through at the right forefinger. Her boots I didn’t observe. She had small round, hanging gold earrings, and a general air of being fairly well-to-do in a vulgar, comfortable, easy-going way.” Sherlock Holmes clapped his hands softly together and chuckled. “’Pon my word, Watson, you are coming along wonderfully. You have really done very well indeed. It is true that you have missed everything of importance, but you have hit upon the method, and you have a quick eye for colour. Never trust to general impressions, my boy, but concentrate yourself upon details. My first glance is always at a woman’s sleeve. In a man it is perhaps better first to take the knee of the trouser. As you observe, this woman had plush upon her sleeves, which is a most useful material for showing traces. The double line a little above the wrist, where the typewritist presses against the table, was beautifully defined. The sewing-machine, of the hand type, leaves a similar mark, but only on the left arm, and on the side of it farthest from the thumb, instead of being right across the broadest part, as this was. I then glanced at her face, and, observing the dint of a pince-nez at either side of her nose, I ventured a remark upon short sight and typewriting, which seemed to surprise her.”",0,0,2.0694386e-05,Human,False,False
"It was in the latter days of September, and the equinoctial gales had set in with exceptional violence. All day the wind had screamed and the rain had beaten against the windows, so that even here in the heart of great, hand-made London we were forced to raise our minds for the instant from the routine of life and to recognise the presence of those great elemental forces which shriek at mankind through the bars of his civilisation, like untamed beasts in a cage. As evening drew in, the storm grew higher and louder, and the wind cried and sobbed like a child in the chimney. Sherlock Holmes sat moodily at one side of the fireplace cross-indexing his records of crime, while I at the other was deep in one of Clark Russell’s fine sea-stories until the howl of the gale from without seemed to blend with the text, and the splash of the rain to lengthen out into the long swash of the sea waves. My wife was on a visit to her mother’s, and for a few days I was a dweller once more in my old quarters at Baker Street.",0,0,0.00055009226,Human,False,False
"The relationship between science and the unexplained is less of a conflict and more of a constantly shifting boundary. Science operates on a foundation of testable hypotheses, empirical evidence, and repeatable experiments to build a reliable understanding of the natural world. Phenomena are considered ""unexplained"" when they currently lack a sufficient explanation within existing scientific frameworks, ranging from anecdotal paranormal encounters to complex cosmological puzzles. The tension arises not because science dismisses mystery, but because its methodology demands a high standard of proof that many unexplained claims cannot meet. Anecdotal evidence, unfalsifiable claims, and non-repeatable events fall outside the scope of rigorous scientific inquiry. However, the history of science is a continuous process of investigating the unknown. What was once unexplained, such as lightning or disease, eventually became understood through systematic observation and discovery, demonstrating that the frontier of the unexplained is the very territory science seeks to explore and map.",1,1,0.9998789,AI_Generic,False,False
"“I have come to you, Mr. Holmes,” she said, “because you once enabled my employer, Mrs. Cecil Forrester, to unravel a little domestic complication. She was much impressed by your kindness and skill.” “Mrs. Cecil Forrester,” he repeated thoughtfully. “I believe that I was of some slight service to her. The case, however, as I remember it, was a very simple one.” “She did not think so. But at least you cannot say the same of mine. I can hardly imagine anything more strange, more utterly inexplicable, than the situation in which I find myself.” Holmes rubbed his hands, and his eyes glistened. He leaned forward in his chair with an expression of extraordinary concentration upon his clear-cut, hawklike features. “State your case,” said he, in brisk, business tones.",0,0,0.0001112049,Human,False,False
"The Doctor winced and looked furtively at Jean-Marie; but the boy seemed apathetic. “And then again,” broke out Casimir, “what children you are—vicious children, my faith! How could you tell the value of this trash? It might have been worth nothing, or next door.” “Pardon me,” said the Doctor. “You have your usual flow of spirits, I perceive, but even less than your usual deliberation. I am not entirely ignorant of these matters.” “Not entirely ignorant of anything ever I heard of,” interrupted Casimir, bowing, and raising his glass with a sort of pert politeness. “At least,” resumed the Doctor, “I gave my mind to the subject—that you may be willing to believe—and I estimated that our capital would be doubled.” And he described the nature of the find.",0,0,5.9237136e-06,Human,False,False
"For five days he toiled footsore and weary through the defiles which he had already traversed on horseback. At night he flung himself down among the rocks, and snatched a few hours of sleep; but before daybreak he was always well on his way. On the sixth day, he reached the Eagle Cañon, from which they had commenced their ill-fated flight. Thence he could look down upon the home of the saints. Worn and exhausted, he leaned upon his rifle and shook his gaunt hand fiercely at the silent widespread city beneath him. As he looked at it, he observed that there were flags in some of the principal streets, and other signs of festivity. He was still speculating as to what this might mean when he heard the clatter of horse’s hoofs, and saw a mounted man riding towards him. As he approached, he recognized him as a Mormon named Cowper, to whom he had rendered services at different times. He therefore accosted him when he got up to him, with the object of finding out what Lucy Ferrier’s fate had been.",0,0,1.7420927e-05,Human,False,False
"""Vengeance from the Past"" is a potent narrative theme centered on the idea that historical transgressions have long-lasting and often violent consequences. This trope typically involves a character or entity, wronged years or even generations prior, who resurfaces to exact retribution upon the original perpetrator or their unsuspecting descendants. The core conflict arises from the unearthing of a buried secret or an unresolved injustice, demonstrating that time does not necessarily heal all wounds or erase moral debts. This framework serves as a powerful tool to explore complex ideas such as inherited guilt, the cyclical nature of violence, and the moral ambiguity of revenge. The narrative forces both characters and the audience to confront the notion that the past is not a separate, concluded chapter, but a living force that can intrude upon and decisively shape the present.",1,1,0.9999174,AI_Generic,False,False
"“Through the skylight. We shall soon see how he managed it.” He swung himself up onto the roof. “Ah, yes,” he cried, “here’s the end of a long light ladder against the eaves. That is how he did it.” “But it is impossible,” said Miss Hunter; “the ladder was not there when the Rucastles went away.” “He has come back and done it. I tell you that he is a clever and dangerous man. I should not be very much surprised if this were he whose step I hear now upon the stair. I think, Watson, that it would be as well for you to have your pistol ready.”",0,0,8.218301e-06,Human,False,False
"It slumbers in the abyssal trenches where the weight of the ocean could crush steel into dust. Its awakening is not a sudden violence, but a slow, resonant groan that travels through the water, vibrating against the hulls of unsuspecting ships. First comes the shadow, a colossal darkness that blots out the faint, ghostly light of the deep. Then, its eyes, vast and cold, ignite like a pair of dying nebulae, illuminating a maw lined with teeth like shattered icebergs. It is a mountain of barnacle-encrusted flesh and primordial fury rising from the blackness, the sea itself recoiling from its presence. The water churns into a maelstrom as a singular appendage, wider than a galleon's mast, splinters timber and tears through sail with indifferent force. It is the silent, ancient hunger of the depths, the personification of the ocean's unforgiving power, dragging all hope down into a lightless, forgotten grave.",1,1,0.9999585,AI_Generic,False,False
"The world exists on a frontier where the bright, unblinking eye of science seeks to map every shadow. On one side stands a fortress of empirical data, built with the tools of logic, measurement, and repeatable evidence. Here, every phenomenon is a puzzle to be solved, a mechanism to be understood and defined. But across this border lies the vast, nebulous territory of the unexplained—a realm of fleeting apparitions, inexplicable coincidences, and whispers of folklore that defy categorization. It is the cold spot in a sunlit room, the strange static between frequencies, the uncanny feeling of being watched. While science pushes relentlessly forward, methodically illuminating the darkness, the unexplained persists in the periphery. It is not merely a void waiting to be filled with facts, but a persistent, mysterious landscape that haunts the edges of our understanding, fueling both our greatest skepticism and our deepest sense of wonder.",1,1,0.9999839,AI_Generic,False,False
"“I see. And you saw no more of him?” “Not after he went into the station.” “And how would you describe Mr. Sherlock Holmes?” The cabman scratched his head. “Well, he wasn’t altogether such an easy gentleman to describe. I’d put him at forty years of age, and he was of a middle height, two or three inches shorter than you, sir. He was dressed like a toff, and he had a black beard, cut square at the end, and a pale face. I don’t know as I could say more than that.” “Colour of his eyes?” “No, I can’t say that.”",0,0,7.0365763e-06,Human,False,False
"The thought of one quarry, in his frozen wits, suggested another; and he plodded off toward Craigleith. A wind had sprung up out of the north-west; it was cruel keen, it dried him like a fire, and racked his finger-joints. It brought clouds, too; pale, swift, hurrying clouds, that blotted heaven and shed gloom upon the earth. He scrambled up among the hazelled rubbish heaps that surround the caldron of the quarry, and lay flat upon the stones. The wind searched close along the earth, the stones were cutting and icy, the bare hazels wailed about him; and soon the air of the afternoon began to be vocal with those strange and dismal harpings that herald snow. Pain and misery turned in John’s limbs to a harrowing impatience and blind desire of change; now he would roll in his harsh lair, and when the flints abraded him, was almost pleased; now he would crawl to the edge of the huge pit and look dizzily down. He saw the spiral of the descending roadway, the steep crags, the clinging bushes, the peppering of snow-wreaths, and far down in the bottom, the diminished crane. Here, no doubt, was a way to end it. But it somehow did not take his fancy.",0,0,0.001315337,Human,False,False
"Man is not truly one, but two. This is an old truth, known in the nursery and forgotten in the press of life. We see it in the schoolboy’s eye; a flicker of pure grace, then a glint of some ancient, nameless evil. The upright citizen presents a steady countenance to his fellows, his discourse is sound and his charity well-known. Yet a second self walks with him, a thing of shadow and base appetite, forever straining at the leash. These two are bound together, the angelic and the apelike, warring factions in the single field of a man’s soul. They contend for mastery in that silent theatre, and one may gain the ascendancy for a time, but the other is never vanquished, only waiting.",1,1,0.9999012,Robert Louis Stevenson,False,False
"The little man’s eyes sparkled as he spoke, and he was evidently in a state of suppressed exultation at having scored a point against his colleague. “Come here,” he said, bustling back into the room, the atmosphere of which felt clearer since the removal of its ghastly inmate. “Now, stand there!” He struck a match on his boot and held it up against the wall. “Look at that!” he said, triumphantly. I have remarked that the paper had fallen away in parts. In this particular corner of the room a large piece had peeled off, leaving a yellow square of coarse plastering. Across this bare space there was scrawled in blood-red letters a single word—",0,0,6.364048e-05,Human,False,False
"“What is it?” the Mormon asked uneasily. “Be quick. The very rocks have ears and the trees eyes.” “What has become of Lucy Ferrier?” “She was married yesterday to young Drebber. Hold up, man, hold up, you have no life left in you.” “Don’t mind me,” said Hope faintly. He was white to the very lips, and had sunk down on the stone against which he had been leaning. “Married, you say?” “Married yesterday—that’s what those flags are for on the Endowment House. There was some words between young Drebber and young Stangerson as to which was to have her. They’d both been in the party that followed them, and Stangerson had shot her father, which seemed to give him the best claim; but when they argued it out in council, Drebber’s party was the stronger, so the Prophet gave her over to him. No one won’t have her very long though, for I saw death in her face yesterday. She is more like a ghost than a woman. Are you off, then?”",0,0,6.0541124e-06,Human,False,False
"“We have at least an hour before us,” he remarked, “for they can hardly take any steps until the good pawnbroker is safely in bed. Then they will not lose a minute, for the sooner they do their work the longer time they will have for their escape. We are at present, Doctor—as no doubt you have divined—in the cellar of the City branch of one of the principal London banks. Mr. Merryweather is the chairman of directors, and he will explain to you that there are reasons why the more daring criminals of London should take a considerable interest in this cellar at present.”",0,0,1.3661954e-05,Human,False,False
"Abune Hangin’ Shaw, in the bield o’ the Black Hill, there’s a bit enclosed grund wi’ an iron yett; and it seems, in the auld days, that was the kirkyaird o’ Ba’weary, and consecrated by the Papists before the blessed licht shone upon the kingdom. It was a great howff o’ Mr. Soulis’s, onyway; there he would sit an’ consider his sermons; and indeed it’s a bieldy bit. Weel, as he cam ower the wast end o’ the Black Hill, ae day, he saw first twa, an syne fower, an’ syne seeven corbie craws fleein’ round an’ round abune the auld kirkyaird. They flew laigh and heavy, an’ squawked to ither as they gaed; and it was clear to Mr. Soulis that something had put them frae their ordinar. He wasnae easy fleyed, an’ gaed straucht up to the wa’s; an’ what suld he find there but a man, or the appearance of a man, sittin’ in the inside upon a grave. He was of a great stature, an’ black as hell, and his e’en were singular to see.[144] Mr. Soulis had heard tell o’ black men, mony’s the time; but there was something unco about this black man that daunted him. Het as he was, he took a kind o’ cauld grue in the marrow o’ his banes; but up he spak for a’ that; an’ says he: “My friend, are you a stranger in this place?” The black man answered never a word; he got upon his feet, an’ begude to hirsle to the wa’ on the far side; but he aye lookit at the minister; an’ the minister stood an’ lookit back; till a’ in a meenute the black man was ower the wa’ an’ rinnin’ for the bield o’ the trees. Mr. Soulis, he hardly kenned why, ran after him; but he was sair forjaskit wi’ his walk an’ the het, unhalesome weather; and rin as he likit, he got nae mair than a glisk o’ the black man amang the birks, till he won doun to the foot o’ the hill-side, an’ there he saw him ance mair, gaun, hap, step, an’ lowp, ower Dule water to the manse.",0,0,1.4910414e-05,Human,False,False
"Holmes and I had listened spellbound to this extraordinary story. My friend rose now and paced up and down the room, his hands in his pockets, and an expression of the most profound gravity upon his face. “Is Toller still drunk?” he asked. “Yes. I heard his wife tell Mrs. Rucastle that she could do nothing with him.” “That is well. And the Rucastles go out to-night?” “Is there a cellar with a good strong lock?” “Yes, the wine-cellar.” “You seem to me to have acted all through this matter like a very brave and sensible girl, Miss Hunter. Do you think that you could perform one more feat? I should not ask it of you if I did not think you a quite exceptional woman.”",0,0,1.7868297e-05,Human,False,False
"""Vengeance from the Past"" is a powerful narrative theme centered on the idea that historical transgressions have long-term consequences that eventually demand retribution. This concept operates on the principle that a past injustice, whether a personal betrayal, a family feud, or a societal crime, resurfaces to haunt the present. As a plot device, it creates inherent conflict and suspense, as characters are forced to confront a forgotten or inherited sin. The agent of this vengeance can be a wronged individual who has spent years plotting their return, a descendant seeking to restore their family's honor, or even a supernatural force bound to a historical event. The theme effectively explores concepts of justice, memory, and causality, suggesting that time does not erase all wounds and that the past holds an inescapable claim on the future. It serves as a compelling reminder that actions, no matter how long ago they occurred, can create an inevitable and often destructive reckoning.",1,1,0.99991226,AI_Generic,False,False
"Domestic tragedy is a dramatic genre that focuses on the tragic downfall of ordinary, middle-class protagonists, departing from classical traditions which centered on nobles, royalty, and figures of high stature. The setting is typically the private, domestic sphere—the home—and the central conflict arises from personal relationships, family disputes, financial pressures, and social anxieties rather than matters of state. This form gained prominence in the 18th century and was later perfected by modern playwrights like Henrik Ibsen, August Strindberg, and Arthur Miller. By grounding the narrative in the mundane struggles of everyday life, these plays make the tragic experience more relatable and intimate for the audience. The profound suffering and moral collapse of a character like Willy Loman in *Death of a Salesman* demonstrates that the potential for tragedy is not exclusive to the powerful, but exists within the microcosm of the family and the pressures of contemporary society.",1,1,0.9998242,AI_Generic,False,False
"Just before dinner two telegrams were handed in. The first ran: Have just heard that Barrymore is at the Hall. BASKERVILLE. Visited twenty-three hotels as directed, but sorry to report unable to trace cut sheet of _Times_. CARTWRIGHT. “There go two of my threads, Watson. There is nothing more stimulating than a case where everything goes against you. We must cast round for another scent.” “We have still the cabman who drove the spy.” “Exactly. I have wired to get his name and address from the Official Registry. I should not be surprised if this were an answer to my question.”",0,0,2.0338168e-05,Human,False,False
"One morning, at a little before seven o’clock, I was awakened by the maid tapping at the door to announce that two men had come from Paddington and were waiting in the consulting-room. I dressed hurriedly, for I knew by experience that railway cases were seldom trivial, and hastened downstairs. As I descended, my old ally, the guard, came out of the room and closed the door tightly behind him. “I’ve got him here,” he whispered, jerking his thumb over his shoulder; “he’s all right.” “What is it, then?” I asked, for his manner suggested that it was some strange creature which he had caged up in my room.",0,0,1.30651115e-05,Human,False,False
"Dr Alistair Finch, a man who had built the entire edifice of his life upon the solid bedrock of demonstrable fact, found his convictions beginning to fracture. It was not a ghost he feared, for such things belonged to the parlours of hysterical women and the pages of cheap novels. Rather, it was the chilling precision of the impossibilities that now plagued his nights: a shadow that fell contrary to the lamplight; a footfall on the stair when he was demonstrably alone; a sudden, icy stillness in the air that seemed to absorb all sound. Each incident, taken alone, might be dismissed as a trick of the senses. Yet taken together, they composed a dreadful and coherent narrative, a logic utterly alien to his own. He felt himself standing at the threshold of some dark chamber of existence, a place where the laws of nature were not broken, but merely supplanted by other, more ancient and abominable rules.",1,1,0.9999716,Robert Louis Stevenson,False,False
"“I cannot, and I will not, believe it!” cried the banker with an ashen face. “I will tell you, then, what occurred in your house last night. Your niece, when you had, as she thought, gone to your room, slipped down and talked to her lover through the window which leads into the stable lane. His footmarks had pressed right through the snow, so long had he stood there. She told him of the coronet. His wicked lust for gold kindled at the news, and he bent her to his will. I have no doubt that she loved you, but there are women in whom the love of a lover extinguishes all other loves, and I think that she must have been one. She had hardly listened to his instructions when she saw you coming downstairs, on which she closed the window rapidly and told you about one of the servants’ escapade with her wooden-legged lover, which was all perfectly true.",0,0,1.861626e-05,Human,False,False
"The duality of human nature is a concept positing that every individual possesses a capacity for two opposing fundamental forces, often framed as good and evil, or order and chaos. This internal conflict is a central theme in philosophy, literature, and psychology, exploring the tension between our rational, civilized selves and our more primitive, instinctual impulses. It manifests in the struggle between altruism and selfishness, compassion and cruelty, and creation and destruction. This inherent contradiction is not necessarily a flaw but a defining characteristic of the human condition, suggesting that our actions are the result of a constant negotiation between these competing aspects. From religious doctrines of sin and virtue to the psychological theories of Freud, the idea persists that humanity's potential for both profound nobility and terrible depravity resides within the same soul, making our behavior deeply complex and often unpredictable.",1,1,0.99992955,AI_Generic,False,False
"Domestic tragedy brings the grand scope of destruction into the intimate sphere of the household, focusing not on kings or nobles, but on the lives of ordinary, middle-class protagonists. The drama unfolds within familiar settings—a kitchen, a bedroom, a local shop—where the conflicts are born from personal and relatable failings rather than epic political struggles. The source of the catastrophe is often a moral transgression such as adultery, greed, or jealousy, which festers within the family unit until it erupts into violence and ruin. This genre strips away the grandeur of classical tragedy to reveal that profound, soul-crushing downfall can arise from everyday pressures and poor choices. Its power lies in this unsettling proximity to reality, serving as a bleak cautionary tale that the potential for tragic collapse exists not in a distant kingdom, but within the very walls of one’s own home.",1,1,0.9999609,AI_Generic,False,False
"“You did it very nicely, Doctor,” he remarked. “Nothing could have been better. It is all right.” “You have the photograph?” “I know where it is.” “And how did you find out?” “She showed me, as I told you she would.” “I am still in the dark.” “I do not wish to make a mystery,” said he, laughing. “The matter was perfectly simple. You, of course, saw that everyone in the street was an accomplice. They were all engaged for the evening.” “Then, when the row broke out, I had a little moist red paint in the palm of my hand. I rushed forward, fell down, clapped my hand to my face, and became a piteous spectacle. It is an old trick.”",0,0,4.537477e-06,Human,False,False
"“There were several gentlemen who knew my sad history and united to help me. One was Mr. Stapleton, a neighbour and intimate friend of Sir Charles’s. He was exceedingly kind, and it was through him that Sir Charles learned about my affairs.” I knew already that Sir Charles Baskerville had made Stapleton his almoner upon several occasions, so the lady’s statement bore the impress of truth upon it. “Did you ever write to Sir Charles asking him to meet you?” I continued. Mrs. Lyons flushed with anger again. “Really, sir, this is a very extraordinary question.” “I am sorry, madam, but I must repeat it.”",0,0,1.4600247e-05,Human,False,False
"The violation of the dead refers to a broad spectrum of acts that transgress deeply held social, ethical, and legal norms concerning the treatment of human remains and legacy. Historically and across cultures, this concept encompasses physical desecration, such as grave robbing, mutilation, or the unauthorized use of a corpse for scientific or other purposes. Beyond the physical, it also includes posthumous defamation, where the reputation or memory of the deceased is maliciously attacked. Societies almost universally condemn these actions, viewing them as a profound offense against human dignity and communal memory. Consequently, legal frameworks have been established to criminalize acts like corpse abuse and the disturbance of burial sites. These prohibitions reflect a fundamental human impulse to protect the deceased from harm and to honor their final resting place, ensuring their memory is treated with respect.",1,1,0.99931645,AI_Generic,False,False
"He regarded the still form upon the slab, not with the boyish revulsion that had once attended his first forays into this grim anatomical theatre, but with the cold and proprietary interest of a craftsman viewing his unworked clay; for what, after all, was this poor vessel now that the spirit—that troublesome and altogether inconvenient ghost—had fled its mortal housing? Here lay the final answer to all human vanity, a stark refutation of every whispered prayer and social scruple that had once animated the now-vacant countenance before him. That the world should so loudly decry the means whilst clamouring for the end—that it should demand the surgeon’s miracle yet shudder at his necessary materials—was a hypocrisy so profound and so commonplace that it no longer provoked his anger, but merely a weary, almost comfortable, sense of contempt for all mankind's delicate and self-serving illusions.",1,1,0.999042,Robert Louis Stevenson,False,False
"The concept of vengeance from the past centers on the principle of delayed retribution for a transgression long thought to be resolved or forgotten. Central to this narrative is a significant time lapse, during which the original perpetrator has often established a new life, believing their past actions hold no further consequences. The aggrieved party, however, or a descendant acting on their behalf, has allowed the grievance to fester, often meticulously planning their reprisal over years or even decades. The resulting act of revenge is typically not a crime of passion but a calculated and deliberate unraveling of the target's present reality, directly linking their current suffering to their historical misdeeds. This theme explores the inescapable nature of one's history, suggesting that unresolved conflicts and injustices possess the power to resurface and exact a heavy price, regardless of how much time has passed.",1,1,0.9999324,AI_Generic,False,False
"“‘My heart grew light when I saw him drive away. My son is on leave just now, but I did not tell him anything of all this, for his temper is violent, and he is passionately fond of his sister. When I closed the door behind them a load seemed to be lifted from my mind. Alas, in less than an hour there was a ring at the bell, and I learned that Mr. Drebber had returned. He was much excited, and evidently the worse for drink. He forced his way into the room, where I was sitting with my daughter, and made some incoherent remark about having missed his train. He then turned to Alice, and before my very face, proposed to her that she should fly with him. “You are of age,” he said, “and there is no law to stop you. I have money enough and to spare. Never mind the old girl here, but come along with me now straight away. You shall live like a princess.” Poor Alice was so frightened that she shrunk away from him, but he caught her by the wrist and endeavoured to draw her towards the door. I screamed, and at that moment my son Arthur came into the room. What happened then I do not know. I heard oaths and the confused sounds of a scuffle. I was too terrified to raise my head. When I did look up I saw Arthur standing in the doorway laughing, with a stick in his hand. “I don’t think that fine fellow will trouble us again,” he said. “I will just go after him and see what he does with himself.” With those words he took his hat and started off down the street. The next morning we heard of Mr. Drebber’s mysterious death.’",0,0,1.3737182e-05,Human,False,False
"The clock uttered its premonitory catch; in five minutes Christmas-day would be among the days of the past—Christmas!—what a Christmas! Well, there was no use waiting; he had come into that house, he scarce knew how; if they were to thrust him forth again, it had best be done at once; and he moved to the door of the back room and entered. Oh, well, then he was insane, as he had long believed. There, in his father’s room, at midnight, the fire was roaring and the gas blazing; the papers, the sacred papers—to lay a hand on which was criminal—had all been taken off and piled along the floor; a cloth was spread, and a supper laid, upon the business table; and in his father’s chair a woman, habited like a nun, sat eating. As he appeared in the doorway, the nun rose, gave a low cry, and stood staring. She was a large woman, strong, calm, a little masculine, her features marked with courage and good sense; and as John blinked back at her, a faint resemblance dodged about his memory, as when a tune haunts us, and yet will not be recalled.",0,0,1.907525e-05,Human,False,False
"“Why, what is there against him?” “Oh, I didn’t say there was anything against him. He is a little queer in his ideas—an enthusiast in some branches of science. As far as I know he is a decent fellow enough.” “A medical student, I suppose?” said I. “No—I have no idea what he intends to go in for. I believe he is well up in anatomy, and he is a first-class chemist; but, as far as I know, he has never taken out any systematic medical classes. His studies are very desultory and eccentric, but he has amassed a lot of out-of-the-way knowledge which would astonish his professors.”",0,0,1.4213428e-05,Human,False,False
"Folklore and superstition are intertwined threads in the fabric of human culture, both stemming from a collective desire to interpret the world and exert a measure of control over the unknown. Folklore encompasses the broad body of traditional beliefs, stories, myths, and customs passed down through generations, forming a cornerstone of a community's identity. Within this larger framework lies superstition, which is a more specific belief in supernatural causation—the idea that certain actions or objects can influence future events, such as knocking on wood to avert misfortune or avoiding black cats to prevent bad luck. Superstitions often act as the practical, ritualistic expressions of the deeper narratives found in folklore. These traditions, while not based on empirical evidence, serve to reinforce social norms, provide psychological comfort, and transmit cultural wisdom and warnings. They persist as a testament to how societies have historically navigated uncertainty, revealing a rich history of shared values and interpretations of the human experience.",1,1,0.9998753,AI_Generic,False,False
"Who can say where the soul of the man ends and the shadow of his grandsire begins? For it is a strange and solemn truth that we carry within our very blood the echoes of a hundred forgotten lives, a ghostly parliament that debates our every action. The cast of a jaw may betray the brutal passion of some long-dead buccaneer, just as a sudden melancholy in the eye might reveal the pensive sorrow of a scholar from a bygone age. These are not mere fancies, but the indelible stamps of lineage, the hereditary taints and virtues which chart a man's course before he has ever taken his first step. He may strive against these ancient proclivities, but he remains forever a vessel for the unresolved strifes and dormant sorrows of his house, a living testament to a past that will not be gainsaid.",1,1,0.9999707,Arthur Conan Doyle,False,False
"“I hope that I may have the pleasure of introducing you to-night. I’ve had one or two little turns also with Mr. John Clay, and I agree with you that he is at the head of his profession. It is past ten, however, and quite time that we started. If you two will take the first hansom, Watson and I will follow in the second.” Sherlock Holmes was not very communicative during the long drive and lay back in the cab humming the tunes which he had heard in the afternoon. We rattled through an endless labyrinth of gas-lit streets until we emerged into Farrington Street.",0,0,3.4854693e-05,Human,False,False
"‘She did not love me,’ he said, turning to her father. ‘I feared as much,’ said he, ‘when I sounded her. Poor Dick, poor Dick. And yet I believe I am as much cut up as you are. I was born to see others happy.’ ‘You forget,’ returned Dick, with something like a sneer, ‘that I am now a pauper.’ Van Tromp snapped his fingers. ‘Tut!’ said he; ‘Esther has plenty for us all.’ Dick looked at him with some wonder. It had never dawned upon him that this shiftless, thriftless, worthless, sponging parasite was yet, after and in spite of all, not mercenary in the issue of his thoughts; yet so it was.",0,0,2.0027155e-05,Human,False,False
"“Yes, sir. I am afraid that I am a little late, but I am not quite my own master, you know. I am sorry that Miss Sutherland has troubled you about this little matter, for I think it is far better not to wash linen of the sort in public. It was quite against my wishes that she came, but she is a very excitable, impulsive girl, as you may have noticed, and she is not easily controlled when she has made up her mind on a point. Of course, I did not mind you so much, as you are not connected with the official police, but it is not pleasant to have a family misfortune like this noised abroad. Besides, it is a useless expense, for how could you possibly find this Hosmer Angel?”",0,0,8.675672e-05,Human,False,False
"“I have given some attention to this matter and it is undoubtedly of importance. There can be no question that Stapleton had a confidant, though it is unlikely that he ever placed himself in his power by sharing all his plans with him. There was an old manservant at Merripit House, whose name was Anthony. His connection with the Stapletons can be traced for several years, as far back as the school-mastering days, so that he must have been aware that his master and mistress were really husband and wife. This man has disappeared and has escaped from the country. It is suggestive that Anthony is not a common name in England, while Antonio is so in all Spanish or Spanish-American countries. The man, like Mrs. Stapleton herself, spoke good English, but with a curious lisping accent. I have myself seen this old man cross the Grimpen Mire by the path which Stapleton had marked out. It is very probable, therefore, that in the absence of his master it was he who cared for the hound, though he may never have known the purpose for which the beast was used.",0,0,0.00011502657,Human,False,False
"“‘Perhaps you will have the kindness to wait in this room for a few minutes,’ said he, throwing open another door. It was a quiet, little, plainly furnished room, with a round table in the centre, on which several German books were scattered. Colonel Stark laid down the lamp on the top of a harmonium beside the door. ‘I shall not keep you waiting an instant,’ said he, and vanished into the darkness. “I glanced at the books upon the table, and in spite of my ignorance of German I could see that two of them were treatises on science, the others being volumes of poetry. Then I walked across to the window, hoping that I might catch some glimpse of the country-side, but an oak shutter, heavily barred, was folded across it. It was a wonderfully silent house. There was an old clock ticking loudly somewhere in the passage, but otherwise everything was deadly still. A vague feeling of uneasiness began to steal over me. Who were these German people, and what were they doing living in this strange, out-of-the-way place? And where was the place? I was ten miles or so from Eyford, that was all I knew, but whether north, south, east, or west I had no idea. For that matter, Reading, and possibly other large towns, were within that radius, so the place might not be so secluded, after all. Yet it was quite certain, from the absolute stillness, that we were in the country. I paced up and down the room, humming a tune under my breath to keep up my spirits and feeling that I was thoroughly earning my fifty-guinea fee.",0,0,2.282112e-05,Human,False,False
"“Here you are, you see,” said Sherlock Holmes, putting his hand against the sloping wall. “This is a trap-door which leads out on to the roof. I can press it back, and here is the roof itself, sloping at a gentle angle. This, then, is the way by which Number One entered. Let us see if we can find any other traces of his individuality.” He held down the lamp to the floor, and as he did so I saw for the second time that night a startled, surprised look come over his face. For myself, as I followed his gaze my skin was cold under my clothes. The floor was covered thickly with the prints of a naked foot,—clear, well defined, perfectly formed, but scarce half the size of those of an ordinary man.",0,0,8.75757e-05,Human,False,False
"The Science of Deduction is a rigorous mental discipline, an art form that transforms keen observation into profound insight. It begins not with grand theories, but with the meticulous scrutiny of the seemingly insignificant—the faint scuff on a shoe, the precise nature of a speck of dust, or the subtle tremor in a person's voice. These fragments of data are then filtered through a vast and specialized knowledge base, allowing the practitioner to assign meaning to what others merely see. From this foundation, an unbreakable chain of logical reasoning is constructed, each inference securely tethered to the last. Central to this process is the systematic elimination of all impossibilities; for once the impossible is removed, whatever remains, however improbable, must be the truth. It is a systematic framework for piecing together a coherent narrative from disparate facts, illuminating the hidden order within apparent chaos.",1,1,0.9999417,AI_Generic,False,False
"‘Do you know him, Doctor?’ asked the undertaker, with a gasp. ‘God forbid!’ was the reply. ‘And yet the name is a strange one; it were too much to fancy two. Tell me, landlord, is he old?’ ‘Well,’ said the host, ‘he’s not a young man, to be sure, and his hair is white; but he looks younger than you.’ ‘He is older, though; years older. But,’ with a slap upon the table, ‘it’s the rum you see in my face—rum and sin. This man, perhaps, may have an easy conscience and a good digestion. Conscience! Hear me speak. You would think I was some good, old, decent Christian, would you not? But no, not I; I never canted. Voltaire might have canted if he’d stood in my shoes; but the brains’—with a rattling fillip on his bald head—‘the brains were clear and active, and I saw and made no deductions.’",0,0,7.442359e-06,Human,False,False
"‘I have to apologise, sir, for last night—’ he would begin. ‘Of course you have,’ the old gentleman would cut in cheerfully. ‘You spoke like a fool. Say no more about it.’ ‘You do not understand me, sir. I refer to a particular point. I confess there is much force in your argument from the doctrine of possibilities.’ ‘Of course there is,’ returned his father. ‘Come down and look at the stables. Only,’ he would add, ‘bear this in mind, and do remember that a man of my age and experience knows more about what he is saying than a raw boy.’",0,0,1.0211027e-05,Human,False,False
"The Science of Deduction is a disciplined art form, a structured approach to uncovering truth from a landscape of seemingly disconnected facts. It begins not with mere seeing, but with meticulous observation—the careful noting of minute details, from the type of mud on a boot to the subtle fraying of a cuff. Each observation becomes a foundational premise in a chain of unwavering logic, where one inference is built securely upon the last. This intellectual architecture relies on a vast, specialized knowledge base to give context and meaning to these otherwise trivial clues. The practitioner then systematically eliminates every impossibility, following the principle that whatever remains, however improbable, must be the truth. It is a cold, precise calculus of the mind, transforming the mundane into a clear narrative and revealing the hidden order within apparent chaos.",1,1,0.9999602,AI_Generic,False,False
"He hastened his step. The lane grew stark and the trees clawed at the gloaming. From the wood, an owl cried out—once, then twice. A grim and sudden omen. He felt the old tales stir within him, the nursery fears given teeth by the coming night. A cold draft, whence he knew not, snaked about his collar. Something scurried in the hedge. He dared not look. For what was the wind but a carrier of whispers, and what were the shadows but the cloaks of unholy things? The safety of his own door seemed a world away, a fool’s hope. Every snapping twig was a footstep gaining on his own. Every shifting leaf, a hand that reached for him.",1,1,0.99959224,Robert Louis Stevenson,False,False
"“Ay,” said I, “I feared it came by wreck, and that’s by death; yet when my father died, I took his goods without remorse.” “Your father died a clean strae death, as the folk say,” said Mary. “True,” I returned; “and a wreck is like a judgment. What was she called?” “They ca’d her the _Christ-Anna_,” said a voice behind me; and, turning round, I saw my uncle standing in the doorway. He was a sour, small, bilious man, with a long face and very dark eyes; fifty-six years old, sound and active in body, and with an air somewhat between that of a shepherd and that of a man following the sea. He never laughed, that I heard; read long at the Bible; prayed much, like the Cameronians he had been brought up among; and indeed, in many ways, used to remind me of one of the hill-preachers in the killing times before the Revolution. But he never got much comfort, nor even, as I used to think, much guidance, by his piety. He had his black fits when he was afraid of hell; but he had led a rough life, to which he would look back with envy, and was still a rough, cold, gloomy man.",0,0,1.3391249e-05,Human,False,False
"I handed him over the watch with some slight feeling of amusement in my heart, for the test was, as I thought, an impossible one, and I intended it as a lesson against the somewhat dogmatic tone which he occasionally assumed. He balanced the watch in his hand, gazed hard at the dial, opened the back, and examined the works, first with his naked eyes and then with a powerful convex lens. I could hardly keep from smiling at his crestfallen face when he finally snapped the case to and handed it back. “There are hardly any data,” he remarked. “The watch has been recently cleaned, which robs me of my most suggestive facts.”",0,0,3.382388e-05,Human,False,False
"“I was so terrified that I do not know what I did. I suppose that I must have rushed past him into my room. I remember nothing until I found myself lying on my bed trembling all over. Then I thought of you, Mr. Holmes. I could not live there longer without some advice. I was frightened of the house, of the man, of the woman, of the servants, even of the child. They were all horrible to me. If I could only bring you down all would be well. Of course I might have fled from the house, but my curiosity was almost as strong as my fears. My mind was soon made up. I would send you a wire. I put on my hat and cloak, went down to the office, which is about half a mile from the house, and then returned, feeling very much easier. A horrible doubt came into my mind as I approached the door lest the dog might be loose, but I remembered that Toller had drunk himself into a state of insensibility that evening, and I knew that he was the only one in the household who had any influence with the savage creature, or who would venture to set him free. I slipped in in safety and lay awake half the night in my joy at the thought of seeing you. I had no difficulty in getting leave to come into Winchester this morning, but I must be back before three o’clock, for Mr. and Mrs. Rucastle are going on a visit, and will be away all the evening, so that I must look after the child. Now I have told you all my adventures, Mr. Holmes, and I should be very glad if you could tell me what it all means, and, above all, what I should do.”",0,0,1.9339233e-05,Human,False,False
"“But, surely, it was obvious. I was then much surprised and interested on glancing down to observe that, though the boots which she was wearing were not unlike each other, they were really odd ones; the one having a slightly decorated toe-cap, and the other a plain one. One was buttoned only in the two lower buttons out of five, and the other at the first, third, and fifth. Now, when you see that a young lady, otherwise neatly dressed, has come away from home with odd boots, half-buttoned, it is no great deduction to say that she came away in a hurry.”",0,0,1.5764526e-05,Human,False,False
"I stood and shouted to the mountains; I turned and went back towards the residencia, waltzing upon air. She sent me away, and yet I had but to call upon her name and she came to me. These were but the weaknesses of girls, from which even she, the strangest of her sex, was not exempted. Go? Not I, Olalla—O, not I, Olalla, my Olalla! A bird sang near by; and in that season, birds were rare. It bade me be of good cheer. And once more the whole countenance of nature, from the ponderous and stable mountains down to the lightest leaf and the smallest darting fly in the shadow of the groves, began to stir before me and to put on the lineaments of life and wear a face of awful joy. The sunshine struck upon the hills, strong as a hammer on the anvil, and the hills shook; the earth, under that vigorous insulation, yielded up heady scents; the woods smouldered in the blaze. I felt the thrill of travail and delight run through the earth. Something elemental, something rude, violent, and savage, in the love that sang in my heart, was like a key to nature’s secrets; and the very stones that rattled under my feet appeared alive and friendly. Olalla! Her touch had quickened, and renewed, and strung me up to the old pitch of concert with the rugged earth, to a swelling of the soul that men learn to forget in their polite assemblies. Love burned in me like rage; tenderness waxed fierce; I hated, I adored, I pitied, I revered her with ecstasy. She seemed the link that bound me in with dead things on the one hand, and with our pure and pitying God upon the other: a thing brutal and divine, and akin at once to the innocence and to the unbridled forces of the earth.",0,0,0.00081844744,Human,False,False
"Upon the visage of Sir Reginald, one could discern not the pride of a noble line, but the profound and settled sorrow of its final inheritor. His ancestry was an ancient oak, magnificent to the eye, yet drawing its life from a tainted soil. A deep and insidious blight, seeded generations past, sent a dark sap coursing through its very heartwood, ensuring that each new branch, however promising, would bear withered leaves before its time. Thus, the malady he bore was not of the flesh, but a spiritual canker, an inherited melancholy that shadowed his every thought and rendered all future prospects as barren as the blighted boughs of his own family tree. It was an inexorable inheritance, a debt of despair passed down from which there could be no escape.",1,1,0.99993753,Arthur Conan Doyle,False,False
"“I’ll tell it ye from the beginning,” he said. “My time is from ten at night to six in the morning. At eleven there was a fight at the ‘White Hart’; but bar that all was quiet enough on the beat. At one o’clock it began to rain, and I met Harry Murcher—him who has the Holland Grove beat—and we stood together at the corner of Henrietta Street a-talkin’. Presently—maybe about two or a little after—I thought I would take a look round and see that all was right down the Brixton Road. It was precious dirty and lonely. Not a soul did I meet all the way down, though a cab or two went past me. I was a strollin’ down, thinkin’ between ourselves how uncommon handy a four of gin hot would be, when suddenly the glint of a light caught my eye in the window of that same house. Now, I knew that them two houses in Lauriston Gardens was empty on account of him that owns them who won’t have the drains seen to, though the very last tenant what lived in one of them died o’ typhoid fever. I was knocked all in a heap therefore at seeing a light in the window, and I suspected as something was wrong. When I got to the door——”",0,0,6.925814e-06,Human,False,False
"‘Wouldn’t it be wiser for me to stay in bed?’ said John. ‘If you mean to manage your own concerns, you can do precisely what you like,’ replied Alexander; ‘but if you are not in your place five minutes before the half-hour I wash my hands of you, for one.’ And thereupon he departed. He had spoken warmly, but the truth is, his heart was somewhat troubled. And as he hung over the balusters, watching for his father to appear, he had hard ado to keep himself braced for the encounter that must follow. ‘If he takes it well, I shall be lucky,’ he reflected.",0,0,8.155123e-06,Human,False,False
"Often embodied by the great white shark (Carcharodon carcharias), the title 'The Terror of the Sea' refers to an apex predator whose evolutionary design has inspired both awe and fear. Reaching lengths of over 20 feet, this formidable hunter is equipped with hundreds of serrated, triangular teeth arranged in multiple rows, allowing it to inflict devastating wounds on its prey. Its predatory success is further enhanced by an exceptional sense of smell, capable of detecting minute amounts of blood from miles away, and a network of electroreceptors known as the ampullae of Lorenzini, which sense the faint electrical fields of living animals. While its reputation is built on powerful ambush attacks, often involving breaching the water's surface with incredible force, the great white is not a mindless killer. Human fatalities are rare, and many encounters are believed to be cases of mistaken identity, highlighting the complex reality behind the creature's fearsome persona.",1,1,0.9995059,AI_Generic,False,False
"A short passage, bare planked and dusty, led to the kitchen and offices. Two doors opened out of it to the left and to the right. One of these had obviously been closed for many weeks. The other belonged to the dining-room, which was the apartment in which the mysterious affair had occurred. Holmes walked in, and I followed him with that subdued feeling at my heart which the presence of death inspires. It was a large square room, looking all the larger from the absence of all furniture. A vulgar flaring paper adorned the walls, but it was blotched in places with mildew, and here and there great strips had become detached and hung down, exposing the yellow plaster beneath. Opposite the door was a showy fireplace, surmounted by a mantelpiece of imitation white marble. On one corner of this was stuck the stump of a red wax candle. The solitary window was so dirty that the light was hazy and uncertain, giving a dull grey tinge to everything, which was intensified by the thick layer of dust which coated the whole apartment.",0,0,0.005343839,Human,False,False
"Is it not a singular feature of the human mind that it can conjure a terror more profound from a mere name whispered on the wind than from any beast of flesh and blood? For Mr. Ainsworth, who had hitherto dismissed such tales as forecastle superstition, the sight of that vessel upon the horizon was a most sobering corrective. She was not, to his rational eye, a prodigious craft, nor did she fly any colour that spoke of immediate villainy; yet there was about her a certain swift and predatory aspect, a lean, dark quality that seemed to drink the very sunlight from the waves. He felt a profound chill that had little to do with the morning air, a premonition that the abstract dread of which sailors spoke was about to acquire a grim and tangible countenance, and that his education in the true nature of fear was only now to begin.",1,1,0.9916967,Robert Louis Stevenson,False,False
"It was his luck to meet a young man in what is technically called a ‘dive,’ and thanks to his monthly wages, to extricate this new acquaintance from a position of present disgrace and possible danger in the future. This young man was the nephew of one of the Nob Hill magnates, who run the San Francisco Stock Exchange, much as more humble adventurers, in the corner of some public park at home, may be seen to perform the simple artifice of pea and thimble: for their own profit, that is to say, and the discouragement of public gambling. It was thus in his power—and, as he was of grateful temper, it was among the things that he desired—to put John in the way of growing rich; and thus, without thought or industry, or so much as even understanding the game at which he played, but by simply buying and selling what he was told to buy and sell, that plaything of fortune was presently at the head of between eleven and twelve thousand pounds, or, as he reckoned it, of upward of sixty thousand dollars.",0,0,7.389675e-05,Human,False,False
"It was a bewildering route for anyone who was not accustomed to face Nature in her wildest moods. On the one side a great crag towered up a thousand feet or more, black, stern, and menacing, with long basaltic columns upon its rugged surface like the ribs of some petrified monster. On the other hand a wild chaos of boulders and debris made all advance impossible. Between the two ran the irregular track, so narrow in places that they had to travel in Indian file, and so rough that only practised riders could have traversed it at all. Yet in spite of all dangers and difficulties, the hearts of the fugitives were light within them, for every step increased the distance between them and the terrible despotism from which they were flying.",0,1,0.50447875,Human,True,False
"Sir Henry had to assure him that it was not so and pacify him by giving him a considerable part of his old wardrobe, the London outfit having now all arrived. Mrs. Barrymore is of interest to me. She is a heavy, solid person, very limited, intensely respectable, and inclined to be puritanical. You could hardly conceive a less emotional subject. Yet I have told you how, on the first night here, I heard her sobbing bitterly, and since then I have more than once observed traces of tears upon her face. Some deep sorrow gnaws ever at her heart. Sometimes I wonder if she has a guilty memory which haunts her, and sometimes I suspect Barrymore of being a domestic tyrant. I have always felt that there was something singular and questionable in this man’s character, but the adventure of last night brings all my suspicions to a head.",0,0,0.0032210497,Human,False,False
"“That is the first part of the service: now for the second. You should be back, if you set out at once on the receipt of this, long before midnight; but I will leave you that amount of margin, not only in the fear of one of those obstacles that can neither be prevented nor foreseen, but because an hour when your servants are in bed is to be preferred for what will then remain to do. At midnight, then, I have to ask you to be alone in your consulting-room, to admit with your own hand into the house a man who will present himself in my name, and to place in his hands the drawer that you will have brought with you from my cabinet. Then you will have played your part and earned my gratitude completely. Five minutes afterwards, if you insist upon an explanation, you will have understood that these arrangements are of capital importance; and that by the neglect of one of them, fantastic as they must appear, you might have charged your conscience with my death or the shipwreck of my reason.",0,0,5.585892e-05,Human,False,False
"I saw him but a moment ago, standing beneath the sickly, yellow halo of the gaslight, the very picture of a gentleman. The air, thick with the river's damp breath and the black smell of coal smoke, seemed to part for his immaculate presence. He spoke, and his voice was a measured, reassuring sound above the distant clatter of a hansom cab. But then, as a wretched urchin stumbled near, a change—a vile, instantaneous convulsion—seized his features. The urbane mask melted away to reveal a thing of pure malice, the nostrils flared as if catching the scent of prey, and a low, guttural growl vibrated in his throat. In that horrifying flicker, I heard the beast rattling its cage within the man, and I knew with a dreadful certainty that the finest broadcloth can conceal the most savage and primordial clay.",1,1,0.99898285,Robert Louis Stevenson,False,False
"On a seat on the hill above Greenside he sat for perhaps half an hour, looking down upon the lamps of Edinburgh, and up at the lamps of heaven. Wonderful were the resolves he formed; beautiful and kindly were the vistas of future life that sped before him. He uttered to himself the name of Flora in so many touching and dramatic keys, that he became at length fairly melted with tenderness, and could have sung aloud. At that juncture a certain creasing in his greatcoat caught his ear. He put his hand into his pocket, pulled forth the envelope that held the money, and sat stupefied. The Calton Hill, about this period, had an ill name of nights; and to be sitting there with four hundred pounds that did not belong to him was hardly wise. He looked up. There was a man in a very bad hat a little on one side of him, apparently looking at the scenery; from a little on the other a second night-walker was drawing very quietly near. Up jumped John. The envelope fell from his hands; he stooped to get it, and at the same moment both men ran in and closed with him.",0,0,1.7208715e-05,Human,False,False
"We sat in silence for some minutes, Holmes more depressed and shaken than I had ever seen him. “That hurts my pride, Watson,” he said at last. “It is a petty feeling, no doubt, but it hurts my pride. It becomes a personal matter with me now, and, if God sends me health, I shall set my hand upon this gang. That he should come to me for help, and that I should send him away to his death—!” He sprang from his chair and paced about the room in uncontrollable agitation, with a flush upon his sallow cheeks and a nervous clasping and unclasping of his long thin hands.",0,0,2.2202099e-05,Human,False,False
"Alas! poor Richard, what should this portend? The servant, as in duty bound, dismounted and took the phaeton into his keeping; yet Dick thought he touched his hat to him with something of a grin. Esther, passive as ever, was helped out and crossed the garden with a slow and mechanical gait; and Dick, following close behind her, heard from within the cottage his father’s voice upraised in an anathema, and the shriller tones of the Admiral responding in the key of war. CHAPTER VIII—BATTLE ROYAL SQUIRE NASEBY, on sitting down to lunch, had inquired for Dick, whom he had not seen since the day before at dinner; and the servant answering awkwardly that Master Richard had come back but had gone out again with the pony phaeton, his suspicions became aroused, and he cross-questioned the man until the whole was out. It appeared from this report that Dick had been going about for nearly a month with a girl in the Vale—a Miss Van Tromp; that she lived near Lord Trevanion’s upper wood; that recently Miss Van Tromp’s papa had returned home from foreign parts after a prolonged absence; that this papa was an old gentleman, very chatty and free with his money in the public-house—whereupon Mr. Naseby’s face became encrimsoned; that the papa, furthermore, was said to be an admiral—whereupon Mr. Naseby spat out a whistle brief and fierce as an oath; that Master Dick seemed very friendly with the papa—‘God help him!’ said Mr. Naseby; that last night Master Dick had not come in, and to-day he had driven away in the phaeton with the young lady—",0,0,8.587048e-06,Human,False,False
"It was a notion entertained in what seemed simpler times, that a man was a single, unified soul, marching forthrightly towards either salvation or ruin. Yet even then, a thoughtful observer might have perceived the strange, internal schism that belies such a view. He saw it in the pious gentleman whose fine countenance concealed a glint of avarice; he felt it in his own heart, when a noble impulse was swiftly elbowed aside by some base and primitive desire. For the theatre of the soul is not a stage for one actor, but a crowded, clamorous thoroughfare wherein the angel and the beast perpetually jostle for dominion. And so a man might live a life of admirable rectitude, all the while conscious of that other, darker self who stands forever waiting in the wings of his consciousness, a grim reminder of the civil war waged within his own breast.",1,1,0.9999542,Robert Louis Stevenson,False,False
"The Science of Deduction, famously practiced by fictional detective Sherlock Holmes, is a systematic method of reasoning that draws specific conclusions from a collection of general observations and evidence. It is not an innate talent but a disciplined skill built upon three fundamental pillars: observation, knowledge, and logic. The process begins with meticulous, unbiased observation, gathering seemingly insignificant details that others might overlook. This raw data is then filtered through a vast and specialized knowledge base, which provides the context needed to understand the significance of each clue. Finally, rigorous logic is applied to connect these facts, systematically eliminating impossible scenarios to arrive at the most probable, or only possible, explanation. By adhering to the principle that once you eliminate the impossible, whatever remains, however improbable, must be the truth, deduction transforms a chaotic array of information into a coherent and accurate conclusion.",1,1,0.99982965,AI_Generic,False,False
"“It is a great day for me, sir—one of the red-letter days of my life,” he cried with many chuckles. “I have brought off a double event. I mean to teach them in these parts that law is law, and that there is a man here who does not fear to invoke it. I have established a right of way through the centre of old Middleton’s park, slap across it, sir, within a hundred yards of his own front door. What do you think of that? We’ll teach these magnates that they cannot ride roughshod over the rights of the commoners, confound them! And I’ve closed the wood where the Fernworthy folk used to picnic. These infernal people seem to think that there are no rights of property, and that they can swarm where they like with their papers and their bottles. Both cases decided, Dr. Watson, and both in my favour. I haven’t had such a day since I had Sir John Morland for trespass because he shot in his own warren.”",0,0,1.0133721e-05,Human,False,False
"The relationship between science and the unexplained represents a fundamental tension at the frontier of human knowledge. Science operates through a rigorous methodology demanding empirical, testable, and repeatable evidence to build a coherent understanding of the universe. From this standpoint, phenomena such as paranormal activity, extrasensory perception, or cryptic sightings are considered unverified claims, often attributed to misinterpretation, psychological factors, or phenomena for which a natural explanation has not yet been found. Conversely, the domain of the unexplained thrives on anecdotal accounts, personal testimony, and experiences that defy conventional measurement. Proponents argue that the current tools of science may be too limited to detect or quantify certain aspects of reality. This creates a perpetual dialogue between a system built on objective proof and a collection of mysteries that persist just beyond its reach, highlighting the ongoing distinction between what we can prove and what is simply, for now, unaccounted for.",1,1,0.99992526,AI_Generic,False,False
"The duality of human nature refers to the inherent capacity within individuals for contradictory traits, impulses, and behaviors. This concept suggests that humanity is not monolithic but is instead defined by a constant interplay between opposing forces. Often framed as the classic struggle between good and evil, this duality also encompasses dichotomies such as rationality versus instinct, altruism versus selfishness, and creation versus destruction. Explored extensively throughout philosophy, literature, and psychology, this internal conflict is not seen as a simple choice between two paths but as a complex and dynamic coexistence of these potentials within a single being. This tension is considered a fundamental aspect of the human condition, shaping individual actions, moral dilemmas, and the very fabric of society, which itself reflects this capacity for both profound compassion and immense cruelty.",1,1,0.9998964,AI_Generic,False,False
"The Science of Deduction is an exact art, far removed from mere intuition or fortunate guesswork. It commences not with grand theories, but with the dispassionate observation of minute trifles—the mud upon a boot, the ash of a cigar, the faint scratch upon a watch-case. From a single such fact, the trained reasoner can construct an unbreakable chain of inference, each link following its predecessor with the inevitability of a mathematical axiom. The practitioner must possess a mind that is a well-ordered storehouse of specialised knowledge, from which he may draw at a moment’s notice. Through the systematic elimination of every impossible factor, he narrows the field of probability until a single, irreducible explanation presents itself. Henceforth, what remains, however improbable it might appear to the untrained intellect, is nothing less than the unvarnished truth.",1,1,0.9998864,Arthur Conan Doyle,False,False
"The violation of the dead encompasses a range of actions that disrespect or physically disturb human remains and their places of interment. Manifesting in various forms, these acts can include the historical practice of tomb raiding for material wealth, the 19th-century body snatching for anatomical study, and modern instances of grave desecration, vandalism, and the illicit trafficking of human remains. The motivations behind such transgressions are diverse, spanning from financial gain and scientific curiosity to malice or political protest. Across nearly all cultures and legal systems, the disturbance of the deceased is considered a profound taboo, often codified in laws that protect gravesites and human remains. Ultimately, these violations are condemned not only as an offense against the physical integrity of the dead but also as a significant transgression against the memory, cultural norms, and emotional well-being of the living community.",1,1,0.99952877,AI_Generic,False,False
"“Well, have you solved it?” I asked as I entered. “Yes. It was the bisulphate of baryta.” “No, no, the mystery!” I cried. “Oh, that! I thought of the salt that I have been working upon. There was never any mystery in the matter, though, as I said yesterday, some of the details are of interest. The only drawback is that there is no law, I fear, that can touch the scoundrel.” “Who was he, then, and what was his object in deserting Miss Sutherland?” The question was hardly out of my mouth, and Holmes had not yet opened his lips to reply, when we heard a heavy footfall in the passage and a tap at the door.",0,0,1.1261358e-05,Human,False,False
"“‘It was not I who killed her father,’ he cried. “‘But it was you who broke her innocent heart,’ I shrieked, thrusting the box before him. ‘Let the high God judge between us. Choose and eat. There is death in one and life in the other. I shall take what you leave. Let us see if there is justice upon the earth, or if we are ruled by chance.’ “He cowered away with wild cries and prayers for mercy, but I drew my knife and held it to his throat until he had obeyed me. Then I swallowed the other, and we stood facing one another in silence for a minute or more, waiting to see which was to live and which was to die. Shall I ever forget the look which came over his face when the first warning pangs told him that the poison was in his system? I laughed as I saw it, and held Lucy’s marriage ring in front of his eyes. It was but for a moment, for the action of the alkaloid is rapid. A spasm of pain contorted his features; he threw his hands out in front of him, staggered, and then, with a hoarse cry, fell heavily upon the floor. I turned him over with my foot, and placed my hand upon his heart. There was no movement. He was dead!",0,0,1.4484126e-05,Human,False,False
"“You want to go home, no doubt, Doctor,” he remarked as we emerged. “Yes, it would be as well.” “And I have some business to do which will take some hours. This business at Coburg Square is serious.” “A considerable crime is in contemplation. I have every reason to believe that we shall be in time to stop it. But to-day being Saturday rather complicates matters. I shall want your help to-night.” “Ten will be early enough.” “I shall be at Baker Street at ten.” “Very well. And, I say, Doctor, there may be some little danger, so kindly put your army revolver in your pocket.” He waved his hand, turned on his heel, and disappeared in an instant among the crowd.",0,0,1.281427e-05,Human,False,False
"The Science of Deduction is not mere guesswork, but a rigorous and systematic mental discipline. It begins with meticulous observation, the art of perceiving the subtle, often-overlooked details that constitute the fabric of reality. Each minute particular—a scuff on a shoe, a faint scent in the air, a specific type of mud—becomes a foundational premise. From these premises, a chain of logical inference is carefully constructed, where each conclusion follows inexorably from the last. This analytical process is powered by a vast storehouse of knowledge, allowing the practitioner to assign meaning to otherwise insignificant facts. By systematically eliminating the impossible, the deductive mind sifts through possibilities until only the truth, however improbable it may initially seem, remains. It is the art of reconstructing a complete narrative from fragmented evidence, transforming chaos into a testament of clear, undeniable logic.",1,1,0.9999547,AI_Generic,False,False
"The concept of an ancestral curse extends beyond supernatural folklore, representing the tangible and intangible burdens passed down through generations. It manifests biologically through genetic predispositions to illness, and socio-economically through inherited debt, poverty, or a tarnished family reputation that limits opportunity. Psychologically, it encompasses the perpetuation of trauma, dysfunctional family dynamics, and behavioral patterns that individuals unconsciously adopt. This inheritance is not a malevolent spell but rather the cumulative weight of history, biology, and environment. An individual's life path can be significantly influenced by these pre-existing conditions, creating challenges and limitations that originate long before their own existence. The ""curse,"" therefore, lies in the profound difficulty of overcoming a legacy that was neither chosen nor earned, forcing one to contend with the ghosts of a past they never lived.",1,1,0.9999418,AI_Generic,False,False
"“The facts of the case are simple. Sir Charles Baskerville was in the habit every night before going to bed of walking down the famous yew alley of Baskerville Hall. The evidence of the Barrymores shows that this had been his custom. On the fourth of May Sir Charles had declared his intention of starting next day for London, and had ordered Barrymore to prepare his luggage. That night he went out as usual for his nocturnal walk, in the course of which he was in the habit of smoking a cigar. He never returned. At twelve o’clock Barrymore, finding the hall door still open, became alarmed, and, lighting a lantern, went in search of his master. The day had been wet, and Sir Charles’s footmarks were easily traced down the alley. Halfway down this walk there is a gate which leads out on to the moor. There were indications that Sir Charles had stood for some little time here. He then proceeded down the alley, and it was at the far end of it that his body was discovered. One fact which has not been explained is the statement of Barrymore that his master’s footprints altered their character from the time that he passed the moor-gate, and that he appeared from thence onward to have been walking upon his toes. One Murphy, a gipsy horse-dealer, was on the moor at no great distance at the time, but he appears by his own confession to have been the worse for drink. He declares that he heard cries but is unable to state from what direction they came. No signs of violence were to be discovered upon Sir Charles’s person, and though the doctor’s evidence pointed to an almost incredible facial distortion—so great that Dr. Mortimer refused at first to believe that it was indeed his friend and patient who lay before him—it was explained that that is a symptom which is not unusual in cases of dyspnœa and death from cardiac exhaustion. This explanation was borne out by the post-mortem examination, which showed long-standing organic disease, and the coroner’s jury returned a verdict in accordance with the medical evidence. It is well that this is so, for it is obviously of the utmost importance that Sir Charles’s heir should settle at the Hall and continue the good work which has been so sadly interrupted. Had the prosaic finding of the coroner not finally put an end to the romantic stories which have been whispered in connection with the affair, it might have been difficult to find a tenant for Baskerville Hall. It is understood that the next of kin is Mr. Henry Baskerville, if he be still alive, the son of Sir Charles Baskerville’s younger brother. The young man when last heard of was in America, and inquiries are being instituted with a view to informing him of his good fortune.”",0,0,2.8185332e-05,Human,False,False
"“I will do just what you say.” “Very good. I should be glad to get away as soon after breakfast as possible, so as to reach London in the afternoon.” I was much astounded by this programme, though I remembered that Holmes had said to Stapleton on the night before that his visit would terminate next day. It had not crossed my mind however, that he would wish me to go with him, nor could I understand how we could both be absent at a moment which he himself declared to be critical. There was nothing for it, however, but implicit obedience; so we bade good-bye to our rueful friend, and a couple of hours afterwards we were at the station of Coombe Tracey and had dispatched the trap upon its return journey. A small boy was waiting upon the platform.",0,0,8.206107e-06,Human,False,False
"The curse of ancestry is not a hex whispered in shadows, but a silent inheritance carried in the blood. It is the subtle chill on a summer's day, the familiar ache of a sorrow you haven’t earned yet. You see its pattern woven into the frayed tapestry of family history—the same short temper, the same melancholic gaze, the same dreams that crumble just before they are realized. Each new generation believes they can break the chain, only to feel the cold, invisible links tighten around their own lives. This legacy is a map of missteps, a script of tragedies handed down from parent to child, an echo that shapes your voice before you even speak. It is the chilling recognition in the mirror, where your own reflection is overlaid with the ghost of a grandparent's failure, a constant, quiet reminder that you are not the first to walk this haunted path.",1,1,0.9999695,AI_Generic,False,False
"When I reached Coombe Tracey I told Perkins to put up the horses, and I made inquiries for the lady whom I had come to interrogate. I had no difficulty in finding her rooms, which were central and well appointed. A maid showed me in without ceremony, and as I entered the sitting-room a lady, who was sitting before a Remington typewriter, sprang up with a pleasant smile of welcome. Her face fell, however, when she saw that I was a stranger, and she sat down again and asked me the object of my visit. The first impression left by Mrs. Lyons was one of extreme beauty. Her eyes and hair were of the same rich hazel colour, and her cheeks, though considerably freckled, were flushed with the exquisite bloom of the brunette, the dainty pink which lurks at the heart of the sulphur rose. Admiration was, I repeat, the first impression. But the second was criticism. There was something subtly wrong with the face, some coarseness of expression, some hardness, perhaps, of eye, some looseness of lip which marred its perfect beauty. But these, of course, are afterthoughts. At the moment I was simply conscious that I was in the presence of a very handsome woman, and that she was asking me the reasons for my visit. I had not quite understood until that instant how delicate my mission was.",0,0,6.296559e-05,Human,False,False
"What, then, is man, if not a compound of two warring natures, perpetually locked in a struggle for dominion? I have long observed in the countenances of my fellow creatures, even in those of the most sterling and public character, a certain profound incongruity; a shadow that flickers behind the eye, betraying the restless denizen of some more primitive soul. One might see a gentleman of unimpeachable repute, whose every gesture is a study in propriety, yet I have marked in him a sudden, animalistic clenching of the fist or a glance of furtive, ill-contained desire. It is as if the very fortress of his respectability were built upon a quaking morass, and that the upright, aspiring self is but a civilised tenant in a house long haunted by its baser, more ancient twin. The study of this phenomenon presents no moral judgement on my part, merely a clinical fascination with the unstable compound of our mortal clay.",1,1,0.99994445,Robert Louis Stevenson,False,False
"The Doctor went through a solemn form of introduction, adding, for the benefit of both parties, “You must try to like each other for my sake.” “He is very pretty,” said Anastasie. “Will you kiss me, my pretty little fellow?” The Doctor was furious, and dragged her into the passage. “Are you a fool, Anastasie?” he said. “What is all this I hear about the tact of women? Heaven knows, I have not met with it in my experience. You address my little philosopher as if he were an infant. He must be spoken to with more respect, I tell you; he must not be kissed and Georgy-porgy’d like an ordinary child.”",0,0,7.6256006e-06,Human,False,False
"In the breast of every man, a war is waged. A terrible, silent war. The upright citizen walks the street, his countenance a mask of public virtue. Yet behind that careful front, a fiend strains at its chains. This other self, this primitive thing of the pit, despises the light. It longs for the midnight alley and the debased thrill. The respectable man feels the tremor of its rage. He knows the beast is there. The very floorboards of his soul are thin, and from the cellar below comes a constant, hateful scratching. The peril is not in the street, but lodged deep within—a stranger in his own flesh, forever plotting its dreadful escape.",1,1,0.99996483,Robert Louis Stevenson,False,False
"The duality of human nature is a concept that posits humans possess a fundamental internal conflict between opposing forces. This is most commonly framed as a struggle between good and evil, but it also encompasses the tension between rationality and emotion, altruism and selfishness, and creation and destruction. This theme is a cornerstone of literature, exemplified by works like Robert Louis Stevenson's *Dr. Jekyll and Mr. Hyde*, and is central to psychological theories that explore the battle between our primitive instincts and our reasoned, socialized selves. This inherent contradiction suggests that human behavior is not a fixed state but a dynamic balance, with our choices and actions constantly being shaped by the negotiation between these competing aspects of our character. Ultimately, this internal schism is considered an essential and enduring part of the human condition, influencing everything from personal morality to the complex structures of society.",1,1,0.99990475,AI_Generic,False,False
"At the sight of these newcomers our client had sprung from his seat and stood very erect, with his eyes cast down and his hand thrust into the breast of his frock-coat, a picture of offended dignity. The lady had taken a quick step forward and had held out her hand to him, but he still refused to raise his eyes. It was as well for his resolution, perhaps, for her pleading face was one which it was hard to resist. “You’re angry, Robert,” said she. “Well, I guess you have every cause to be.” “Pray make no apology to me,” said Lord St. Simon bitterly.",0,0,1.5715816e-05,Human,False,False
"Folklore and superstition are deeply intertwined expressions of human culture, reflecting the collective wisdom, fears, and values of a society. Folklore encompasses the broad spectrum of a community's traditional arts, customs, and stories, passed down through generations, often orally. Superstitions represent a specific subset of this tradition, consisting of widely held yet irrational beliefs that link certain actions or events to luck, omens, or supernatural outcomes. Common examples, such as avoiding walking under a ladder or carrying a lucky charm, are rooted in these belief systems. Historically, these practices served to explain the unknown, provide a sense of control over an unpredictable environment, and enforce social norms. They remain a significant part of cultural heritage, offering a window into the historical anxieties and hopes that have shaped communities around the world.",1,1,0.99979657,AI_Generic,False,False
"He was very late in returning—so late, that I knew that the concert could not have detained him all the time. Dinner was on the table before he appeared. “It was magnificent,” he said, as he took his seat. “Do you remember what Darwin says about music? He claims that the power of producing and appreciating it existed among the human race long before the power of speech was arrived at. Perhaps that is why we are so subtly influenced by it. There are vague memories in our souls of those misty centuries when the world was in its childhood.”",0,0,9.751332e-05,Human,False,False
"“You would have thought the middle of that prairie a fairly safe place for a man to be private,” said he, “but, by thunder, the whole countryside seems to have been out to see me do my wooing—and a mighty poor wooing at that! Where had you engaged a seat?” “I was on that hill.” “Quite in the back row, eh? But her brother was well up to the front. Did you see him come out on us?” “Did he ever strike you as being crazy—this brother of hers?” “I can’t say that he ever did.” “I dare say not. I always thought him sane enough until today, but you can take it from me that either he or I ought to be in a straitjacket. What’s the matter with me, anyhow? You’ve lived near me for some weeks, Watson. Tell me straight, now! Is there anything that would prevent me from making a good husband to a woman that I loved?”",0,0,7.659661e-06,Human,False,False
"From these fear-stricken rovings, Markheim’s eyes returned to the body of his victim, where it lay both humped and sprawling, incredibly small and strangely meaner than in life. In these poor, miserly clothes, in that ungainly attitude, the dealer lay like so much sawdust. Markheim had feared to see it, and, lo! it was nothing. And yet, as he gazed, this bundle of old clothes and pool of blood began to find eloquent voices. There it must lie; there was none to work the cunning hinges or direct the miracle of locomotion—there it must lie till it was found. Found! ay, and then? Then would this dead flesh lift up a cry that would ring over England, and fill the world with the echoes of pursuit. Ay, dead or not, this was still the enemy. “Time was that when the brains were out,” he thought; and the first word struck into his mind. Time, now that the deed was accomplished—time, which had closed for the victim, had become instant and momentous for the slayer.",0,0,0.0035725962,Human,False,False
"The deception of appearances is a fundamental cognitive phenomenon where initial perceptions fail to represent the true nature of a person, object, or situation. This discrepancy arises because the human brain often relies on cognitive shortcuts, or heuristics, to make rapid assessments based on limited, readily available information. These judgments are heavily influenced by ingrained biases, cultural stereotypes, and past experiences, leading to the formation of a 'surface reality' that can be profoundly misleading. This principle extends far beyond simple social interactions; a visually appealing product may conceal poor quality, a seemingly simple problem can possess complex underlying variables, and a serene natural landscape might hide potential dangers. Consequently, recognizing the potential for this deception is a crucial aspect of critical thinking. It necessitates a willingness to suspend immediate judgment, gather more comprehensive information, and look beyond the superficial veneer to grasp a more accurate and nuanced understanding of the world.",1,1,0.99989283,AI_Generic,False,False
"An unnatural silence hangs over the hallowed ground, a quiet born not of peace, but of sacrilege. Clods of damp, black earth lie heaped beside the raw gash in the lawn, a wound exposing what was meant for eternal rest. Under the cold, indifferent gaze of the moon, the splintered wood of a coffin lid juts from the pit at an obscene angle, its velvet lining torn and sullied. This is more than a simple act of trespass; it is a profound defilement, a shattering of the final taboo. The air itself feels thin and violated, tainted by the greedy hands that disturbed the slumber of ages. Here, memory has been ransacked and dignity stolen, leaving only a hollow echo where reverence once lay. It is a final, brutal insult delivered to those who can no longer defend their name or their peace, a severing of the last sacred thread connecting the living to their past.",1,1,0.99998116,AI_Generic,False,False
"“Yes, I have one waiting.” “Then I shall go in it. But I must owe something. Find what I owe, Watson. I am all off colour. I can do nothing for myself.” I walked down the narrow passage between the double row of sleepers, holding my breath to keep out the vile, stupefying fumes of the drug, and looking about for the manager. As I passed the tall man who sat by the brazier I felt a sudden pluck at my skirt, and a low voice whispered, “Walk past me, and then look back at me.” The words fell quite distinctly upon my ear. I glanced down. They could only have come from the old man at my side, and yet he sat now as absorbed as ever, very thin, very wrinkled, bent with age, an opium pipe dangling down from between his knees, as though it had dropped in sheer lassitude from his fingers. I took two steps forward and looked back. It took all my self-control to prevent me from breaking out into a cry of astonishment. He had turned his back so that none could see him but I. His form had filled out, his wrinkles were gone, the dull eyes had regained their fire, and there, sitting by the fire and grinning at my surprise, was none other than Sherlock Holmes. He made a slight motion to me to approach him, and instantly, as he turned his face half round to the company once more, subsided into a doddering, loose-lipped senility.",0,0,4.2809927e-05,Human,False,False
"“Last Monday Mr. Neville St. Clair went into town rather earlier than usual, remarking before he started that he had two important commissions to perform, and that he would bring his little boy home a box of bricks. Now, by the merest chance, his wife received a telegram upon this same Monday, very shortly after his departure, to the effect that a small parcel of considerable value which she had been expecting was waiting for her at the offices of the Aberdeen Shipping Company. Now, if you are well up in your London, you will know that the office of the company is in Fresno Street, which branches out of Upper Swandam Lane, where you found me to-night. Mrs. St. Clair had her lunch, started for the City, did some shopping, proceeded to the company’s office, got her packet, and found herself at exactly 4:35 walking through Swandam Lane on her way back to the station. Have you followed me so far?”",0,0,9.988161e-06,Human,False,False
"“I wonder he dares,” said Sir Henry. “It may be so placed as to be only visible from here.” “Very likely. How far do you think it is?” “Out by the Cleft Tor, I think.” “Not more than a mile or two off.” “Well, it cannot be far if Barrymore had to carry out the food to it. And he is waiting, this villain, beside that candle. By thunder, Watson, I am going out to take that man!” The same thought had crossed my own mind. It was not as if the Barrymores had taken us into their confidence. Their secret had been forced from them. The man was a danger to the community, an unmitigated scoundrel for whom there was neither pity nor excuse. We were only doing our duty in taking this chance of putting him back where he could do no harm. With his brutal and violent nature, others would have to pay the price if we held our hands. Any night, for example, our neighbours the Stapletons might be attacked by him, and it may have been the thought of this which made Sir Henry so keen upon the adventure.",0,0,4.9701976e-05,Human,False,False
"“There’s nothing in it. I looked at it before,” said Lestrade. “‘Oct. 4th, rooms 8_s_., breakfast 2_s_. 6_d_., cocktail 1_s_., lunch 2_s_. 6_d_., glass sherry, 8_d_.’ I see nothing in that.” “Very likely not. It is most important, all the same. As to the note, it is important also, or at least the initials are, so I congratulate you again.” “I’ve wasted time enough,” said Lestrade, rising. “I believe in hard work and not in sitting by the fire spinning fine theories. Good-day, Mr. Holmes, and we shall see which gets to the bottom of the matter first.” He gathered up the garments, thrust them into the bag, and made for the door.",0,0,5.8177443e-06,Human,False,False
"Then in an instant it was all clear to me. I remembered how the baronet had told me that he had handed his old wardrobe to Barrymore. Barrymore had passed it on in order to help Selden in his escape. Boots, shirt, cap—it was all Sir Henry’s. The tragedy was still black enough, but this man had at least deserved death by the laws of his country. I told Holmes how the matter stood, my heart bubbling over with thankfulness and joy. “Then the clothes have been the poor devil’s death,” said he. “It is clear enough that the hound has been laid on from some article of Sir Henry’s—the boot which was abstracted in the hotel, in all probability—and so ran this man down. There is one very singular thing, however: How came Selden, in the darkness, to know that the hound was on his trail?”",0,0,1.34674765e-05,Human,False,False
"I trust that I am not more dense than my neighbours, but I was always oppressed with a sense of my own stupidity in my dealings with Sherlock Holmes. Here I had heard what he had heard, I had seen what he had seen, and yet from his words it was evident that he saw clearly not only what had happened but what was about to happen, while to me the whole business was still confused and grotesque. As I drove home to my house in Kensington I thought over it all, from the extraordinary story of the red-headed copier of the _Encyclopædia_ down to the visit to Saxe-Coburg Square, and the ominous words with which he had parted from me. What was this nocturnal expedition, and why should I go armed? Where were we going, and what were we to do? I had the hint from Holmes that this smooth-faced pawnbroker’s assistant was a formidable man—a man who might play a deep game. I tried to puzzle it out, but gave it up in despair and set the matter aside until night should bring an explanation.",0,0,7.764199e-05,Human,False,False
"“Convinced that something was amiss with him, she rushed down the steps—for the house was none other than the opium den in which you found me to-night—and running through the front room she attempted to ascend the stairs which led to the first floor. At the foot of the stairs, however, she met this Lascar scoundrel of whom I have spoken, who thrust her back and, aided by a Dane, who acts as assistant there, pushed her out into the street. Filled with the most maddening doubts and fears, she rushed down the lane and, by rare good-fortune, met in Fresno Street a number of constables with an inspector, all on their way to their beat. The inspector and two men accompanied her back, and in spite of the continued resistance of the proprietor, they made their way to the room in which Mr. St. Clair had last been seen. There was no sign of him there. In fact, in the whole of that floor there was no one to be found save a crippled wretch of hideous aspect, who, it seems, made his home there. Both he and the Lascar stoutly swore that no one else had been in the front room during the afternoon. So determined was their denial that the inspector was staggered, and had almost come to believe that Mrs. St. Clair had been deluded when, with a cry, she sprang at a small deal box which lay upon the table and tore the lid from it. Out there fell a cascade of children’s bricks. It was the toy which he had promised to bring home.",0,0,1.3994407e-05,Human,False,False
"The relationship between science and the unexplained represents a dynamic frontier of human knowledge. Science operates on a foundation of empiricism, requiring phenomena to be observable, testable, and reproducible to be considered valid. It builds robust models of reality through a methodical process of hypothesis, experimentation, and peer review. In contrast, the unexplained encompasses events and experiences that currently fall outside this framework, often characterized by anecdotal evidence or a lack of replicable conditions. This tension is not necessarily a conflict but a catalyst for progress. Throughout history, phenomena once deemed supernatural or mysterious—such as lightning, disease, or comets—have been absorbed into the realm of scientific understanding. The unexplained, therefore, serves as the boundary of current scientific inquiry, a vast territory of mysteries that challenge researchers to refine their tools and expand their theories, continuously pushing humanity’s grasp of the universe forward.",1,1,0.99992406,AI_Generic,False,False
"He held no fear for the old tales. The grannies might speak of kelpies in the loch, but he knew the kinder sort of magic. A bowl of milk left on the hearthstone found the house righted by morning. A bent sixpence in his pocket felt a shield against all sour fortune. These were not chains of dread, but threads of wonder. They gave the world a secret pulse, a meaning just beyond the eye. The wind whistling through the glen was no empty sound, but the chatter of unseen friends. Why, it made the whole world a brighter and more companionable place to be, and he would not trade a single brownie for all the cold reason in Edinburgh.",1,1,0.9750166,Robert Louis Stevenson,False,False
"He uttered a deep sigh; and just as the cabman, taking heart of grace, was beginning at last to scale the wall, his defaulting customer fell again to running, and disappeared into the further fields. CHAPTER VIII—SINGULAR INSTANCE OF THE UTILITY OF PASS-KEYS WHERE he ran at first, John never very clearly knew; nor yet how long a time elapsed ere he found himself in the by-road near the lodge of Ravelston, propped against the wall, his lungs heaving like bellows, his legs leaden-heavy, his mind possessed by one sole desire—to lie down and be unseen. He remembered the thick coverts round the quarry-hole pond, an untrodden corner of the world where he might surely find concealment till the night should fall. Thither he passed down the lane; and when he came there, behold! he had forgotten the frost, and the pond was alive with young people skating, and the pond-side coverts were thick with lookers-on. He looked on a while himself. There was one tall, graceful maiden, skating hand in hand with a youth, on whom she bestowed her bright eyes perhaps too patently; and it was strange with what anger John beheld her. He could have broken forth in curses; he could have stood there, like a mortified tramp, and shaken his fist and vented his gall upon her by the hour—or so he thought; and the next moment his heart bled for the girl. ‘Poor creature, it’s little she knows!’ he sighed. ‘Let her enjoy herself while she can!’ But was it possible, when Flora used to smile at him on the Braid ponds, she could have looked so fulsome to a sick-hearted bystander?",0,0,2.0184729e-05,Human,False,False
"What man, having once gripped the cold, hard certainty of a scientific fact, would willingly cast it aside for the fever-dream of a ghost-story? Yet the war is waged not in the laboratory or the lecture-hall, but in the shuddering soul of man himself, where the steadiest nerve is besieged by a whisper from the dark. The physician, for all his anatomy, feels his own heart hammer against his ribs at a footfall in an empty corridor; the logician, who has chained down every premise, stares wild-eyed into the abyss of a shadow that has no source. Here is the true precipice of reason, a frantic, desperate scramble on the cliff’s edge, where the lamp of knowledge gutters against an ancient wind and the mind is left to grapple alone with a nameless, staring dread.",1,1,0.99995756,Robert Louis Stevenson,False,False
"Instantly the spirit of hell awoke in me and raged. With a transport of glee, I mauled the unresisting body, tasting delight from every blow; and it was not till weariness had begun to succeed, that I was suddenly, in the top fit of my delirium, struck through the heart by a cold thrill of terror. A mist dispersed; I saw my life to be forfeit; and fled from the scene of these excesses, at once glorying and trembling, my lust of evil gratified and stimulated, my love of life screwed to the topmost peg. I ran to the house in Soho, and (to make assurance doubly sure) destroyed my papers; thence I set out through the lamplit streets, in the same divided ecstasy of mind, gloating on my crime, light-headedly devising others in the future, and yet still hastening and still hearkening in my wake for the steps of the avenger. Hyde had a song upon his lips as he compounded the draught, and as he drank it, pledged the dead man. The pangs of transformation had not done tearing him, before Henry Jekyll, with streaming tears of gratitude and remorse, had fallen upon his knees and lifted his clasped hands to God. The veil of self-indulgence was rent from head to foot, I saw my life as a whole: I followed it up from the days of childhood, when I had walked with my father’s hand, and through the self-denying toils of my professional life, to arrive again and again, with the same sense of unreality, at the damned horrors of the evening. I could have screamed aloud; I sought with tears and prayers to smother down the crowd of hideous images and sounds with which my memory swarmed against me; and still, between the petitions, the ugly face of my iniquity stared into my soul. As the acuteness of this remorse began to die away, it was succeeded by a sense of joy. The problem of my conduct was solved. Hyde was thenceforth impossible; whether I would or not, I was now confined to the better part of my existence; and oh, how I rejoiced to think it! with what willing humility, I embraced anew the restrictions of natural life! with what sincere renunciation, I locked the door by which I had so often gone and come, and ground the key under my heel!",0,0,9.0435395e-05,Human,False,False
"“You bear him no good will, madam,” said Holmes. “Tell us then where we shall find him. If you have ever aided him in evil, help us now and so atone.” “There is but one place where he can have fled,” she answered. “There is an old tin mine on an island in the heart of the mire. It was there that he kept his hound and there also he had made preparations so that he might have a refuge. That is where he would fly.” The fog-bank lay like white wool against the window. Holmes held the lamp towards it.",0,0,5.179641e-06,Human,False,False
"“Ah, that settles it. Mrs. Oldmore, too; I seem to remember the name. Excuse my curiosity, but often in calling upon one friend one finds another.” “She is an invalid lady, sir. Her husband was once mayor of Gloucester. She always comes to us when she is in town.” “Thank you; I am afraid I cannot claim her acquaintance. We have established a most important fact by these questions, Watson,” he continued in a low voice as we went upstairs together. “We know now that the people who are so interested in our friend have not settled down in his own hotel. That means that while they are, as we have seen, very anxious to watch him, they are equally anxious that he should not see them. Now, this is a most suggestive fact.”",0,0,2.1070948e-05,Human,False,False
"I have long observed, in the shrouded alleys and respectable drawing-rooms of this city, the terrible and primitive duality that constitutes the soul of man. I see a gentleman of fine repute, his face a mask of public virtue and benevolence; yet I cannot help but perceive the shadow that dogs his heels, a darker, more impetuous self that yearns for the licence of the midnight hour. This is the great tragedy of our nature: that the very same consciousness which can frame a prayer or a noble sentiment is bound, in the same clay, to a fiend of base instinct and grinning malignity. Every man is a battlefield of these incongruous powers, a walking civil war destined to be fought in silence and solitude, until the grave claims both the angel and the beast as one.",1,1,0.99991345,Robert Louis Stevenson,False,False
"The relationship between science and the unexplained is one of dynamic tension. Science operates on a foundation of empirical evidence, testability, and peer review, systematically seeking to provide rational, verifiable explanations for all observable phenomena. Its methodology demands that claims be supported by reproducible data and objective analysis. In contrast, the domain of the unexplained encompasses events and experiences that currently defy such frameworks, often relying on anecdotal accounts, personal testimony, and occurrences that are not easily replicated under controlled conditions. While proponents of the unexplained may find personal experience to be sufficient proof, the scientific community remains skeptical without verifiable evidence. This boundary is not static; what is mysterious today may become a field of scientific study tomorrow. The ongoing dialogue highlights the fundamental distinction between methodical inquiry and the enduring human fascination with phenomena that lie beyond the current limits of our understanding.",1,1,0.9998766,AI_Generic,False,False
"XII. THE ADVENTURE OF THE COPPER BEECHES “To the man who loves art for its own sake,” remarked Sherlock Holmes, tossing aside the advertisement sheet of _The Daily Telegraph_, “it is frequently in its least important and lowliest manifestations that the keenest pleasure is to be derived. It is pleasant to me to observe, Watson, that you have so far grasped this truth that in these little records of our cases which you have been good enough to draw up, and, I am bound to say, occasionally to embellish, you have given prominence not so much to the many _causes célèbres_ and sensational trials in which I have figured but rather to those incidents which may have been trivial in themselves, but which have given room for those faculties of deduction and of logical synthesis which I have made my special province.”",0,0,0.0002757293,Human,False,False
"The year ’87 furnished us with a long series of cases of greater or less interest, of which I retain the records. Among my headings under this one twelve months I find an account of the adventure of the Paradol Chamber, of the Amateur Mendicant Society, who held a luxurious club in the lower vault of a furniture warehouse, of the facts connected with the loss of the British barque _Sophy Anderson_, of the singular adventures of the Grice Patersons in the island of Uffa, and finally of the Camberwell poisoning case. In the latter, as may be remembered, Sherlock Holmes was able, by winding up the dead man’s watch, to prove that it had been wound up two hours before, and that therefore the deceased had gone to bed within that time—a deduction which was of the greatest importance in clearing up the case. All these I may sketch out at some future date, but none of them present such singular features as the strange train of circumstances which I have now taken up my pen to describe.",0,0,3.5317094e-05,Human,False,False
"We had a pleasant luncheon in which little was said of the business which had brought us together. It was in the private sitting-room to which we afterwards repaired that Holmes asked Baskerville what were his intentions. “To go to Baskerville Hall.” “At the end of the week.” “On the whole,” said Holmes, “I think that your decision is a wise one. I have ample evidence that you are being dogged in London, and amid the millions of this great city it is difficult to discover who these people are or what their object can be. If their intentions are evil they might do you a mischief, and we should be powerless to prevent it. You did not know, Dr. Mortimer, that you were followed this morning from my house?”",0,0,1.1061981e-05,Human,False,False
"What is it, then, which lends the most profound and chilling aspect to human misfortune? While the fall of a monarch or the collapse of an empire may capture the historian’s eye, a closer examination reveals a more potent source of dread in the realm of the so-called ‘Domestic Tragedy’. Here, within the four walls of a commonplace household, the grand passions of jealousy, avarice, and betrayal are not diluted by matters of state, but are instead concentrated into a virulent poison. The stage is not a battlefield but a parlour; the weapon not a sword but a whispered word or a forged signature. It is this very proximity to our own lives, this grim manifestation of ruin amidst the familiar settings of hearth and home, which gives this peculiar form of drama its singular power to unsettle the mind and disturb the soul in a manner the grandest historical catastrophe can seldom achieve.",1,1,0.9999572,Arthur Conan Doyle,False,False
"I observed the work with a singular detachment. The subject lay upon the slab, its countenance a pale and placid mask. The first incision was a matter of professional pride. It parted the skin with clean economy. What followed was a methodical dismantling. The secrets of the flesh were laid bare, not with reverence, but with a surgeon's dispassionate curiosity. I saw not a man, but a puzzle of sinew and bone. Each instrument moved with a grim purpose, exploring the quiet machinery of a life now ended. It was an unholy business, this prying into a soul's deserted vessel. Yet I found my own hands steady, my own mind acutely, terribly clear.",1,1,0.999871,Robert Louis Stevenson,False,False
"The world often presents a meticulously crafted façade, a shimmering surface that belies the turmoil churning just beneath. Consider the tranquil pond, its glassy face a perfect mirror for the serene sky, yet its depths conceal a murky, tangled world of decay and silent predators. A smile, radiant and wide, can be a brittle mask for a heart fractured by unspoken grief, its warmth a carefully constructed illusion. Even the most vibrant flower, with petals like spun silk, may harbor a bitter poison, its beauty a lure for the unsuspecting. This veneer of perfection is a fragile artistry, a delicate layer of paint over a canvas of complex and often chaotic reality. What we perceive is rarely the whole truth, but merely the polished cover of a far more intricate and often somber story.",1,1,0.99998343,AI_Generic,False,False
"Within the intricate landscape of the human spirit, a profound duality exists, a constant and silent tension between light and shadow. We are creatures of breathtaking compassion, capable of selfless love, intricate art, and the pursuit of noble truths. This is the architect within, the part of us that builds, nurtures, and seeks connection in a sunlit world of empathy and reason. Yet, lurking in the very same heart is a primal wilderness, a place where selfishness, envy, and sudden, destructive rage can take root. This is the slumbering beast, the impulse that can dismantle with a careless word or a cold act what the architect so carefully constructed. This inherent paradox is not a flaw but the very essence of our being; we are not one or the other, but the perpetual, shifting battleground between the two, defined by the choices we make in the quiet moments between impulse and action.",1,1,0.9999682,AI_Generic,False,False
"One day, when Will was about sixteen, a fat young man arrived at sunset to pass the night. He was a contented-looking fellow, with a jolly eye, and carried a knapsack. While dinner was preparing, he sat in the arbour to read a book; but as soon as he had begun to observe Will, the book was laid aside; he was plainly one of those who prefer living people to people made of ink and paper. Will, on his part, although he had not been much interested in the stranger at first sight, soon began to take a great deal of pleasure in his talk, which was full of good nature and good sense, and at last conceived a great respect for his character and wisdom. They sat far into the night; and about two in the morning Will opened his heart to the young man, and told him how he longed to leave the valley and what bright hopes he had connected with the cities of the plain. The young man whistled, and then broke into a smile.",0,0,1.9642259e-05,Human,False,False
"“I could not trust myself to speak longer with the man. The more I looked at his fat, frightened face, the harder did it seem that we should slay him in cold blood. It was best to get it over. “‘Take him to the main guard,’ said I. The two Sikhs closed in upon him on each side, and the giant walked behind, while they marched in through the dark gateway. Never was a man so compassed round with death. I remained at the gateway with the lantern. “I could hear the measured tramp of their footsteps sounding through the lonely corridors. Suddenly it ceased, and I heard voices, and a scuffle, with the sound of blows. A moment later there came, to my horror, a rush of footsteps coming in my direction, with the loud breathing of a running man. I turned my lantern down the long, straight passage, and there was the fat man, running like the wind, with a smear of blood across his face, and close at his heels, bounding like a tiger, the great black-bearded Sikh, with a knife flashing in his hand. I have never seen a man run so fast as that little merchant. He was gaining on the Sikh, and I could see that if he once passed me and got to the open air he would save himself yet. My heart softened to him, but again the thought of his treasure turned me hard and bitter. I cast my firelock between his legs as he raced past, and he rolled twice over like a shot rabbit. Ere he could stagger to his feet the Sikh was upon him, and buried his knife twice in his side. The man never uttered moan nor moved muscle, but lay were he had fallen. I think myself that he may have broken his neck with the fall. You see, gentlemen, that I am keeping my promise. I am telling you every work of the business just exactly as it happened, whether it is in my favour or not.”",0,0,2.8048475e-05,Human,False,False
"“I think not,” replied the Doctor. “But do not suppose me so unwary as to adopt him out of hand. I am, I flatter myself, a finished man of the world; I have had all possibilities in view; my plan is contrived to meet them all. I take the lad as stable boy. If he pilfer, if he grumble, if he desire to change, I shall see I was mistaken; I shall recognise him for no son of mine, and send him tramping.” “You will never do so when the time comes,” said his wife; “I know your good heart.”",0,0,9.143545e-06,Human,False,False
"“A moderate walk along this moor-path brings us to Merripit House,” said he. “Perhaps you will spare an hour that I may have the pleasure of introducing you to my sister.” My first thought was that I should be by Sir Henry’s side. But then I remembered the pile of papers and bills with which his study table was littered. It was certain that I could not help with those. And Holmes had expressly said that I should study the neighbours upon the moor. I accepted Stapleton’s invitation, and we turned together down the path. “It is a wonderful place, the moor,” said he, looking round over the undulating downs, long green rollers, with crests of jagged granite foaming up into fantastic surges. “You never tire of the moor. You cannot think the wonderful secrets which it contains. It is so vast, and so barren, and so mysterious.”",0,0,1.4957213e-05,Human,False,False
"“IRENE NORTON, _née_ ADLER.” “What a woman—oh, what a woman!” cried the King of Bohemia, when we had all three read this epistle. “Did I not tell you how quick and resolute she was? Would she not have made an admirable queen? Is it not a pity that she was not on my level?” “From what I have seen of the lady, she seems, indeed, to be on a very different level to your Majesty,” said Holmes coldly. “I am sorry that I have not been able to bring your Majesty’s business to a more successful conclusion.” “On the contrary, my dear sir,” cried the King; “nothing could be more successful. I know that her word is inviolate. The photograph is now as safe as if it were in the fire.”",0,0,7.028964e-06,Human,False,False
"“‘I should much prefer to have it so,’ said he, raising up a square, black morocco case which he had laid beside his chair. ‘You have doubtless heard of the Beryl Coronet?’ “‘One of the most precious public possessions of the empire,’ said I. “‘Precisely.’ He opened the case, and there, imbedded in soft, flesh-coloured velvet, lay the magnificent piece of jewellery which he had named. ‘There are thirty-nine enormous beryls,’ said he, ‘and the price of the gold chasing is incalculable. The lowest estimate would put the worth of the coronet at double the sum which I have asked. I am prepared to leave it with you as my security.’",0,0,7.305598e-06,Human,False,False
"“None,” said Holmes. “But I see the glint of a light in that little window beside the door.” “Ah, that is the housekeeper’s room. That is where old Mrs. Bernstone sits. She can tell us all about it. But perhaps you would not mind waiting here for a minute or two, for if we all go in together and she has no word of our coming she may be alarmed. But hush! what is that?” He held up the lantern, and his hand shook until the circles of light flickered and wavered all round us. Miss Morstan seized my wrist, and we all stood with thumping hearts, straining our ears. From the great black house there sounded through the silent night the saddest and most pitiful of sounds,—the shrill, broken whimpering of a frightened woman.",0,0,0.00027913455,Human,False,False
"It is a fundamental error to trust the immediate evidence of the senses. The eye, you see, is a most unreliable instrument, easily swayed by the obvious and the dramatic. A man’s polished boots may conceal his ruin; a lady’s tearful testimony may be the most artful fiction. The untrained observer grasps these superficialities and constructs an entirely erroneous theory. They see the glaring bloodstain upon the rug. I, however, concern myself with the almost invisible speck of ash upon a cuff, or the faint scratch beside a keyhole. It is in these trifles, so often dismissed, that the genuine truth resides, stripped of all theatricality and deceit. The grand picture is a canvas for lies; the minute detail alone is honest.",1,1,0.9999232,Arthur Conan Doyle,False,False
"“You heard nothing yourself last night?” “Nothing, until my uncle here began to speak loudly. I heard that, and I came down.” “You shut up the windows and doors the night before. Did you fasten all the windows?” “Were they all fastened this morning?” “You have a maid who has a sweetheart? I think that you remarked to your uncle last night that she had been out to see him?” “Yes, and she was the girl who waited in the drawing-room, and who may have heard uncle’s remarks about the coronet.” “I see. You infer that she may have gone out to tell her sweetheart, and that the two may have planned the robbery.”",0,0,6.6427237e-06,Human,False,False
"Is it not a profound and terrible truth that man is not truly one, but truly two? For within the most respectable of breasts, there lies a horrid theatre where two combatants are forever at war: the upright, aspiring spirit, and a base, more primitive companion who delights in the mire. This latter creature, a furtive guest of the soul, lies chained for the most part in the lower chambers of a man's consciousness, yet its vile influence seeps upwards like a London fog, tainting the purest thoughts with a sudden, savage impulse. The most esteemed gentleman, walking by day in the full light of public approbation, has felt this darker self stir in the shadows of his heart, a loathsome presence that whispers of pleasures both abject and profound, proving that the fortress of our character is built upon a dungeon, and we are at once the gaoler and the prisoner.",1,1,0.9998739,Robert Louis Stevenson,False,False
"“Your presence will be of great service to me,” he answered. “We shall work the case out independently, and leave this fellow Jones to exult over any mare’s-nest which he may choose to construct. When you have dropped Miss Morstan I wish you to go on to No. 3, Pinchin Lane, down near the water’s edge at Lambeth. The third house on the right-hand side is a bird-stuffer’s: Sherman is the name. You will see a weasel holding a young rabbit in the window. Knock old Sherman up, and tell him, with my compliments, that I want Toby at once. You will bring Toby back in the cab with you.”",0,0,1.1156504e-05,Human,False,False
"“Ha!” cried I, “if it is anything in the nature of a problem which you desire to see solved, I should strongly recommend you to come to my friend, Mr. Sherlock Holmes, before you go to the official police.” “Oh, I have heard of that fellow,” answered my visitor, “and I should be very glad if he would take the matter up, though of course I must use the official police as well. Would you give me an introduction to him?” “I’ll do better. I’ll take you round to him myself.” “I should be immensely obliged to you.” “We’ll call a cab and go together. We shall just be in time to have a little breakfast with him. Do you feel equal to it?”",0,0,1.1620301e-05,Human,False,False
"“What’s up, then?” asked Holmes with a twinkle in his eye. “You look dissatisfied.” “And I feel dissatisfied. It is this infernal St. Simon marriage case. I can make neither head nor tail of the business.” “Really! You surprise me.” “Who ever heard of such a mixed affair? Every clue seems to slip through my fingers. I have been at work upon it all day.” “And very wet it seems to have made you,” said Holmes laying his hand upon the arm of the pea-jacket. “Yes, I have been dragging the Serpentine.” “In Heaven’s name, what for?” “In search of the body of Lady St. Simon.”",0,0,5.7902844e-06,Human,False,False
"The true terror of the sea is not a single, fanged beast, but the ocean's own malevolent will. It is in the sudden, violent tempest that blackens the midday sun, heaving the water into liquid mountains that crest with spiteful foam. It is the shriek of the wind through rigging and the groan of splintering timbers in a symphony of chaos. Yet, a deeper horror lurks beneath the churning surface. In the silent, crushing blackness of the abyss, colossal shapes drift in an ancient cold. The fear is not of the storm you can see, but of the vast, unseen shadow that rises from the depths, the silent promise of a leviathan's embrace, and the cold, unblinking eye that watches from a world beyond the reach of light.",1,1,0.9999716,AI_Generic,False,False
"Holmes stretched out his hand for the manuscript and flattened it upon his knee. “You will observe, Watson, the alternative use of the long _s_ and the short. It is one of several indications which enabled me to fix the date.” I looked over his shoulder at the yellow paper and the faded script. At the head was written: “Baskerville Hall,” and below in large, scrawling figures: “1742.” “It appears to be a statement of some sort.” “Yes, it is a statement of a certain legend which runs in the Baskerville family.” “But I understand that it is something more modern and practical upon which you wish to consult me?”",0,0,3.9501385e-05,Human,False,False
"Vengeance from the past does not arrive like a thunderclap, but rather as a slow, creeping chill that seeps into the marrow of the present. It begins as a whisper on a late-night wind, a half-remembered face in a crowd, or the sudden, inexplicable scent of damp earth and regret. This is not the heat of fresh anger, but the cold, calculated return of a long-buried wrong. It is a patient predator, a ghost that wears a familiar face and knows the architecture of your deepest fears. The forgotten sin, left to fester in the dark soil of time, has finally sprouted, its tendrils wrapping around the foundations of the life you built upon its grave. There is no escape from this reckoning, for it is not an external foe you face, but the relentless echo of your own history demanding to be heard.",1,1,0.999977,AI_Generic,False,False
"Is there any greater vanity in the human breast than the belief that a sin, once committed and forgotten by the sinner, is thereby erased from the great ledger of consequence? The portly gentleman, now a pillar of his community, had long since dismissed the sordid affair of his youth as a mere trifle, a footnote in a successful life. Yet, time does not grant amnesty; it merely postpones the collection of the debt. Across the fog-bound expanse of the city, a shadow moved, an emissary of a forgotten injustice whose singular purpose had been patiently stoked for two decades in the cold furnace of a wronged heart. It was not justice that crept towards his door, but a far more primitive and patient creature: the simple, unwavering conviction that one account must be settled with another, no matter the years that lie between.",1,1,0.99994767,Arthur Conan Doyle,False,False
"“What sort of facts?” I asked. “Anything which may seem to have a bearing however indirect upon the case, and especially the relations between young Baskerville and his neighbours or any fresh particulars concerning the death of Sir Charles. I have made some inquiries myself in the last few days, but the results have, I fear, been negative. One thing only appears to be certain, and that is that Mr. James Desmond, who is the next heir, is an elderly gentleman of a very amiable disposition, so that this persecution does not arise from him. I really think that we may eliminate him entirely from our calculations. There remain the people who will actually surround Sir Henry Baskerville upon the moor.”",0,0,2.367702e-05,Human,False,False
"“The Sahib awaits you,” said he, and even as he spoke there came a high piping voice from some inner room. “Show them in to me, khitmutgar,” it cried. “Show them straight in to me.” We followed the Indian down a sordid and common passage, ill-lit and worse furnished, until he came to a door upon the right, which he threw open. A blaze of yellow light streamed out upon us, and in the centre of the glare there stood a small man with a very high head, a bristle of red hair all round the fringe of it, and a bald, shining scalp which shot out from among it like a mountain-peak from fir-trees. He writhed his hands together as he stood, and his features were in a perpetual jerk, now smiling, now scowling, but never for an instant in repose. Nature had given him a pendulous lip, and a too visible line of yellow and irregular teeth, which he strove feebly to conceal by constantly passing his hand over the lower part of his face. In spite of his obtrusive baldness, he gave the impression of youth. In point of fact he had just turned his thirtieth year.",0,0,3.1747855e-05,Human,False,False
"There was no sign of either Olalla or Felipe, and I addressed myself to the recess, whither the Senora had now drawn quite back and sat dozing close before the fire, for no degree of heat appeared too much for her. “Pardon me,” said I, “if I disturb you, but I must apply to you for help.” She looked up sleepily and asked me what it was, and with the very words I thought she drew in her breath with a widening of the nostrils and seemed to come suddenly and fully alive. “I have cut myself,” I said, “and rather badly. See!” And I held out my two hands from which the blood was oozing and dripping.",0,0,5.2063738e-06,Human,False,False
"“It was only a joke at first,” groaned our visitor. “We never thought that she would have been so carried away.” “Very likely not. However that may be, the young lady was very decidedly carried away, and, having quite made up her mind that her stepfather was in France, the suspicion of treachery never for an instant entered her mind. She was flattered by the gentleman’s attentions, and the effect was increased by the loudly expressed admiration of her mother. Then Mr. Angel began to call, for it was obvious that the matter should be pushed as far as it would go if a real effect were to be produced. There were meetings, and an engagement, which would finally secure the girl’s affections from turning towards anyone else. But the deception could not be kept up forever. These pretended journeys to France were rather cumbrous. The thing to do was clearly to bring the business to an end in such a dramatic manner that it would leave a permanent impression upon the young lady’s mind and prevent her from looking upon any other suitor for some time to come. Hence those vows of fidelity exacted upon a Testament, and hence also the allusions to a possibility of something happening on the very morning of the wedding. James Windibank wished Miss Sutherland to be so bound to Hosmer Angel, and so uncertain as to his fate, that for ten years to come, at any rate, she would not listen to another man. As far as the church door he brought her, and then, as he could go no farther, he conveniently vanished away by the old trick of stepping in at one door of a four-wheeler and out at the other. I think that was the chain of events, Mr. Windibank!”",0,0,2.4543315e-05,Human,False,False
"‘I would rather not tell you, sir,’ said John. ‘It will only make you angry.’ ‘I will not be fenced with,’ cried his father. ‘There must be an end of disingenuous answers. What did you want with this money?’ ‘To lend it to Houston, sir,’ says John. ‘I thought I had forbidden you to speak to that young man?’ asked the father. ‘Yes, sir,’ said John; ‘but I only met him.’ ‘Where?’ came the deadly question. And ‘In a billiard-room’ was the damning answer. Thus, had John’s single departure from the truth brought instant punishment. For no other purpose but to see Alan would he have entered a billiard-room; but he had desired to palliate the fact of his disobedience, and now it appeared that he frequented these disreputable haunts upon his own account.",0,0,9.39685e-06,Human,False,False
"The phenomenon which the common mariner had named the 'Terror of the Sea' was, in truth, a creature of profound biological simplicity and yet of the most calamitous effect. Its body was a great sac of phosphorescent grey flesh, bearing no discerning features save for a single, vast aperture from which it expelled a paralytic agent into the surrounding currents. The beast evinced no malice in its predation; it was a simple and patient mechanism of the deep, a function of the abyss as inevitable as the tide itself. A ship, becalmed in the clouded water, would simply cease its motion, its crew rendered inert upon the decks before the slow, methodical process of consumption began, a quiet and final absorption into the greater, indifferent cold.",1,1,0.99984014,Robert Louis Stevenson,False,False
"I have often marvelled at my companion's singular faculty for what he termed the Science of Deduction. Where I saw but a commonplace object—a smudged calling card, perhaps, or a walking stick with a few faint scratches—he perceived a complete and telling history. His keen grey eyes would narrow, a flicker of profound understanding passing across his sharp features, and from the most insignificant of trifles he would construct a chain of reasoning, each link as strong and irrefutable as the last. It was an arcane art, one that began in the meticulous observation of minutiae and ended in the startling elucidation of a man's entire life and circumstance. To the uninitiated, it appeared as pure wizardry, for he could gaze upon a single thread and from it, unravel a complex human tapestry that had hitherto remained entirely invisible to all others.",1,1,0.9998776,Arthur Conan Doyle,False,False
"“The first was from Pondicherry, the second from Dundee, and the third from London.” “From East London. What do you deduce from that?” “They are all seaports. That the writer was on board of a ship.” “Excellent. We have already a clue. There can be no doubt that the probability—the strong probability—is that the writer was on board of a ship. And now let us consider another point. In the case of Pondicherry, seven weeks elapsed between the threat and its fulfilment, in Dundee it was only some three or four days. Does that suggest anything?” “A greater distance to travel.”",0,0,1.6181777e-05,Human,False,False
"“Tell me, Watson. What do they say of it?” I hesitated but could not escape the question. “They say it is the cry of the Hound of the Baskervilles.” He groaned and was silent for a few moments. “A hound it was,” he said at last, “but it seemed to come from miles away, over yonder, I think.” “It was hard to say whence it came.” “It rose and fell with the wind. Isn’t that the direction of the great Grimpen Mire?” “Well, it was up there. Come now, Watson, didn’t you think yourself that it was the cry of a hound? I am not a child. You need not fear to speak the truth.”",0,0,1.4683285e-05,Human,False,False
"“This is most important,” said he when I had concluded. “It fills up a gap which I had been unable to bridge in this most complex affair. You are aware, perhaps, that a close intimacy exists between this lady and the man Stapleton?” “I did not know of a close intimacy.” “There can be no doubt about the matter. They meet, they write, there is a complete understanding between them. Now, this puts a very powerful weapon into our hands. If I could only use it to detach his wife—” “I am giving you some information now, in return for all that you have given me. The lady who has passed here as Miss Stapleton is in reality his wife.”",0,0,2.4222547e-05,Human,False,False
"“It is an old maxim of mine that when you have excluded the impossible, whatever remains, however improbable, must be the truth. Now, I knew that it was not you who had brought it down, so there only remained your niece and the maids. But if it were the maids, why should your son allow himself to be accused in their place? There could be no possible reason. As he loved his cousin, however, there was an excellent explanation why he should retain her secret—the more so as the secret was a disgraceful one. When I remembered that you had seen her at that window, and how she had fainted on seeing the coronet again, my conjecture became a certainty.",0,0,9.733736e-05,Human,False,False
"“So far I had got when we went to visit the scene of action. I surprised you by beating upon the pavement with my stick. I was ascertaining whether the cellar stretched out in front or behind. It was not in front. Then I rang the bell, and, as I hoped, the assistant answered it. We have had some skirmishes, but we had never set eyes upon each other before. I hardly looked at his face. His knees were what I wished to see. You must yourself have remarked how worn, wrinkled, and stained they were. They spoke of those hours of burrowing. The only remaining point was what they were burrowing for. I walked round the corner, saw the City and Suburban Bank abutted on our friend’s premises, and felt that I had solved my problem. When you drove home after the concert I called upon Scotland Yard and upon the chairman of the bank directors, with the result that you have seen.”",0,0,1.1342691e-05,Human,False,False
"The concept of a 'Curse of Ancestry' refers to the detrimental legacies, both biological and psychosocial, that are passed down through generations. On a biological level, this includes genetic predispositions to chronic illnesses, addiction, or mental health disorders. The emerging field of epigenetics further suggests that ancestral trauma and environmental stressors can alter gene expression in descendants, creating a physical inheritance of past hardships. Psychologically, the curse manifests as inherited patterns of behavior, unresolved family trauma, and the immense weight of a family's reputation or failures. These combined factors can create self-perpetuating cycles of disadvantage or dysfunction, where an individual's life is significantly shaped by challenges originating long before their birth. This 'curse' is not a supernatural phenomenon but a tangible inheritance of obstacles encoded within our DNA and our family narratives, influencing our health, behaviors, and opportunities.",1,1,0.99982905,AI_Generic,False,False
"Holmes considered for a little time. “Put into plain words, the matter is this,” said he. “In your opinion there is a diabolical agency which makes Dartmoor an unsafe abode for a Baskerville—that is your opinion?” “At least I might go the length of saying that there is some evidence that this may be so.” “Exactly. But surely, if your supernatural theory be correct, it could work the young man evil in London as easily as in Devonshire. A devil with merely local powers like a parish vestry would be too inconceivable a thing.” “You put the matter more flippantly, Mr. Holmes, than you would probably do if you were brought into personal contact with these things. Your advice, then, as I understand it, is that the young man will be as safe in Devonshire as in London. He comes in fifty minutes. What would you recommend?”",0,0,3.4772354e-05,Human,False,False
"It was late in the afternoon before I woke, strengthened and refreshed. Sherlock Holmes still sat exactly as I had left him, save that he had laid aside his violin and was deep in a book. He looked across at me, as I stirred, and I noticed that his face was dark and troubled. “You have slept soundly,” he said. “I feared that our talk would wake you.” “I heard nothing,” I answered. “Have you had fresh news, then?” “Unfortunately, no. I confess that I am surprised and disappointed. I expected something definite by this time. Wiggins has just been up to report. He says that no trace can be found of the launch. It is a provoking check, for every hour is of importance.”",0,0,1.1956122e-05,Human,False,False
"CHAPTER I—INTRODUCES THE ADMIRAL WHEN Dick Naseby was in Paris he made some odd acquaintances; for he was one of those who have ears to hear, and can use their eyes no less than their intelligence. He made as many thoughts as Stuart Mill; but his philosophy concerned flesh and blood, and was experimental as to its method. He was a type-hunter among mankind. He despised small game and insignificant personalities, whether in the shape of dukes or bagmen, letting them go by like sea-weed; but show him a refined or powerful face, let him hear a plangent or a penetrating voice, fish for him with a living look in some one’s eye, a passionate gesture, a meaning and ambiguous smile, and his mind was instantaneously awakened. ‘There was a man, there was a woman,’ he seemed to say, and he stood up to the task of comprehension with the delight of an artist in his art.",0,0,0.00048428169,Human,False,False
"“There was silence for a moment, and then the daughter spoke in a calm clear voice. “‘No good can ever come of falsehood, mother,’ she said. ‘Let us be frank with this gentleman. We _did_ see Mr. Drebber again.’ “‘God forgive you!’ cried Madame Charpentier, throwing up her hands and sinking back in her chair. ‘You have murdered your brother.’ “‘Arthur would rather that we spoke the truth,’ the girl answered firmly. “‘You had best tell me all about it now,’ I said. ‘Half-confidences are worse than none. Besides, you do not know how much we know of it.’ “‘On your head be it, Alice!’ cried her mother; and then, turning to me, ‘I will tell you all, sir. Do not imagine that my agitation on behalf of my son arises from any fear lest he should have had a hand in this terrible affair. He is utterly innocent of it. My dread is, however, that in your eyes and in the eyes of others he may appear to be compromised. That however is surely impossible. His high character, his profession, his antecedents would all forbid it.’",0,0,1.42421795e-05,Human,False,False
"She reached out her hand to him, with a sigh; the Doctor smiled as he took it and carried it to his lips; he had gained his point with greater ease than he had dared to hope; for perhaps the twentieth time he had proved the efficacy of his trusty argument, his Excalibur, the hint of a return to Paris. Six months in the capital, for a man of the Doctor’s antecedents and relations, implied no less a calamity than total ruin. Anastasie had saved the remainder of his fortune by keeping him strictly in the country. The very name of Paris put her in a blue fear; and she would have allowed her husband to keep a menagerie in the back garden, let alone adopting a stable-boy, rather than permit the question of return to be discussed.",0,0,0.0005144476,Human,False,False
"“When I arrived at the house,” continued Holmes, “I at once went very carefully round it to observe if there were any traces in the snow which might help me. I knew that none had fallen since the evening before, and also that there had been a strong frost to preserve impressions. I passed along the tradesmen’s path, but found it all trampled down and indistinguishable. Just beyond it, however, at the far side of the kitchen door, a woman had stood and talked with a man, whose round impressions on one side showed that he had a wooden leg. I could even tell that they had been disturbed, for the woman had run back swiftly to the door, as was shown by the deep toe and light heel marks, while Wooden-leg had waited a little, and then had gone away. I thought at the time that this might be the maid and her sweetheart, of whom you had already spoken to me, and inquiry showed it was so. I passed round the garden without seeing anything more than random tracks, which I took to be the police; but when I got into the stable lane a very long and complex story was written in the snow in front of me.",0,0,8.801671e-06,Human,False,False
"He clutched the scalpel, its steel a cold and useless comfort. The manifestation in the corner defied all natural law. It was a shadow without a body. A coldness without a wind. His mind, that finely-tuned engine of logic, raced for a name. A trick of the eye? A phantom of an overwrought nerve? He recited axioms like a desperate prayer, but the darkness deepened. It seemed to breathe. It seemed to know him. All his books and bottles, all his precise measurements, were but children’s toys before it. Here was some older, baser truth, a thing that grinned from the abyss just beyond the lamp-light, and his science was struck dumb.",1,1,0.9998913,Robert Louis Stevenson,False,False
"He flicked the horse with his whip, and we dashed away through the endless succession of sombre and deserted streets, which widened gradually, until we were flying across a broad balustraded bridge, with the murky river flowing sluggishly beneath us. Beyond lay another dull wilderness of bricks and mortar, its silence broken only by the heavy, regular footfall of the policeman, or the songs and shouts of some belated party of revellers. A dull wrack was drifting slowly across the sky, and a star or two twinkled dimly here and there through the rifts of the clouds. Holmes drove in silence, with his head sunk upon his breast, and the air of a man who is lost in thought, while I sat beside him, curious to learn what this new quest might be which seemed to tax his powers so sorely, and yet afraid to break in upon the current of his thoughts. We had driven several miles, and were beginning to get to the fringe of the belt of suburban villas, when he shook himself, shrugged his shoulders, and lit up his pipe with the air of a man who has satisfied himself that he is acting for the best.",0,0,0.00031763173,Human,False,False
"I had seen little of Holmes lately. My marriage had drifted us away from each other. My own complete happiness, and the home-centred interests which rise up around the man who first finds himself master of his own establishment, were sufficient to absorb all my attention, while Holmes, who loathed every form of society with his whole Bohemian soul, remained in our lodgings in Baker Street, buried among his old books, and alternating from week to week between cocaine and ambition, the drowsiness of the drug, and the fierce energy of his own keen nature. He was still, as ever, deeply attracted by the study of crime, and occupied his immense faculties and extraordinary powers of observation in following out those clues, and clearing up those mysteries which had been abandoned as hopeless by the official police. From time to time I heard some vague account of his doings: of his summons to Odessa in the case of the Trepoff murder, of his clearing up of the singular tragedy of the Atkinson brothers at Trincomalee, and finally of the mission which he had accomplished so delicately and successfully for the reigning family of Holland. Beyond these signs of his activity, however, which I merely shared with all the readers of the daily press, I knew little of my former friend and companion.",0,0,0.00013216794,Human,False,False
"We had left the fertile country behind and beneath us. We looked back on it now, the slanting rays of a low sun turning the streams to threads of gold and glowing on the red earth new turned by the plough and the broad tangle of the woodlands. The road in front of us grew bleaker and wilder over huge russet and olive slopes, sprinkled with giant boulders. Now and then we passed a moorland cottage, walled and roofed with stone, with no creeper to break its harsh outline. Suddenly we looked down into a cuplike depression, patched with stunted oaks and firs which had been twisted and bent by the fury of years of storm. Two high, narrow towers rose over the trees. The driver pointed with his whip.",0,0,0.42773205,Human,False,False
"It was a room that presented a brave front to the world, a study in contrived cheerfulness. The mahogany sideboard shone with a desperate lustre, its polish a valiant but failing attempt to distract the eye from the deep, dark scratches that marred its surface. A scent of potpourri, cloyingly sweet, fought a losing battle against the more persistent odour of damp wool and the faint, funereal perfume of lilies beginning to brown at their edges. Through the window, the rattle of a passing hansom cab was but a hollow echo in the oppressive quiet, a fleeting sound from a world that could not know the truth of this place. For here, as in the very countenance of a man, the veneer was all; a fragile shell of propriety beneath which the truth, in all its sorrowful disrepair, lay waiting for the inevitable crack.",1,1,0.99995077,Arthur Conan Doyle,False,False
"“I cannot conceive anything which will cover the facts,” I answered. “It will be clear enough to you soon,” he said, in an off-hand way. “I think that there is nothing else of importance here, but I will look.” He whipped out his lens and a tape measure, and hurried about the room on his knees, measuring, comparing, examining, with his long thin nose only a few inches from the planks, and his beady eyes gleaming and deep-set like those of a bird. So swift, silent, and furtive were his movements, like those of a trained blood-hound picking out a scent, that I could not but think what a terrible criminal he would have made had he turned his energy and sagacity against the law, instead of exerting them in its defence. As he hunted about, he kept muttering to himself, and finally he broke out into a loud crow of delight.",0,0,4.4500055e-05,Human,False,False
"It is a silence broken not by sound, but by sight. The hallowed ground is torn asunder, a ragged wound in the earth where peace once lay buried. Moonlight catches on the raw, upturned soil and the splintered wood of a casket forced from its rest. This is a profound and chilling trespass, an act that reaches beyond the physical realm to disturb the very essence of remembrance. More than just a desecration of bone and dust, it is the theft of dignity, the violent erasure of a final, quiet testament. The air itself feels thin and cold, holding the weight of a sacrilege that offers no repose. It is the ultimate indignity, a second death inflicted upon those who can no longer defend their own fading story.",1,1,0.9999802,AI_Generic,False,False
"“We must send for help, Holmes! We cannot carry him all the way to the Hall. Good heavens, are you mad?” He had uttered a cry and bent over the body. Now he was dancing and laughing and wringing my hand. Could this be my stern, self-contained friend? These were hidden fires, indeed! “A beard! A beard! The man has a beard!” “It is not the baronet—it is—why, it is my neighbour, the convict!” With feverish haste we had turned the body over, and that dripping beard was pointing up to the cold, clear moon. There could be no doubt about the beetling forehead, the sunken animal eyes. It was indeed the same face which had glared upon me in the light of the candle from over the rock—the face of Selden, the criminal.",0,0,7.9894635e-05,Human,False,False
"‘Oh, yes, I dare say,’ said John. ‘And how about my father?’ ‘How is he to know? He doesn’t wind it up for you at night, does he?’ inquired Alan, at which John guffawed. ‘No, seriously; I am in a fix,’ continued the tempter. ‘I have lost some money to a man here. I’ll give it you to-night, and you can get the heir-loom out again on Monday. Come; it’s a small service, after all. I would do a good deal more for you.’ Whereupon John went forth, and pawned his gold watch under the assumed name of John Froggs, 85 Pleasance. But the nervousness that assailed him at the door of that inglorious haunt—a pawnshop—and the effort necessary to invent the pseudonym (which, somehow, seemed to him a necessary part of the procedure), had taken more time than he imagined: and when he returned to the billiard-room with the spoils, the bank had already closed its doors.",0,0,6.992492e-06,Human,False,False
"The young hunter’s dark face grew so gloomy over this remark that Lucy Ferrier laughed aloud. “There, I didn’t mean that,” she said; “of course, you are a friend now. You must come and see us. Now I must push along, or father won’t trust me with his business any more. Good-bye!” “Good-bye,” he answered, raising his broad sombrero, and bending over her little hand. She wheeled her mustang round, gave it a cut with her riding-whip, and darted away down the broad road in a rolling cloud of dust. Young Jefferson Hope rode on with his companions, gloomy and taciturn. He and they had been among the Nevada Mountains prospecting for silver, and were returning to Salt Lake City in the hope of raising capital enough to work some lodes which they had discovered. He had been as keen as any of them upon the business until this sudden incident had drawn his thoughts into another channel. The sight of the fair young girl, as frank and wholesome as the Sierra breezes, had stirred his volcanic, untamed heart to its very depths. When she had vanished from his sight, he realized that a crisis had come in his life, and that neither silver speculations nor any other questions could ever be of such importance to him as this new and all-absorbing one. The love which had sprung up in his heart was not the sudden, changeable fancy of a boy, but rather the wild, fierce passion of a man of strong will and imperious temper. He had been accustomed to succeed in all that he undertook. He swore in his heart that he would not fail in this if human effort and human perseverance could render him successful.",0,0,0.000102406826,Human,False,False
"The darkness was rising, but much was still hidden by the shadows. “If this woman is in truth his wife, where does Mrs. Laura Lyons come in?” I asked. “That is one of the points upon which your own researches have shed a light. Your interview with the lady has cleared the situation very much. I did not know about a projected divorce between herself and her husband. In that case, regarding Stapleton as an unmarried man, she counted no doubt upon becoming his wife.” “And when she is undeceived?” “Why, then we may find the lady of service. It must be our first duty to see her—both of us—tomorrow. Don’t you think, Watson, that you are away from your charge rather long? Your place should be at Baskerville Hall.”",0,0,2.3902574e-05,Human,False,False
"“Particularly small and particularly wicked-looking, is what the maid calls him,” said the officer. Mr. Utterson reflected; and then, raising his head, “If you will come with me in my cab,” he said, “I think I can take you to his house.” It was by this time about nine in the morning, and the first fog of the season. A great chocolate-coloured pall lowered over heaven, but the wind was continually charging and routing these embattled vapours; so that as the cab crawled from street to street, Mr. Utterson beheld a marvellous number of degrees and hues of twilight; for here it would be dark like the back-end of evening; and there would be a glow of a rich, lurid brown, like the light of some strange conflagration; and here, for a moment, the fog would be quite broken up, and a haggard shaft of daylight would glance in between the swirling wreaths. The dismal quarter of Soho seen under these changing glimpses, with its muddy ways, and slatternly passengers, and its lamps, which had never been extinguished or had been kindled afresh to combat this mournful re-invasion of darkness, seemed, in the lawyer’s eyes, like a district of some city in a nightmare. The thoughts of his mind, besides, were of the gloomiest dye; and when he glanced at the companion of his drive, he was conscious of some touch of that terror of the law and the law’s officers, which may at times assail the most honest.",0,0,6.386396e-05,Human,False,False
"At first this vague and terrible power was exercised only upon the recalcitrants who, having embraced the Mormon faith, wished afterwards to pervert or to abandon it. Soon, however, it took a wider range. The supply of adult women was running short, and polygamy without a female population on which to draw was a barren doctrine indeed. Strange rumours began to be bandied about—rumours of murdered immigrants and rifled camps in regions where Indians had never been seen. Fresh women appeared in the harems of the Elders—women who pined and wept, and bore upon their faces the traces of an unextinguishable horror. Belated wanderers upon the mountains spoke of gangs of armed men, masked, stealthy, and noiseless, who flitted by them in the darkness. These tales and rumours took substance and shape, and were corroborated and re-corroborated, until they resolved themselves into a definite name. To this day, in the lonely ranches of the West, the name of the Danite Band, or the Avenging Angels, is a sinister and an ill-omened one.",0,0,0.1867253,Human,False,False
"Science stands as a bastion of logic, its unwavering light cast by the methodical tools of observation, measurement, and repeatable experimentation. It seeks to map the universe, to dissect every phenomenon into a cascade of cause and effect, leaving no room for ambiguity. Yet, at the fringes of its illumination lies the vast, nebulous territory of the unexplained. This is the realm of ghostly static between frequencies, of the chilling premonition that proves unnervingly true, of the fleeting shadow in our peripheral vision that defies rationalization. These are the anecdotes and visceral experiences that slip through the fine mesh of the scientific method, refusing to be pinned down, measured, or replicated on demand. While science patiently works to shrink this frontier, drawing anomalies into its empirical framework, the unexplained endures as a persistent whisper, a reminder that the edges of our understanding are forever shrouded in a compelling and mysterious fog.",1,1,0.9999827,AI_Generic,False,False
"Domestic tragedy is a dramatic genre that focuses on the lives of ordinary, middle or lower-class protagonists, distinguishing it from classical tragedy, which centers on nobility and royalty. The setting is typically the private, domestic sphere, and the plot revolves around personal, household, and familial conflicts. Common themes include marital strife, financial hardship, social pressures, and the consequences of a character's personal flaws, all leading to a disastrous outcome. By presenting a realistic and relatable depiction of human suffering, domestic tragedy aims to evoke a sense of pity and fear in the audience, making the tragic downfall feel immediate and plausible. Emerging in Elizabethan England with plays like *Arden of Faversham*, the genre saw a significant resurgence with the rise of realism in the 19th and 20th centuries, exemplified by the works of playwrights like Henrik Ibsen and Arthur Miller, who used the domestic setting to explore complex psychological and societal issues.",1,1,0.9996623,AI_Generic,False,False
"“Mrs. Oakshott, 117, Brixton Road—249,” read Holmes. “Quite so. Now turn that up in the ledger.” Holmes turned to the page indicated. “Here you are, ‘Mrs. Oakshott, 117, Brixton Road, egg and poultry supplier.’” “Now, then, what’s the last entry?” “‘December 22nd. Twenty-four geese at 7_s_. 6_d_.’” “Quite so. There you are. And underneath?” “‘Sold to Mr. Windigate of the Alpha, at 12_s_.’” “What have you to say now?” Sherlock Holmes looked deeply chagrined. He drew a sovereign from his pocket and threw it down upon the slab, turning away with the air of a man whose disgust is too deep for words. A few yards off he stopped under a lamp-post and laughed in the hearty, noiseless fashion which was peculiar to him.",0,0,8.347034e-06,Human,False,False
"“It is nothing very formidable,” he said, taking a long cigar-shaped roll from his pocket. “It is an ordinary plumber’s smoke-rocket, fitted with a cap at either end to make it self-lighting. Your task is confined to that. When you raise your cry of fire, it will be taken up by quite a number of people. You may then walk to the end of the street, and I will rejoin you in ten minutes. I hope that I have made myself clear?” “I am to remain neutral, to get near the window, to watch you, and at the signal to throw in this object, then to raise the cry of fire, and to wait you at the corner of the street.”",0,0,2.1034428e-05,Human,False,False
"“Gregson and Lestrade will be wild about his death,” Holmes remarked, as we chatted it over next evening. “Where will their grand advertisement be now?” “I don’t see that they had very much to do with his capture,” I answered. “What you do in this world is a matter of no consequence,” returned my companion, bitterly. “The question is, what can you make people believe that you have done. Never mind,” he continued, more brightly, after a pause. “I would not have missed the investigation for anything. There has been no better case within my recollection. Simple as it was, there were several most instructive points about it.”",0,0,1.1267384e-05,Human,False,False
"The stoutest fellow knew, in his heart of hearts, that the tales were only tales. Yet he held them dear all the same! A sailor might refuse a Friday tide, not from true fear, but for the grand old habit of the thing. A fellow raps his knuckles upon an oak door and feels his heart lift with a simple, baseless cheer. A lass makes a secret wish upon the first star, and her hopes seem at once more bright and tangible. These fancies were no iron shackles upon the mind. They were, instead, the bright stitching on a plain coat; a merry sort of game played with fate. They lent a glimmer of the impossible to the sturdy, common world, and a man was the better for it.",1,1,0.99851245,Robert Louis Stevenson,False,False
"“We are close there now,” my friend remarked. “This fellow Merryweather is a bank director, and personally interested in the matter. I thought it as well to have Jones with us also. He is not a bad fellow, though an absolute imbecile in his profession. He has one positive virtue. He is as brave as a bulldog and as tenacious as a lobster if he gets his claws upon anyone. Here we are, and they are waiting for us.” We had reached the same crowded thoroughfare in which we had found ourselves in the morning. Our cabs were dismissed, and, following the guidance of Mr. Merryweather, we passed down a narrow passage and through a side door, which he opened for us. Within there was a small corridor, which ended in a very massive iron gate. This also was opened, and led down a flight of winding stone steps, which terminated at another formidable gate. Mr. Merryweather stopped to light a lantern, and then conducted us down a dark, earth-smelling passage, and so, after opening a third door, into a huge vault or cellar, which was piled all round with crates and massive boxes.",0,0,2.0719366e-05,Human,False,False
"When I had got so far in my list I threw it into the fire in despair. “If I can only find what the fellow is driving at by reconciling all these accomplishments, and discovering a calling which needs them all,” I said to myself, “I may as well give up the attempt at once.” I see that I have alluded above to his powers upon the violin. These were very remarkable, but as eccentric as all his other accomplishments. That he could play pieces, and difficult pieces, I knew well, because at my request he has played me some of Mendelssohn’s Lieder, and other favourites. When left to himself, however, he would seldom produce any music or attempt any recognized air. Leaning back in his arm-chair of an evening, he would close his eyes and scrape carelessly at the fiddle which was thrown across his knee. Sometimes the chords were sonorous and melancholy. Occasionally they were fantastic and cheerful. Clearly they reflected the thoughts which possessed him, but whether the music aided those thoughts, or whether the playing was simply the result of a whim or fancy was more than I could determine. I might have rebelled against these exasperating solos had it not been that he usually terminated them by playing in quick succession a whole series of my favourite airs as a slight compensation for the trial upon my patience.",0,0,6.115757e-05,Human,False,False
"Sherlock Holmes’ quick eye took in my occupation, and he shook his head with a smile as he noticed my questioning glances. “Beyond the obvious facts that he has at some time done manual labour, that he takes snuff, that he is a Freemason, that he has been in China, and that he has done a considerable amount of writing lately, I can deduce nothing else.” Mr. Jabez Wilson started up in his chair, with his forefinger upon the paper, but his eyes upon my companion. “How, in the name of good-fortune, did you know all that, Mr. Holmes?” he asked. “How did you know, for example, that I did manual labour. It’s as true as gospel, for I began as a ship’s carpenter.”",0,0,1.7344557e-05,Human,False,False
"His intention had been to be absent a year at the most, but a combination of unforeseen circumstances prevented his leaving the mines for nearly five. At the end of that time, however, his memory of his wrongs and his craving for revenge were quite as keen as on that memorable night when he had stood by John Ferrier’s grave. Disguised, and under an assumed name, he returned to Salt Lake City, careless what became of his own life, as long as he obtained what he knew to be justice. There he found evil tidings awaiting him. There had been a schism among the Chosen People a few months before, some of the younger members of the Church having rebelled against the authority of the Elders, and the result had been the secession of a certain number of the malcontents, who had left Utah and become Gentiles. Among these had been Drebber and Stangerson; and no one knew whither they had gone. Rumour reported that Drebber had managed to convert a large part of his property into money, and that he had departed a wealthy man, while his companion, Stangerson, was comparatively poor. There was no clue at all, however, as to their whereabouts.",0,0,3.2441658e-05,Human,False,False
"Her great eyes opened wide, the pupils shrank into points; a veil seemed to fall from her face, and leave it sharply expressive and yet inscrutable. And as I still stood, marvelling a little at her disturbance, she came swiftly up to me, and stooped and caught me by the hand; and the next moment my hand was at her mouth, and she had bitten me to the bone. The pang of the bite, the sudden spurting of blood, and the monstrous horror of the act, flashed through me all in one, and I beat her back; and she sprang at me again and again, with bestial cries, cries that I recognised, such cries as had awakened me on the night of the high wind. Her strength was like that of madness; mine was rapidly ebbing with the loss of blood; my mind besides was whirling with the abhorrent strangeness of the onslaught, and I was already forced against the wall, when Olalla ran betwixt us, and Felipe, following at a bound, pinned down his mother on the floor.",0,0,8.074212e-05,Human,False,False
"A profound stillness settles where the violation occurred, a silence heavier than stone. The upturned earth is a raw, dark gash against the manicured peace of the cemetery, and tombstones, once stoic sentinels, lie toppled, their inscriptions of love and memory staring blankly at the indifferent stars. The true sacrilege, however, lies in the open grave, a gaping maw where secrets were meant to sleep. Splintered wood and disturbed soil speak of a frantic, greedy search, a pilfering of relics that were never meant for living hands. It is a trespass against eternity, a shattering of the final, quiet promise made to those who can no longer defend their own peace. The air itself feels tainted, holding the cold echo of a profound and unforgivable disrespect.",1,1,0.9999783,AI_Generic,False,False
"‘I beg your pardon!’ cried the Admiral with dignity. ‘Tut, man!’ said Dick; ‘you’re not offended; you’re a man of the world, I thought. I’ve been studying you, and it’s over. Have I not paid for the lesson? _Au revoir_.’ Van Tromp laughed gaily, shook hands up to the elbows, hoped cordially they would meet again and that often, but looked after Dick as he departed with a tremor of indignation. After that they two not unfrequently fell in each other’s way, and Dick would often treat the old boy to breakfast on a moderate scale and in a restaurant of his own selection. Often, too, he would lend Van Tromp the matter of a pound, in view of that gentleman’s contemplated departure for Australia; there would be a scene of farewell almost touching in character, and a week or a month later they would meet on the same boulevard without surprise or embarrassment. And in the meantime Dick learned more about his acquaintance on all sides: heard of his yacht, his chaise and four, his brief season of celebrity amid a more confiding population, his daughter, of whom he loved to whimper in his cups, his sponging, parasitical, nameless way of life; and with each new detail something that was not merely interest nor yet altogether affection grew up in his mind towards this disreputable stepson of the arts. Ere he left Paris Van Tromp was one of those whom he entertained to a farewell supper; and the old gentleman made the speech of the evening, and then fell below the table, weeping, smiling, paralysed.",0,0,1.0811691e-05,Human,False,False
"The wheels died away down the drive while Sir Henry and I turned into the hall, and the door clanged heavily behind us. It was a fine apartment in which we found ourselves, large, lofty, and heavily raftered with huge baulks of age-blackened oak. In the great old-fashioned fireplace behind the high iron dogs a log-fire crackled and snapped. Sir Henry and I held out our hands to it, for we were numb from our long drive. Then we gazed round us at the high, thin window of old stained glass, the oak panelling, the stags’ heads, the coats of arms upon the walls, all dim and sombre in the subdued light of the central lamp.",0,0,0.004606331,Human,False,False
"“Have you read Gaboriau’s works?” I asked. “Does Lecoq come up to your idea of a detective?” Sherlock Holmes sniffed sardonically. “Lecoq was a miserable bungler,” he said, in an angry voice; “he had only one thing to recommend him, and that was his energy. That book made me positively ill. The question was how to identify an unknown prisoner. I could have done it in twenty-four hours. Lecoq took six months or so. It might be made a text-book for detectives to teach them what to avoid.” I felt rather indignant at having two characters whom I had admired treated in this cavalier style. I walked over to the window, and stood looking out into the busy street. “This fellow may be very clever,” I said to myself, “but he is certainly very conceited.”",0,0,8.992266e-06,Human,False,False
"Our friend, Sir Henry, and the lady had halted on the path and were standing deeply absorbed in their conversation, when I was suddenly aware that I was not the only witness of their interview. A wisp of green floating in the air caught my eye, and another glance showed me that it was carried on a stick by a man who was moving among the broken ground. It was Stapleton with his butterfly-net. He was very much closer to the pair than I was, and he appeared to be moving in their direction. At this instant Sir Henry suddenly drew Miss Stapleton to his side. His arm was round her, but it seemed to me that she was straining away from him with her face averted. He stooped his head to hers, and she raised one hand as if in protest. Next moment I saw them spring apart and turn hurriedly round. Stapleton was the cause of the interruption. He was running wildly towards them, his absurd net dangling behind him. He gesticulated and almost danced with excitement in front of the lovers. What the scene meant I could not imagine, but it seemed to me that Stapleton was abusing Sir Henry, who offered explanations, which became more angry as the other refused to accept them. The lady stood by in haughty silence. Finally Stapleton turned upon his heel and beckoned in a peremptory way to his sister, who, after an irresolute glance at Sir Henry, walked off by the side of her brother. The naturalist’s angry gestures showed that the lady was included in his displeasure. The baronet stood for a minute looking after them, and then he walked slowly back the way that he had come, his head hanging, the very picture of dejection.",0,0,2.8879474e-05,Human,False,False
"The Science of Deduction is a rigorous intellectual discipline, an art form that transforms keen observation into undeniable truth. It begins with the fundamental act of seeing, not merely looking, at the world—discerning the significance in a fleck of mud, a frayed cuff, or the faint scent of a particular perfume. These seemingly trivial details are then filtered through a vast and meticulously organized repository of specialized knowledge, a mental attic where every fact has its place. From this foundation, a chain of inference is forged, where each link is tested by unwavering logic. Possibilities are systematically examined and eliminated until only one, however improbable, remains. It is a systematic method for peeling back the layers of the mundane to reveal the intricate narrative hidden just beneath the surface, turning a chaotic collection of facts into a coherent and compelling conclusion.",1,1,0.99996626,AI_Generic,False,False
"His gaze swept the quiet parlour, a room seemingly frozen in a state of placid neglect. A thin film of dust lay upon the mantel, the fire was but a ghost of embers, and a profound stillness held the air. Yet the true student of human nature knows that the most dreadful abysses of the soul are not to be found upon some desolate moor, but within the four walls of a family home; here, a silent, desperate drama had most certainly unfolded. The singular evidence lay upon the side-table: an overturned teacup and a dark, spreading stain upon the lace doily, a small, damning punctuation mark to a story of suppressed fury and final, terrible despair. The very atmosphere seemed thick with a sorrow that could not be named.",1,1,0.9998672,Arthur Conan Doyle,False,False
"“Entirely, if you will help me to the men.” “Well, then, in the first place I shall want a fast police-boat—a steam launch—to be at the Westminster Stairs at seven o’clock.” “That is easily managed. There is always one about there; but I can step across the road and telephone to make sure.” “Then I shall want two stanch men, in case of resistance.” “There will be two or three in the boat. What else?” “When we secure the men we shall get the treasure. I think that it would be a pleasure to my friend here to take the box round to the young lady to whom half of it rightfully belongs. Let her be the first to open it.—Eh, Watson?”",0,0,9.519991e-06,Human,False,False
"I could draw nothing further from him, and he walked, lost in thought, as far as the Baskerville gates. “Yes; I see no reason for further concealment. But one last word, Watson. Say nothing of the hound to Sir Henry. Let him think that Selden’s death was as Stapleton would have us believe. He will have a better nerve for the ordeal which he will have to undergo tomorrow, when he is engaged, if I remember your report aright, to dine with these people.” “Then you must excuse yourself and he must go alone. That will be easily arranged. And now, if we are too late for dinner, I think that we are both ready for our suppers.”",0,0,1.9395657e-05,Human,False,False
"To what end does a man strip away the comforting veils of illusion, only to find the cold, hard mechanism beneath? For the master of deduction, the world was no longer a stage for romance or mystery, but a vast and intricate clockwork, each human actor a cog driven by the predictable levers of motive and opportunity. His great science, this relentless faculty of ratiocination, had become a grim lens through which he viewed all existence. A lover's blush was but a rush of blood to the capillaries; a desperate lie, a mere tremor in the vocal cords. Every minute observation, every logical inference, while bringing him closer to a material truth, served only to distance him from his own kind. This lonely art of seeing things as they were, and not as they ought to be, left his own spirit a barren landscape, awaiting the rain of a new problem to feel anything at all.",1,1,0.99996233,Arthur Conan Doyle,False,False
"“Come, sir, come!” cried Frankland, rushing upstairs. “You will see with your own eyes and judge for yourself.” The telescope, a formidable instrument mounted upon a tripod, stood upon the flat leads of the house. Frankland clapped his eye to it and gave a cry of satisfaction. “Quick, Dr. Watson, quick, before he passes over the hill!” There he was, sure enough, a small urchin with a little bundle upon his shoulder, toiling slowly up the hill. When he reached the crest I saw the ragged uncouth figure outlined for an instant against the cold blue sky. He looked round him with a furtive and stealthy air, as one who dreads pursuit. Then he vanished over the hill.",0,0,6.9716494e-05,Human,False,False
"CHAPTER IV. THE GALE. I found my uncle at the gable end, watching the signs of the weather, with a pipe in his fingers. “Uncle,” said I, “there were men ashore at Sandag Bay—” I had no time to go further; indeed, I not only forgot my words, but even my weariness, so strange was the effect on Uncle Gordon. He dropped his pipe and fell back against the end of the house with his jaw fallen, his eyes staring, and his long face as white as paper. We must have looked at one another silently for a quarter of a minute, before he made answer in this extraordinary fashion: “Had he a hair kep on?”",0,0,6.8275367e-06,Human,False,False
"“To eat it!” Our visitor half rose from his chair in his excitement. “Yes, it would have been of no use to anyone had we not done so. But I presume that this other goose upon the sideboard, which is about the same weight and perfectly fresh, will answer your purpose equally well?” “Oh, certainly, certainly,” answered Mr. Baker with a sigh of relief. “Of course, we still have the feathers, legs, crop, and so on of your own bird, so if you wish—” The man burst into a hearty laugh. “They might be useful to me as relics of my adventure,” said he, “but beyond that I can hardly see what use the _disjecta membra_ of my late acquaintance are going to be to me. No, sir, I think that, with your permission, I will confine my attentions to the excellent bird which I perceive upon the sideboard.”",0,0,1.2958803e-05,Human,False,False
"“Halloa!” I cried. “What is that?” A long, low moan, indescribably sad, swept over the moor. It filled the whole air, and yet it was impossible to say whence it came. From a dull murmur it swelled into a deep roar, and then sank back into a melancholy, throbbing murmur once again. Stapleton looked at me with a curious expression in his face. “Queer place, the moor!” said he. “The peasants say it is the Hound of the Baskervilles calling for its prey. I’ve heard it once or twice before, but never quite so loud.” I looked round, with a chill of fear in my heart, at the huge swelling plain, mottled with the green patches of rushes. Nothing stirred over the vast expanse save a pair of ravens, which croaked loudly from a tor behind us.",0,0,0.0011730889,Human,False,False
"Felipe served my meals in my own apartment; and his resemblance to the portrait haunted me. At times it was not; at times, upon some change of attitude or flash of expression, it would leap out upon me like a ghost. It was above all in his ill tempers that the likeness triumphed. He certainly liked me; he was proud of my notice, which he sought to engage by many simple and childlike devices; he loved to sit close before my fire, talking his broken talk or singing his odd, endless, wordless songs, and sometimes drawing his hand over my clothes with an affectionate manner of caressing that never failed to cause in me an embarrassment of which I was ashamed. But for all that, he was capable of flashes of causeless anger and fits of sturdy sullenness. At a word of reproof, I have seen him upset the dish of which I was about to eat, and this not surreptitiously, but with defiance; and similarly at a hint of inquisition. I was not unnaturally curious, being in a strange place and surrounded by staring people; but at the shadow of a question, he shrank back, lowering and dangerous. Then it was that, for a fraction of a second, this rough lad might have been the brother of the lady in the frame. But these humours were swift to pass; and the resemblance died along with them.",0,0,7.849192e-05,Human,False,False
"He stood now by the low, new-mortared wall and looked upon what had become of the old kirkyard, a place he had once known with the familiar reverence of boyhood, where the headstones had leaned together in a higgledy-piggledy communion of moss and memory. But some modern and unhallowed industry had been at work here, for the stones were now marshalled into soulless ranks, their venerable inscriptions facing the path like a company of shamed recruits. It was a profanation not of a sudden and clamorous sort, but a singular and silent violence done to the past; a tidying-up that had swept away the very soul of the place, leaving him to feel that the long slumberers had been most rudely dispossessed, their quiet tenure on the hillside rescinded not by the trumpet of judgement, but by the brisk, unthinking hand of civic improvement.",1,1,0.9989472,Robert Louis Stevenson,False,False
"The woman’s words came with an intense earnestness which carried conviction with them. “Is this true, Barrymore?” “Yes, Sir Henry. Every word of it.” “Well, I cannot blame you for standing by your own wife. Forget what I have said. Go to your room, you two, and we shall talk further about this matter in the morning.” When they were gone we looked out of the window again. Sir Henry had flung it open, and the cold night wind beat in upon our faces. Far away in the black distance there still glowed that one tiny point of yellow light.",0,0,2.0709944e-05,Human,False,False
"“Poole,” replied the lawyer, “if you say that, it will become my duty to make certain. Much as I desire to spare your master’s feelings, much as I am puzzled by this note which seems to prove him to be still alive, I shall consider it my duty to break in that door.” “Ah Mr. Utterson, that’s talking!” cried the butler. “And now comes the second question,” resumed Utterson: “Who is going to do it?” “Why, you and me,” was the undaunted reply. “That’s very well said,” returned the lawyer; “and whatever comes of it, I shall make it my business to see you are no loser.”",0,0,8.458242e-06,Human,False,False
"It was perhaps eight o’clock when Rorie came in and pulled me mysteriously to the door. My uncle, it appeared, had frightened even his constant comrade; and Rorie, uneasy at his extravagance, prayed me to come out and share the watch. I hastened to do as I was asked; the more readily as, what with fear and horror, and the electrical tension of the night, I was myself restless and disposed for action. I told Mary to be under no alarm, for I should be a safeguard on her father; and wrapping myself warmly in a plaid, I followed Rorie into the open air.",0,0,1.2792952e-05,Human,False,False
"By the first glimpse of day the party sallied forth from the fireside into the street. The wind had fallen, but still charioted a world of troubled clouds; the air bit like frost; and the party, as they stood about the ruins in the rainy twilight of the morning, beat upon their breasts and blew into their hands for warmth. The house had entirely fallen, the walls outward, the roof in; it was a mere heap of rubbish, with here and there a forlorn spear of broken rafter. A sentinel was placed over the ruins to protect the property, and the party adjourned to Tentaillon’s to break their fast at the Doctor’s expense. The bottle circulated somewhat freely; and before they left the table it had begun to snow.",0,0,6.3460924e-05,Human,False,False
"It has been my observation that the most lurid and intractable of human calamities are not those played out upon the world’s stage, but are instead those which fester within the four walls of a seemingly placid home. The stage for such a drama is often a deceptively tranquil one, a suburban villa or a respectable townhouse; yet within these confines, the most potent human poisons of jealousy and avarice are allowed to ferment without antidote. The precipitating factor is often some trifle, a misplaced letter or a hasty word, but the groundwork has been laid over years of silent grievance and suppressed resentments. The resultant catastrophe, while shocking to the public, presents to the analytical mind merely a predictable outcome, a most commonplace specimen of human passion following its own grim and immutable laws to their logical, and invariably tragic, conclusion.",1,1,0.9999629,Arthur Conan Doyle,False,False
"“I am a Worcestershire man myself,—born near Pershore. I dare say you would find a heap of Smalls living there now if you were to look. I have often thought of taking a look round there, but the truth is that I was never much of a credit to the family, and I doubt if they would be so very glad to see me. They were all steady, chapel-going folk, small farmers, well-known and respected over the country-side, while I was always a bit of a rover. At last, however, when I was about eighteen, I gave them no more trouble, for I got into a mess over a girl, and could only get out of it again by taking the Queen’s shilling and joining the 3rd Buffs, which was just starting for India.",0,0,1.4824846e-05,Human,False,False
"The world often presents itself as a meticulously crafted stage, where every surface gleams under a flattering light. A placid lake may reflect a serene sky, its mirror-like surface a portrait of tranquility, yet just beneath, unseen currents churn and dark depths hold forgotten secrets. A smile can be a carefully painted mask, its bright curve concealing a landscape of sorrow or a storm of silent anxieties. We are drawn to the polished veneer, the confident posture, and the eloquent phrase, mistaking the glossy cover for the intricate, often messy, story contained within. True understanding requires us to look past the inviting facade, to trace the hairline cracks in the porcelain, and to listen for the subtle dissonance beneath the harmonious melody. Reality is seldom as simple or as beautiful as its initial, captivating illusion, for the most profound truths are often veiled by the very artistry of their appearance.",1,1,0.9999685,AI_Generic,False,False
"The violation of the dead, often legally defined as the desecration or abuse of a corpse, refers to any act that disrespects or profanes human remains. This transgression can manifest in various forms, including grave robbing for valuables, the unauthorized exhumation or dissection of bodies, vandalism of burial sites, and the malicious mutilation of a corpse. Rooted in deep-seated cultural, religious, and ethical principles, the proper treatment of the deceased is considered a fundamental tenet of human society. Consequently, such acts are almost universally condemned and are prohibited by law in most jurisdictions. These laws aim not only to protect the physical remains but also to uphold public decency and safeguard the emotional well-being of the bereaved. The violation is seen as an offense against the dignity of the deceased individual and the collective values of a community, representing a profound breach of social and moral order.",1,1,0.9991737,AI_Generic,False,False
"“He still carried the heavy stick which the mother described him as having with him when he followed Drebber. It was a stout oak cudgel.” “What is your theory, then?” “Well, my theory is that he followed Drebber as far as the Brixton Road. When there, a fresh altercation arose between them, in the course of which Drebber received a blow from the stick, in the pit of the stomach, perhaps, which killed him without leaving any mark. The night was so wet that no one was about, so Charpentier dragged the body of his victim into the empty house. As to the candle, and the blood, and the writing on the wall, and the ring, they may all be so many tricks to throw the police on to the wrong scent.”",0,0,1.3098484e-05,Human,False,False
"“My messenger reached you, then?” asked Holmes. “Yes, and I confess that the contents startled me beyond measure. Have you good authority for what you say?” Lord St. Simon sank into a chair and passed his hand over his forehead. “What will the Duke say,” he murmured, “when he hears that one of the family has been subjected to such humiliation?” “It is the purest accident. I cannot allow that there is any humiliation.” “Ah, you look on these things from another standpoint.” “I fail to see that anyone is to blame. I can hardly see how the lady could have acted otherwise, though her abrupt method of doing it was undoubtedly to be regretted. Having no mother, she had no one to advise her at such a crisis.”",0,0,3.410024e-05,Human,False,False
"“Stapleton was with me when I heard it last. He said that it might be the calling of a strange bird.” “No, no, it was a hound. My God, can there be some truth in all these stories? Is it possible that I am really in danger from so dark a cause? You don’t believe it, do you, Watson?” “And yet it was one thing to laugh about it in London, and it is another to stand out here in the darkness of the moor and to hear such a cry as that. And my uncle! There was the footprint of the hound beside him as he lay. It all fits together. I don’t think that I am a coward, Watson, but that sound seemed to freeze my very blood. Feel my hand!”",0,0,5.0137744e-05,Human,False,False
"“A touch, Watson—an undeniable touch!” said he. “I feel a foil as quick and supple as my own. He got home upon me very prettily that time. So his name was Sherlock Holmes, was it?” “Yes, sir, that was the gentleman’s name.” “Excellent! Tell me where you picked him up and all that occurred.” “He hailed me at half-past nine in Trafalgar Square. He said that he was a detective, and he offered me two guineas if I would do exactly what he wanted all day and ask no questions. I was glad enough to agree. First we drove down to the Northumberland Hotel and waited there until two gentlemen came out and took a cab from the rank. We followed their cab until it pulled up somewhere near here.”",0,0,5.4110096e-06,Human,False,False
"‘Mr. Van Tromp, I implore you,’ he said; ‘do what you please with yourself, but, for God’s sake, let your daughter alone.’ ‘It is my duty,’ replied the Admiral, ‘and between ourselves, you rogue, my inclination too. I am as matchmaking as a dowager. It will be more discreet for you to stay away to-night. Farewell. You leave your case in good hands; I have the tact of these little matters by heart; it is not my first attempt.’ All arguments were in vain; the old rascal stuck to his point; nor did Richard conceal from himself how seriously this might injure his prospects, and he fought hard. Once there came a glimmer of hope. The Admiral again proposed an adjournment to the ‘Trevanion Arms,’ and when Dick had once more refused, it hung for a moment in the balance whether or not the old toper would return there by himself. Had he done so, of course Dick could have taken to his heels, and warned Esther of what was coming, and of how it had begun. But the Admiral, after a pause, decided for the brandy at home, and made off in that direction.",0,0,1.6152377e-05,Human,False,False
"“You will excuse my calling so late,” she began, and then, suddenly losing her self-control, she ran forward, threw her arms about my wife’s neck, and sobbed upon her shoulder. “Oh, I’m in such trouble!” she cried; “I do so want a little help.” “Why,” said my wife, pulling up her veil, “it is Kate Whitney. How you startled me, Kate! I had not an idea who you were when you came in.” “I didn’t know what to do, so I came straight to you.” That was always the way. Folk who were in grief came to my wife like birds to a lighthouse.",0,0,1.0322783e-05,Human,False,False
"""Vengeance from the Past"" is a powerful narrative trope used across genres to drive conflict by demonstrating that past actions have present-day consequences. This literary device typically involves an antagonist, or a catalytic event, emerging from a long-forgotten or suppressed incident to seek retribution for a historical wrong. The protagonist, who is often the target of this vengeance, may have believed the past was buried, creating dramatic tension as they are forced to confront the repercussions of their old choices. This motif serves as a primary engine for the plot, forcing characters to grapple with themes of accountability, justice, and the inescapable nature of history. Whether manifested as a scorned rival returning with a new advantage or the child of a vanquished foe seeking to restore their family's honor, the core concept illustrates that unresolved conflicts do not fade with time and will eventually demand a reckoning.",1,1,0.99991226,AI_Generic,False,False
"“‘Why, what on earth does this mean, John?’ he stammered. “My heart had turned to lead. ‘It is K. K. K.,’ said I. “He looked inside the envelope. ‘So it is,’ he cried. ‘Here are the very letters. But what is this written above them?’ “‘Put the papers on the sundial,’ I read, peeping over his shoulder. “‘What papers? What sundial?’ he asked. “‘The sundial in the garden. There is no other,’ said I; ‘but the papers must be those that are destroyed.’ “‘Pooh!’ said he, gripping hard at his courage. ‘We are in a civilised land here, and we can’t have tomfoolery of this kind. Where does the thing come from?’",0,0,2.5626996e-06,Human,False,False
"Davies drew up short before the family vault. The iron lock hung askew, its bolt shamefully forced. A damp chill, peculiar to the churchyard, seeped into his bones. The gaslight fought a losing battle with the fog, painting long and nervous shadows upon the stones. He peered within; his breath caught. The heavy slab of the sarcophagus was dislodged. Beneath it, the coffin’s lid was a ruin of splintered oak. Some vile business had been done here. This was no common graverobber, hungry for a ring or a golden locket. This was a violation of another, more ghastly, order. A terrible question formed in his mind: what had they come to take, if not treasure, from the very sanctity of the tomb?",1,1,0.99919945,Robert Louis Stevenson,False,False
"“I can see nothing,” said I, handing it back to my friend. “On the contrary, Watson, you can see everything. You fail, however, to reason from what you see. You are too timid in drawing your inferences.” “Then, pray tell me what it is that you can infer from this hat?” He picked it up and gazed at it in the peculiar introspective fashion which was characteristic of him. “It is perhaps less suggestive than it might have been,” he remarked, “and yet there are a few inferences which are very distinct, and a few others which represent at least a strong balance of probability. That the man was highly intellectual is of course obvious upon the face of it, and also that he was fairly well-to-do within the last three years, although he has now fallen upon evil days. He had foresight, but has less now than formerly, pointing to a moral retrogression, which, when taken with the decline of his fortunes, seems to indicate some evil influence, probably drink, at work upon him. This may account also for the obvious fact that his wife has ceased to love him.”",0,0,3.308168e-05,Human,False,False
"Upon what solid ground does the modern mind stand, when it professes to dismiss those timeworn fears that have shadowed our race since the first fire was kindled? The educated observer, travelling through some remote and salt-laced parish, might at first note with a kind of clinical detachment the simple credulity of the native; he may catalogue their tales of second sight and seaborne phantoms as a naturalist lists the local flora. Yet he cannot fail to perceive in the teller’s countenance a gravity, a veritable conviction that gives the most outlandish fancy a disquieting substance. Such beliefs are not ornaments to be lightly discarded, but seem rather the very stone and mortar of a people's character, as inseparable from their nature as the mournful cry of the curlew is from their desolate shores.",1,1,0.9997813,Robert Louis Stevenson,False,False
"The driver, on the other hand, was pleased to drop again upon so liberal a fare; and as he was a man—the reader must already have perceived—of easy, not to say familiar, manners, he dropped at once into a vein of friendly talk, commenting on the weather, on the sacred season, which struck him chiefly in the light of a day of liberal gratuities, on the chance which had reunited him to a pleasing customer, and on the fact that John had been (as he was pleased to call it) visibly ‘on the randan’ the night before. ‘And ye look dreidful bad the-day, sir, I must say that,’ he continued. ‘There’s nothing like a dram for ye—if ye’ll take my advice of it; and bein’ as it’s Christmas, I’m no’ saying,’ he added, with a fatherly smile, ‘but what I would join ye mysel’.’",0,0,5.9561276e-06,Human,False,False
"He put the glass to his lips and drank at one gulp. A cry followed; he reeled, staggered, clutched at the table and held on, staring with injected eyes, gasping with open mouth; and as I looked there came, I thought, a change—he seemed to swell— his face became suddenly black and the features seemed to melt and alter—and the next moment, I had sprung to my feet and leaped back against the wall, my arm raised to shield me from that prodigy, my mind submerged in terror. “O God!” I screamed, and “O God!” again and again; for there before my eyes—pale and shaken, and half-fainting, and groping before him with his hands, like a man restored from death— there stood Henry Jekyll!",0,0,8.3004634e-05,Human,False,False
"“Good God, sir,” exclaimed the officer, “is it possible?” And the next moment his eye lighted up with professional ambition. “This will make a deal of noise,” he said. “And perhaps you can help us to the man.” And he briefly narrated what the maid had seen, and showed the broken stick. Mr. Utterson had already quailed at the name of Hyde; but when the stick was laid before him, he could doubt no longer; broken and battered as it was, he recognised it for one that he had himself presented many years before to Henry Jekyll. “Is this Mr. Hyde a person of small stature?” he inquired.",0,0,7.695984e-06,Human,False,False
"It rises without warning from the crushing, inky depths where sunlight has never touched. First comes the unnatural stillness, a dead calm that smothers the waves and stills the wind, heavy with the scent of ancient brine and decay. A shadow then blots out the world from beneath, a vast and living island of barnacle-encrusted hide and cold, phosphorescent eyes that stare with an ageless malevolence. Colossal, writhing appendages, thick as ancient oaks, erupt from the churning water, coiling around the hull of a ship with the force of a collapsing mountain. Timbers splinter and masts snap like twigs as the vessel is inexorably dragged down into the abyss, a final offering to the silent, monstrous sovereign of the unfathomable deep. It is not a creature of hunger, but of absolute, territorial wrath—the ocean’s oldest secret given terrifying form.",1,1,0.9999634,AI_Generic,False,False
"“Ah, yes. I should like a few particulars as to this young lady, and your relations to her.” Lord St. Simon shrugged his shoulders and raised his eyebrows. “We have been on a friendly footing for some years—I may say on a _very_ friendly footing. She used to be at the Allegro. I have not treated her ungenerously, and she had no just cause of complaint against me, but you know what women are, Mr. Holmes. Flora was a dear little thing, but exceedingly hot-headed and devotedly attached to me. She wrote me dreadful letters when she heard that I was about to be married, and, to tell the truth, the reason why I had the marriage celebrated so quietly was that I feared lest there might be a scandal in the church. She came to Mr. Doran’s door just after we returned, and she endeavoured to push her way in, uttering very abusive expressions towards my wife, and even threatening her, but I had foreseen the possibility of something of the sort, and I had two police fellows there in private clothes, who soon pushed her out again. She was quiet when she saw that there was no good in making a row.”",0,0,7.5545854e-06,Human,False,False
"For it chanced one day that his walk led him into a portion of the uplands which was almost unknown to him. Scrambling through some rough woods, he came out upon a moorland reaching towards the hills. A few lofty Scotch firs grew hard by upon a knoll; a clear fountain near the foot of the knoll sent up a miniature streamlet which meandered in the heather. A shower had just skimmed by, but now the sun shone brightly, and the air smelt of the pines and the grass. On a stone under the trees sat a young lady sketching. We have learned to think of women in a sort of symbolic transfiguration, based on clothes; and one of the readiest ways in which we conceive our mistress is as a composite thing, principally petticoats. But humanity has triumphed over clothes; the look, the touch of a dress has become alive; and the woman who stitched herself into these material integuments has now permeated right through and gone out to the tip of her skirt. It was only a black dress that caught Dick Naseby’s eye; but it took possession of his mind, and all other thoughts departed. He drew near, and the girl turned round. Her face startled him; it was a face he wanted; and he took it in at once like breathing air.",0,0,0.00015573356,Human,False,False
"“Tonga—for that was his name—was a fine boatman, and owned a big, roomy canoe of his own. When I found that he was devoted to me and would do anything to serve me, I saw my chance of escape. I talked it over with him. He was to bring his boat round on a certain night to an old wharf which was never guarded, and there he was to pick me up. I gave him directions to have several gourds of water and a lot of yams, cocoa-nuts, and sweet potatoes. “He was stanch and true, was little Tonga. No man ever had a more faithful mate. At the night named he had his boat at the wharf. As it chanced, however, there was one of the convict-guard down there,—a vile Pathan who had never missed a chance of insulting and injuring me. I had always vowed vengeance, and now I had my chance. It was as if fate had placed him in my way that I might pay my debt before I left the island. He stood on the bank with his back to me, and his carbine on his shoulder. I looked about for a stone to beat out his brains with, but none could I see. Then a queer thought came into my head and showed me where I could lay my hand on a weapon. I sat down in the darkness and unstrapped my wooden leg. With three long hops I was on him. He put his carbine to his shoulder, but I struck him full, and knocked the whole front of his skull in. You can see the split in the wood now where I hit him. We both went down together, for I could not keep my balance, but when I got up I found him still lying quiet enough. I made for the boat, and in an hour we were well out at sea. Tonga had brought all his earthly possessions with him, his arms and his gods. Among other things, he had a long bamboo spear, and some Andaman cocoa-nut matting, with which I made a sort of sail. For ten days we were beating about, trusting to luck, and on the eleventh we were picked up by a trader which was going from Singapore to Jiddah with a cargo of Malay pilgrims. They were a rum crowd, and Tonga and I soon managed to settle down among them. They had one very good quality: they let you alone and asked no questions.",0,0,1.5086616e-05,Human,False,False
"“It’s just as I imagined it,” said Sir Henry. “Is it not the very picture of an old family home? To think that this should be the same hall in which for five hundred years my people have lived. It strikes me solemn to think of it.” I saw his dark face lit up with a boyish enthusiasm as he gazed about him. The light beat upon him where he stood, but long shadows trailed down the walls and hung like a black canopy above him. Barrymore had returned from taking our luggage to our rooms. He stood in front of us now with the subdued manner of a well-trained servant. He was a remarkable-looking man, tall, handsome, with a square black beard and pale, distinguished features.",0,0,0.0001870868,Human,False,False
"“There she is,” I said at last. But her new position, and the course she was now lying, puzzled me. “They cannot mean to beat to sea,” I cried. “That’s what they mean,” said my uncle, with something like joy; and just then the schooner went about and stood upon another tack, which put the question beyond the reach of doubt. These strangers, seeing a gale on hand, had thought first of sea-room. With the wind that threatened, in these reef-sown waters and contending against so violent a stream of tide, their course was certain death. “Good God!” said I, “they are all lost.”",0,0,1.0873712e-05,Human,False,False
"He was to pay no more visits till he had seen his father and made all well at home; Alan had been the only possible exception, and John had not time to go as far as Murrayfield. But here he was on Regent Terrace; there was nothing to prevent him going round the end of the hill, and looking from without on the Mackenzies’ house. As he went, he reflected that Flora must now be a woman of near his own age, and it was within the bounds of possibility that she was married; but this dishonourable doubt he dammed down.",0,0,9.693037e-06,Human,False,False
"In my quiet moments, my mind often drifts back to Baker Street, and to the singular art which my friend termed his 'Science of Deduction'. Where I saw but a jumble of disconnected facts—a smudge of dust, a frayed cuff, a peculiar ash—he perceived a coherent and inescapable narrative. It was never guesswork, as some supposed, but a cold, precise method. He would build his chain of inferences, each link forged from observation and tested by logic, until the final, astounding conclusion presented itself with the full force of a mathematical proof. For him, the world was a grand collection of problems, and in the smallest of human trifles, he found the grandest of solutions.",1,1,0.99935764,Arthur Conan Doyle,False,False
"Folklore and superstition weave an ethereal tapestry through the heart of culture, a collection of ancestral whispers and instinctive rituals designed to navigate the unknown. It is the grand, cautionary tale of a creature lurking in the deep woods, told by flickering firelight to shape a community's fears and values. It is also the small, quiet magic of knocking on wood to preserve a moment of good fortune or the reflexive shudder when a black cat crosses one's path. Born from a primal need to impose order on chaos and find meaning in coincidence, these beliefs are more than just quaint stories or irrational habits. They are an intangible inheritance, a living connection to the past that colors our present with a faint, shimmering layer of forgotten magic and ancient wisdom.",1,1,0.9999734,AI_Generic,False,False
"When John awoke it was day. The low winter sun was already in the heavens, but his watch had stopped, and it was impossible to tell the hour exactly. Ten, he guessed it, and made haste to dress, dismal reflections crowding on his mind. But it was less from terror than from regret that he now suffered; and with his regret there were mingled cutting pangs of penitence. There had fallen upon him a blow, cruel, indeed, but yet only the punishment of old misdoing; and he had rebelled and plunged into fresh sin. The rod had been used to chasten, and he had bit the chastening fingers. His father was right; John had justified him; John was no guest for decent people’s houses, and no fit associate for decent people’s children. And had a broader hint been needed, there was the case of his old friend. John was no drunkard, though he could at times exceed; and the picture of Houston drinking neat spirits at his hall-table struck him with something like disgust. He hung back from meeting his old friend. He could have wished he had not come to him; and yet, even now, where else was he to turn?",0,0,5.0753835e-05,Human,False,False
"The police had brought a cab with them, and in this I escorted Miss Morstan back to her home. After the angelic fashion of women, she had borne trouble with a calm face as long as there was some one weaker than herself to support, and I had found her bright and placid by the side of the frightened housekeeper. In the cab, however, she first turned faint, and then burst into a passion of weeping,—so sorely had she been tried by the adventures of the night. She has told me since that she thought me cold and distant upon that journey. She little guessed the struggle within my breast, or the effort of self-restraint which held me back. My sympathies and my love went out to her, even as my hand had in the garden. I felt that years of the conventionalities of life could not teach me to know her sweet, brave nature as had this one day of strange experiences. Yet there were two thoughts which sealed the words of affection upon my lips. She was weak and helpless, shaken in mind and nerve. It was to take her at a disadvantage to obtrude love upon her at such a time. Worse still, she was rich. If Holmes’s researches were successful, she would be an heiress. Was it fair, was it honourable, that a half-pay surgeon should take such advantage of an intimacy which chance had brought about? Might she not look upon me as a mere vulgar fortune-seeker? I could not bear to risk that such a thought should cross her mind. This Agra treasure intervened like an impassable barrier between us.",0,0,0.00017459177,Human,False,False
"“This is a very unexpected turn of affairs,” said I; “and what then?” “Well, I found my plans very seriously menaced. It looked as if the pair might take an immediate departure, and so necessitate very prompt and energetic measures on my part. At the church door, however, they separated, he driving back to the Temple, and she to her own house. ‘I shall drive out in the park at five as usual,’ she said as she left him. I heard no more. They drove away in different directions, and I went off to make my own arrangements.” “Some cold beef and a glass of beer,” he answered, ringing the bell. “I have been too busy to think of food, and I am likely to be busier still this evening. By the way, Doctor, I shall want your co-operation.”",0,0,6.821373e-06,Human,False,False
"“Olalla,” I said, “nothing matters; I ask nothing; I am content; I love you.” She knelt down awhile and prayed, and I devoutly respected her devotions. The moon had begun to shine in upon one side of each of the three windows, and make a misty clearness in the room, by which I saw her indistinctly. When she rearose she made the sign of the cross. “It is for me to speak,” she said, “and for you to listen. I know; you can but guess. I prayed, how I prayed for you to leave this place. I begged it of you, and I know you would have granted me even this; or if not, O let me think so!”",0,0,9.103608e-06,Human,False,False
"As I sit here by the fire, my thoughts often drift to the strange cases I have chronicled, and it strikes me what a powerful and inescapable thing is the chain of ancestry. I have seen it in the hawk-like profile of a country squire, the same that glared from a Holbein portrait upon his wall, and I have seen it in the brooding temper of a young man whose grandfather had met a dark end. It is less a matter of phantoms and spectres, I find, and more one of a certain grim inheritance—a taint in the blood, a weakness of the moral fibre that lies dormant for a time, only to emerge when circumstances conspire. A man may build a new fortune or a new life, but he cannot build himself a new grandfather, and the shadow of that progenitor, for good or ill, will fall long upon the path he is destined to walk.",1,1,0.99985373,Arthur Conan Doyle,False,False
"“On your side,” said Mr. Utterson, “will you do me a favour?” “With pleasure,” replied the other. “What shall it be?” “Will you let me see your face?” asked the lawyer. Mr. Hyde appeared to hesitate, and then, as if upon some sudden reflection, fronted about with an air of defiance; and the pair stared at each other pretty fixedly for a few seconds. “Now I shall know you again,” said Mr. Utterson. “It may be useful.” “Yes,” returned Mr. Hyde, “it is as well we have, met; and _à propos_, you should have my address.” And he gave a number of a street in Soho.",0,0,6.278288e-06,Human,False,False
"The pony was tired, and the hills very long and steep, and the air sultrier than ever, for now the breeze began to fail entirely. It seemed as if this miserable drive would never be done, as if poor Dick would never be able to go away and be comfortably wretched by himself; for all his desire was to escape from her presence and the reproach of her averted looks. He had lost his love, he thought—he had lost his love for good. They were already not far from the cottage, when his heart again faltered and he appealed to her once more, speaking low and eagerly in broken phrases.",0,0,0.00010445012,Human,False,False
"The duality of human nature is a fundamental concept that explores the inherent capacity for opposing forces to coexist within a single individual. This paradox manifests as the simultaneous potential for profound compassion and startling cruelty, for selfless altruism and deep-seated self-interest, and for rational thought and primal instinct. It is not a simple dichotomy of good versus evil, but a complex interplay of conflicting impulses that shape human behavior. Throughout history, this tension is evident in the actions of societies, which are capable of creating magnificent works of art and science while also engaging in devastating warfare and oppression. This internal conflict suggests that human beings are not inherently one way or the other, but are defined by a continuous struggle between their constructive and destructive tendencies, with circumstances and choice often dictating which aspect prevails.",1,1,0.9999267,AI_Generic,False,False
"There was no reply for a moment, and then the door was opened. ‘Get the portmanteau down,’ said John to the driver. ‘Do nothing of the kind,’ said Alan; and then to John, ‘Come in here a moment. I want to speak to you.’ John entered the garden, and the door was closed behind him. A candle stood on the gravel walk, winking a little in the draughts; it threw inconstant sparkles on the clumped holly, struck the light and darkness to and fro like a veil on Alan’s features, and sent his shadow hovering behind him. All beyond was inscrutable; and John’s dizzy brain rocked with the shadow. Yet even so, it struck him that Alan was pale, and his voice, when he spoke, unnatural.",0,0,0.00011267483,Human,False,False
"“The King of Scandinavia.” “What! Had he lost his wife?” “You can understand,” said Holmes suavely, “that I extend to the affairs of my other clients the same secrecy which I promise to you in yours.” “Of course! Very right! very right! I’m sure I beg pardon. As to my own case, I am ready to give you any information which may assist you in forming an opinion.” “Thank you. I have already learned all that is in the public prints, nothing more. I presume that I may take it as correct—this article, for example, as to the disappearance of the bride.”",0,0,1.1503886e-05,Human,False,False
"They call it the Science of Deduction, a lofty title for what is, in truth, the grubby art of cataloguing human squalor. It is not found in the grand sweep of history, but in the greasy sheen on a petitioner's coat collar, the specific odour of cheap gin and despair that clings to his damp wool. The great practitioner hears not the melody of life, but the discordant scrape of a worn boot-heel on the pavement, a sound that speaks of fruitless miles walked in search of employment. He sees the minute fraying of a shirt-cuff and deduces not a man, but a ledger of his failures. The air itself, thick with the metallic tang of coal-smoke and the eternal reek of the Thames, is merely a complex vapour of clues. It is a science that strips away all poetry, leaving only the stark, malodorous facts of a thousand dreary, identical little lives, each one a predictable equation of want and folly.",1,1,0.99996996,Arthur Conan Doyle,False,False
"“The river washes along the front of the old fort, and so protects it, but on the sides and behind there are many doors, and these had to be guarded, of course, in the old quarter as well as in that which was actually held by our troops. We were short-handed, with hardly men enough to man the angles of the building and to serve the guns. It was impossible for us, therefore, to station a strong guard at every one of the innumerable gates. What we did was to organise a central guard-house in the middle of the fort, and to leave each gate under the charge of one white man and two or three natives. I was selected to take charge during certain hours of the night of a small isolated door upon the southwest side of the building. Two Sikh troopers were placed under my command, and I was instructed if anything went wrong to fire my musket, when I might rely upon help coming at once from the central guard. As the guard was a good two hundred paces away, however, and as the space between was cut up into a labyrinth of passages and corridors, I had great doubts as to whether they could arrive in time to be of any use in case of an actual attack.",0,0,1.8983896e-05,Human,False,False
"There was a name spoken upon the high seas which brought not a fever of battle, but a deep and settled chill to the hearts of honest mariners. The *Terror* was no common pirate, leaving tales of fire and plunder in her wake; rather, her passage was marked by a profound and utter silence. Her reputation spread across the charts like a creeping sea-fog that blots out the stars, a grey and formless despair that promised not a fight, but an ending. Men who had faced the cannon’s mouth without a tremor would see her black sails upon the horizon and feel only a great and weary sorrow, the melancholy of a man looking upon his own open grave. For her coming was an unavoidable truth, a final season to which all sailors must at last succumb, and in her shadow, all hope was but a flickering candle flame, already pinched out by the coming dark.",1,1,0.99914515,Robert Louis Stevenson,False,False
"‘Esther,’ he said, ‘I tell you that I love you; if you love me, you know what that means, and that all I wish is to see you happy. Do you think I cannot enjoy your pleasures? Esther, I do. If I am uneasy, if I am alarmed, if—. Oh, believe me, try and believe in me,’ he cried, giving up argument with perhaps a happy inspiration. But the girl’s suspicions were aroused; and though she pressed the matter no farther (indeed, her father was already seen returning), it by no means left her thoughts. At one moment she simply resented the selfishness of a man who had obtruded his dark looks and passionate language on her joy; for there is nothing that a woman can less easily forgive than the language of a passion which, even if only for the moment, she does not share. At another, she suspected him of jealousy against her father; and for that, although she could see excuses for it, she yet despised him. And at least, in one way or the other, here was the dangerous beginning of a separation between two hearts. Esther found herself at variance with her sweetest friend; she could no longer look into his heart and find it written with the same language as her own; she could no longer think of him as the sun which radiated happiness upon her life, for she had turned to him once, and he had breathed upon her black and chilly, radiated blackness and frost. To put the whole matter in a word, she was beginning, although ever so slightly, to fall out of love.",0,0,6.5671346e-05,Human,False,False
"Many and many were the talks they had together; and health and moderation proved the subject of the Doctor’s divagations. To these he lovingly returned. “I lead you,” he would say, “by the green pastures. My system, my beliefs, my medicines, are resumed in one phrase—to avoid excess. Blessed nature, healthy, temperate nature, abhors and exterminates excess. Human law, in this matter, imitates at a great distance her provisions; and we must strive to supplement the efforts of the law. Yes, boy, we must be a law to ourselves and for ourselves and for our neighbours—lex armata—armed, emphatic, tyrannous law. If you see a crapulous human ruin snuffing, dash from him his box! The judge, though in a way an admission of disease, is less offensive to me than either the doctor or the priest. Above all the doctor—the doctor and the purulent trash and garbage of his pharmacopoeia! Pure air—from the neighbourhood of a pinetum for the sake of the turpentine—unadulterated wine, and the reflections of an unsophisticated spirit in the presence of the works of nature—these, my boy, are the best medical appliances and the best religious comforts. Devote yourself to these. Hark! there are the bells of Bourron (the wind is in the north, it will be fair). How clear and airy is the sound! The nerves are harmonised and quieted; the mind attuned to silence; and observe how easily and regularly beats the heart! Your unenlightened doctor would see nothing in these sensations; and yet you yourself perceive they are a part of health.—Did you remember your cinchona this morning? Good. Cinchona also is a work of nature; it is, after all, only the bark of a tree which we might gather for ourselves if we lived in the locality.—What a world is this! Though a professed atheist, I delight to bear my testimony to the world. Look at the gratuitous remedies and pleasures that surround our path! The river runs by the garden end, our bath, our fishpond, our natural system of drainage. There is a well in the court which sends up sparkling water from the earth’s very heart, clean, cool, and, with a little wine, most wholesome. The district is notorious for its salubrity; rheumatism is the only prevalent complaint, and I myself have never had a touch of it. I tell you—and my opinion is based upon the coldest, clearest processes of reason—if I, if you, desired to leave this home of pleasures, it would be the duty, it would be the privilege, of our best friend to prevent us with a pistol bullet.”",0,0,4.3462205e-05,Human,False,False
"Now this correspondent was a friend of Mr. Nicholson’s; he was well acquainted with the tale of John’s calamitous disappearance from Edinburgh; and putting one thing with another, hasted with the first word of this scandal, not to the police, but to his friend. The old gentleman had long regarded his son as one dead; John’s place had been taken, the memory of his faults had already fallen to be one of those old aches, which awaken again indeed upon occasion, but which we can always vanquish by an effort of the will; and to have the long lost resuscitated in a fresh disgrace was doubly bitter.",0,0,5.8082467e-05,Human,False,False
"“What do you say, dear?” said my wife, looking across at me. “Will you go?” “I really don’t know what to say. I have a fairly long list at present.” “Oh, Anstruther would do your work for you. You have been looking a little pale lately. I think that the change would do you good, and you are always so interested in Mr. Sherlock Holmes’ cases.” “I should be ungrateful if I were not, seeing what I gained through one of them,” I answered. “But if I am to go, I must pack at once, for I have only half an hour.”",0,0,7.874861e-06,Human,False,False
"The concept of 'The Terror of the Sea' represents the embodiment of humanity's primal fear of the deep, a figurehead for the dangers lurking beneath the waves. This archetype is often rooted in the real-world capabilities of apex predators. For instance, the great white shark, with its powerful jaws and stealthy approach, and the colossal giant squid, a creature of immense size and strength rarely witnessed by humans, provide a biological basis for such fears. These natural marvels have fueled maritime folklore for centuries, inspiring legends of colossal sea serpents, the ship-crushing Kraken, and the biblical Leviathan. Ultimately, the terror is not just about a single creature, but the vast, unexplored nature of the ocean itself—the anxiety of the unseen and the acknowledgment of our vulnerability in an environment not our own, where powerful life forms operate on their own terms.",1,1,0.9999602,AI_Generic,False,False
"As he spoke, there came a swift pattering of naked feet upon the stairs, a clatter of high voices, and in rushed a dozen dirty and ragged little street-Arabs. There was some show of discipline among them, despite their tumultuous entry, for they instantly drew up in line and stood facing us with expectant faces. One of their number, taller and older than the others, stood forward with an air of lounging superiority which was very funny in such a disreputable little scarecrow. “Got your message, sir,” said he, “and brought ’em on sharp. Three bob and a tanner for tickets.”",0,0,2.0011426e-05,Human,False,False
"Dick was left once more alone to darkness and to that dulled and dogged state of mind when a man thinks that Misery must now have done her worst, and is almost glad to think so. He turned and walked slowly towards the stile; she had told him no hour, and he was determined, whenever she came, that she should find him waiting. As he got there the day began to dawn, and he leaned over a hurdle and beheld the shadows flee away. Up went the sun at last out of a bank of clouds that were already disbanding in the east; a herald wind had already sprung up to sweep the leafy earth and scatter the congregated dewdrops. ‘Alas!’ thought Dick Naseby, ‘how can any other day come so distastefully to me?’ He still wanted his experience of the morrow.",0,0,2.6987724e-05,Human,False,False
"The gentleman presented a flawless tableau, seated amidst the gleam of polished mahogany and the soft glow of the gasolier. His voice, a well-oiled baritone, spun anecdotes as the hearth crackled a respectable accompaniment. Yet, to the discerning observer, the entire performance reeked of falsehood. It was not merely in the eyes, which held a glint of something cold and reptilian behind the practised warmth, but in the very air of the chamber. Beneath the civilised scents of beeswax and old leather, there hung an almost imperceptible miasma—a faint, cloying sweetness of ether mixed with the stale, cheap tobacco that no Turkish cigarette could entirely mask. The minute tremor in the hand that held the porcelain cup, the faint yellow stain upon a manicured finger—these were the true tells. The man was a whited sepulchre, immaculate on the surface, yet full of decay within.",1,1,0.9997912,Arthur Conan Doyle,False,False
"I glanced at Holmes on hearing the description of the murderer, which tallied so exactly with his own. There was, however, no trace of exultation or satisfaction upon his face. “Did you find nothing in the room which could furnish a clue to the murderer?” he asked. “Nothing. Stangerson had Drebber’s purse in his pocket, but it seems that this was usual, as he did all the paying. There was eighty odd pounds in it, but nothing had been taken. Whatever the motives of these extraordinary crimes, robbery is certainly not one of them. There were no papers or memoranda in the murdered man’s pocket, except a single telegram, dated from Cleveland about a month ago, and containing the words, ‘J. H. is in Europe.’ There was no name appended to this message.”",0,0,3.367782e-05,Human,False,False
"This was too much for Jean-Marie. That a place should so transform the most excellent of men transcended his belief. Paris, he protested, was even an agreeable place of residence. “Nor when I lived in that city did I feel much difference,” he pleaded. “What!” cried the Doctor. “Did you not steal when you were there?” But the boy could never be brought to see that he had done anything wrong when he stole. Nor, indeed, did the Doctor think he had; but that gentleman was never very scrupulous when in want of a retort. “And now,” he concluded, “do you begin to understand? My only friends were those who ruined me. Gretz has been my academy, my sanatorium, my heaven of innocent pleasures. If millions are offered me, I wave them back: _Retro_, _Sathanas_!—Evil one, begone! Fix your mind on my example; despise riches, avoid the debasing influence of cities. Hygiene—hygiene and mediocrity of fortune—these be your watchwords during life!”",0,0,1.47254095e-05,Human,False,False
"I had expected to see Sherlock Holmes impatient under this rambling and inconsequential narrative, but, on the contrary, he had listened with the greatest concentration of attention. “Your own little income,” he asked, “does it come out of the business?” “Oh, no, sir. It is quite separate and was left me by my uncle Ned in Auckland. It is in New Zealand stock, paying 4½ per cent. Two thousand five hundred pounds was the amount, but I can only touch the interest.” “You interest me extremely,” said Holmes. “And since you draw so large a sum as a hundred a year, with what you earn into the bargain, you no doubt travel a little and indulge yourself in every way. I believe that a single lady can get on very nicely upon an income of about £ 60.”",0,0,1.4954703e-05,Human,False,False
"It was by this time growing somewhat late. The gig, according to order, was brought round to the door with both lamps brightly shining, and the young men had to pay their bill and take the road. They announced that they were bound for Peebles, and drove in that direction till they were clear of the last houses of the town; then, extinguishing the lamps, returned upon their course, and followed a by-road toward Glencorse. There was no sound but that of their own passage, and the incessant, strident pouring of the rain. It was pitch dark; here and there a white gate or a white stone in the wall guided them for a short space across the night; but for the most part it was at a foot pace, and almost groping, that they picked their way through that resonant blackness to their solemn and isolated destination. In the sunken woods that traverse the neighbourhood of the burying-ground the last glimmer failed them, and it became necessary to kindle a match and re-illumine one of the lanterns of the gig. Thus, under the dripping trees, and environed by huge and moving shadows, they reached the scene of their unhallowed labours.",0,0,6.606411e-05,Human,False,False
"“At least,” said I as we heard her quick, firm steps descending the stairs, “she seems to be a young lady who is very well able to take care of herself.” “And she would need to be,” said Holmes gravely. “I am much mistaken if we do not hear from her before many days are past.” It was not very long before my friend’s prediction was fulfilled. A fortnight went by, during which I frequently found my thoughts turning in her direction and wondering what strange side-alley of human experience this lonely woman had strayed into. The unusual salary, the curious conditions, the light duties, all pointed to something abnormal, though whether a fad or a plot, or whether the man were a philanthropist or a villain, it was quite beyond my powers to determine. As to Holmes, I observed that he sat frequently for half an hour on end, with knitted brows and an abstracted air, but he swept the matter away with a wave of his hand when I mentioned it. “Data! data! data!” he cried impatiently. “I can’t make bricks without clay.” And yet he would always wind up by muttering that no sister of his should ever have accepted such a situation.",0,0,1.7117347e-05,Human,False,False
"“I can only think of the obvious conclusion that the man has practised in town before going to the country.” “I think that we might venture a little farther than this. Look at it in this light. On what occasion would it be most probable that such a presentation would be made? When would his friends unite to give him a pledge of their good will? Obviously at the moment when Dr. Mortimer withdrew from the service of the hospital in order to start a practice for himself. We know there has been a presentation. We believe there has been a change from a town hospital to a country practice. Is it, then, stretching our inference too far to say that the presentation was on the occasion of the change?”",0,0,2.8889088e-05,Human,False,False
"“Nonsense!” said the Doctor. “Aline does not know what she is about. Aline is beside herself with terror; and at any rate, she is a peasant. Now I am really concerned at this exposure for a person of your housekeeping habits; my solicitude and your fantastic modesty both point to the same remedy—the pantaloons.” He held them ready. “It is impossible. You do not understand,” she said with dignity. By this time rescue was at hand. It had been found impracticable to enter by the street, for the gate was blocked with masonry, and the nodding ruin still threatened further avalanches. But between the Doctor’s garden and the one on the right hand there was that very picturesque contrivance—a common well; the door on the Desprez’ side had chanced to be unbolted, and now, through the arched aperture a man’s bearded face and an arm supporting a lantern were introduced into the world of windy darkness, where Anastasie concealed her woes. The light struck here and there among the tossing apple boughs, it glinted on the grass; but the lantern and the glowing face became the centre of the world. Anastasie crouched back from the intrusion.",0,0,2.303404e-05,Human,False,False
"The appellation alone, ‘The Terror of the Sea,’ was sufficient to blanch the cheeks of the hardiest mariner from Bristol to the Spanish Main. Tales of his rapacity, though doubtless embellished in the telling, painted a portrait of a man for whom mercy was a foreign concept and compassion an undiscovered country. To spy his black flag upon the horizon was not merely a prelude to a fight; it was, for all intents and purposes, a sentence of doom, delivered not by a judge but by the indifferent expanse of the ocean itself. His own countenance, it was said, bore the map of his cruelties—a savage geography of scars and a gaze as cold and unfathomable as the abyssal depths he commanded. Thus, he was less a man of flesh and blood than a manifest spirit of the waves, a prodigious phantom whose legend held a more potent sway over the minds of sailors than any king or admiralty.",1,1,0.99959475,Robert Louis Stevenson,False,False
"But there was no great difficulty in the first stage of my adventure. Upper Swandam Lane is a vile alley lurking behind the high wharves which line the north side of the river to the east of London Bridge. Between a slop-shop and a gin-shop, approached by a steep flight of steps leading down to a black gap like the mouth of a cave, I found the den of which I was in search. Ordering my cab to wait, I passed down the steps, worn hollow in the centre by the ceaseless tread of drunken feet; and by the light of a flickering oil-lamp above the door I found the latch and made my way into a long, low room, thick and heavy with the brown opium smoke, and terraced with wooden berths, like the forecastle of an emigrant ship.",0,0,0.004352954,Human,False,False
"“The old pattern is good enough,” remarked Lestrade, “if we can only find the man to put them on.” “Very good, very good,” said Holmes, smiling. “The cabman may as well help me with my boxes. Just ask him to step up, Wiggins.” I was surprised to find my companion speaking as though he were about to set out on a journey, since he had not said anything to me about it. There was a small portmanteau in the room, and this he pulled out and began to strap. He was busily engaged at it when the cabman entered the room.",0,0,7.4918216e-06,Human,False,False
"I lingered but a moment at the mirror: the second and conclusive experiment had yet to be attempted; it yet remained to be seen if I had lost my identity beyond redemption and must flee before daylight from a house that was no longer mine; and hurrying back to my cabinet, I once more prepared and drank the cup, once more suffered the pangs of dissolution, and came to myself once more with the character, the stature, and the face of Henry Jekyll. That night I had come to the fatal cross-roads. Had I approached my discovery in a more noble spirit, had I risked the experiment while under the empire of generous or pious aspirations, all must have been otherwise, and from these agonies of death and birth, I had come forth an angel instead of a fiend. The drug had no discriminating action; it was neither diabolical nor divine; it but shook the doors of the prison-house of my disposition; and like the captives of Philippi, that which stood within ran forth. At that time my virtue slumbered; my evil, kept awake by ambition, was alert and swift to seize the occasion; and the thing that was projected was Edward Hyde. Hence, although I had now two characters as well as two appearances, one was wholly evil, and the other was still the old Henry Jekyll, that incongruous compound of whose reformation and improvement I had already learned to despair. The movement was thus wholly toward the worse.",0,0,0.00012774565,Human,False,False
"“But how came he to have so singular a companion?” “Ah, that is more than I can tell. Since, however, we had already determined that Small had come from the Andamans, it is not so very wonderful that this islander should be with him. No doubt we shall know all about it in time. Look here, Watson; you look regularly done. Lie down there on the sofa, and see if I can put you to sleep.” He took up his violin from the corner, and as I stretched myself out he began to play some low, dreamy, melodious air,—his own, no doubt, for he had a remarkable gift for improvisation. I have a vague remembrance of his gaunt limbs, his earnest face, and the rise and fall of his bow. Then I seemed to be floated peacefully away upon a soft sea of sound, until I found myself in dreamland, with the sweet face of Mary Morstan looking down upon me.",0,0,3.6183486e-05,Human,False,False
"“So much for the servants. My family itself is so small that it will not take me long to describe it. I am a widower and have an only son, Arthur. He has been a disappointment to me, Mr. Holmes—a grievous disappointment. I have no doubt that I am myself to blame. People tell me that I have spoiled him. Very likely I have. When my dear wife died I felt that he was all I had to love. I could not bear to see the smile fade even for a moment from his face. I have never denied him a wish. Perhaps it would have been better for both of us had I been sterner, but I meant it for the best.",0,0,0.00027763733,Human,False,False
"‘Have you come to apologise?’ asked the Squire, sternly. ‘No, sir; to mention a circumstance. On the morning in question, your son, Mr. Richard Naseby—’ ‘I do not permit his name to be mentioned.’ ‘You will, however, permit me,’ replied the Editor. ‘You are cruel,’ said the Squire. He was right, he was a broken man. Then the Editor described Dick’s warning visit; and how he had seen in the lad’s eye that there was a thrashing in the wind, and had escaped through pity only—so the Editor put it—‘through pity only sir. And oh, sir,’ he went on, ‘if you had seen him speaking up for you, I am sure you would have been proud of your son. I know I admired the lad myself, and indeed that’s what brings me here.’",0,0,6.3394887e-06,Human,False,False
"“‘Where are they all, Maggie?’ I cried. “‘Gone to the dealer’s, Jem.’ “‘Breckinridge, of Covent Garden.’ “‘But was there another with a barred tail?’ I asked, ‘the same as the one I chose?’ “‘Yes, Jem; there were two barred-tailed ones, and I could never tell them apart.’ “Well, then, of course I saw it all, and I ran off as hard as my feet would carry me to this man Breckinridge; but he had sold the lot at once, and not one word would he tell me as to where they had gone. You heard him yourselves to-night. Well, he has always answered me like that. My sister thinks that I am going mad. Sometimes I think that I am myself. And now—and now I am myself a branded thief, without ever having touched the wealth for which I sold my character. God help me! God help me!” He burst into convulsive sobbing, with his face buried in his hands.",0,0,6.030688e-06,Human,False,False
"I have seen it, I tell you, in the most respectable of countenances! The soul of a man is no more than a walled garden, manicured for polite society, with its neat borders and placid blossoms. But look closer—look with a desperate eye!—and you will perceive the true war. For from some unholy soil deep beneath, a grasping, midnight weed writhes upwards, forever seeking to choke the light. The gentleman toils, he labours with trembling hands to root it out, to present a pleasing aspect to the world, and yet—in a flash of temper, in a glance of pure malice—I see the shadow of its tendrils creep over the wall! It is not some invading pest, you understand, but the very earth from which the flowers must spring; a damnable, inseparable fiend.",1,1,0.9933072,Robert Louis Stevenson,False,False
"The violation of the dead is a profound transgression that encompasses a range of acts disrespecting human remains and the memory of the deceased. These acts can be physical, such as grave robbing for valuables, the desecration of a burial site, or the unauthorized use of a corpse for scientific or macabre purposes. It can also be non-physical, like post-mortem defamation, which damages a person's reputation after they can no longer defend it. Motivations behind such violations are diverse, ranging from financial gain and morbid curiosity to political protest or malicious intent. Nearly every culture and legal system holds strong taboos and prohibitions against these actions, viewing them as a deep offense against human dignity, social order, and religious sanctities. Consequently, laws are established to protect the integrity of the deceased, reinforcing the societal principle that respect for a person extends beyond their lifetime.",1,1,0.9996358,AI_Generic,False,False
"The duality of human nature is a concept that explores the inherent capacity for contradictory traits and impulses within individuals. It posits that humanity is not a monolith of either virtue or vice, but rather a complex interplay of opposing forces, such as altruism and selfishness, reason and instinct, or compassion and cruelty. This internal conflict is often portrayed as a fundamental tension, where the same person can demonstrate profound kindness in one context and startling aggression in another. Explored extensively in philosophy, psychology, and literature, this theme suggests that our ""better"" and ""worse"" selves are not separate entities but are inextricably linked, coexisting within the human psyche. Ultimately, this duality is not necessarily a flaw but a defining characteristic of the human condition, shaping personal behavior, societal structures, and our collective history.",1,1,0.99990416,AI_Generic,False,False
"There was nothing there! Oh yes; this time he was to blame. He should have remembered, and when he deserted his blood-stained pantaloons, he should not have deserted along with them his purse. Make the most of his error, and then compare it with the punishment! Conceive his new position, for I lack words to picture it; conceive him condemned to return to that house, from the very thought of which his soul revolted, and once more to expose himself to capture on the very scene of the misdeed: conceive him linked to the mouldy cab and the familiar cabman. John cursed the cabman silently, and then it occurred to him that he must stop the incarceration of his portmanteau; that, at least, he must keep close at hand, and he turned to recall the porter. But his reflections, brief as they had appeared, must have occupied him longer than he supposed, and there was the man already returning with the receipt.",0,0,2.3278231e-05,Human,False,False
"He was thus lying, and looking, and dreaming, hanging, as it were, between two epochs of his life, when Alexander came to the door, and made his presence known in a loud whisper. John let him in, and jumped back into the warm bed. ‘Well, John,’ said Alexander, ‘the cablegram is sent in your name, and twenty words of answer paid. I have been to the cab office and paid your cab, even saw the old gentleman himself, and properly apologised. He was mighty placable, and indicated his belief you had been drinking. Then I knocked up old Macewen out of bed, and explained affairs to him as he sat and shivered in a dressing-gown. And before that I had been to the High Street, where they have heard nothing of your dead body, so that I incline to the idea that you dreamed it.’",0,0,5.8662986e-06,Human,False,False
"“But the Solar System!” I protested. “What the deuce is it to me?” he interrupted impatiently; “you say that we go round the sun. If we went round the moon it would not make a pennyworth of difference to me or to my work.” I was on the point of asking him what that work might be, but something in his manner showed me that the question would be an unwelcome one. I pondered over our short conversation, however, and endeavoured to draw my deductions from it. He said that he would acquire no knowledge which did not bear upon his object. Therefore all the knowledge which he possessed was such as would be useful to him. I enumerated in my own mind all the various points upon which he had shown me that he was exceptionally well-informed. I even took a pencil and jotted them down. I could not help smiling at the document when I had completed it. It ran in this way—",0,0,1.0495036e-05,Human,False,False
"“The next I heard of Frank was that he was in Montana, and then he went prospecting in Arizona, and then I heard of him from New Mexico. After that came a long newspaper story about how a miners’ camp had been attacked by Apache Indians, and there was my Frank’s name among the killed. I fainted dead away, and I was very sick for months after. Pa thought I had a decline and took me to half the doctors in ’Frisco. Not a word of news came for a year and more, so that I never doubted that Frank was really dead. Then Lord St. Simon came to ’Frisco, and we came to London, and a marriage was arranged, and Pa was very pleased, but I felt all the time that no man on this earth would ever take the place in my heart that had been given to my poor Frank.",0,0,8.1398475e-06,Human,False,False
"“Well, that is clear enough, certainly. But how about the foresight and the moral retrogression?” Sherlock Holmes laughed. “Here is the foresight,” said he putting his finger upon the little disc and loop of the hat-securer. “They are never sold upon hats. If this man ordered one, it is a sign of a certain amount of foresight, since he went out of his way to take this precaution against the wind. But since we see that he has broken the elastic and has not troubled to replace it, it is obvious that he has less foresight now than formerly, which is a distinct proof of a weakening nature. On the other hand, he has endeavoured to conceal some of these stains upon the felt by daubing them with ink, which is a sign that he has not entirely lost his self-respect.”",0,0,0.00011778659,Human,False,False
"He spoke with great vehemence, as though angry; and perhaps I was not very willing to be put down so shortly, for young men are disputatious. At least I remember I retorted hotly, crying out upon childish superstitions. “And ye come frae the College!” sneered Uncle Gordon. “Gude kens what they learn folk there; it’s no muckle service onyway. Do ye think, man, that there’s naething in a’ yon saut wilderness o’ a world oot wast there, wi’ the sea grasses growin’, an’ the sea beasts fechtin’, an’ the sun glintin’ down into it, day by day? Na; the sea’s like the land, but fearsomer. If there’s folk ashore, there’s folk in the sea—deid they may be, but they’re folk whatever; and as for deils, there’s nane that’s like the sea deils. There’s no sae muckle harm in the land deils, when a’s said and done. Lang syne, when I was a callant in the south country, I mind there was an auld, bald bogle in the Peewie Moss. I got a glisk o’ him mysel’, sittin’ on his hunkers in a hag, as gray’s a tombstane. An’, troth, he was a fearsome-like taed. But he steered naebody. Nae doobt, if ane that was a reprobate, ane the Lord hated, had gane by there wi’ his sin still upon his stamach, nae doobt the creature would hae lowped upo’ the likes o’ him. But there’s deils in the deep sea would yoke on a communicant! Eh, sirs, if ye had gane doon wi’ the puir lads in the _Christ-Anna_, ye would ken by now the mercy o’ the seas. If ye had sailed it for as lang as me, ye would hate the thocht of it as I do. If ye had but used the een God gave ye, ye would hae learned the wickedness o’ that fause, saut, cauld, bullering creature, and of a’ that’s in it by the Lord’s permission: labsters an’ partans, an’ sic like, howking in the deid; muckle, gutsy, blawing whales; an’ fish—the hale clan o’ them—cauld-wamed, blind-eed uncanny ferlies. O, sirs,” he cried, “the horror—the horror o’ the sea!”",0,0,2.1866132e-05,Human,False,False
"“I know why he was at the gate at that hour. It was to meet a woman.” “To meet a woman! He?” “And the woman’s name?” “I can’t give you the name, sir, but I can give you the initials. Her initials were L. L.” “How do you know this, Barrymore?” “Well, Sir Henry, your uncle had a letter that morning. He had usually a great many letters, for he was a public man and well known for his kind heart, so that everyone who was in trouble was glad to turn to him. But that morning, as it chanced, there was only this one letter, so I took the more notice of it. It was from Coombe Tracey, and it was addressed in a woman’s hand.”",0,0,4.682534e-06,Human,False,False
"Will, who had commanded himself with difficulty from the first, broke out upon this into an inarticulate noise, and raised one hand with an appearance of real dismay, as if he were about to interfere and contradict. But she checked him at once looking up at him with a swift glance and an angry flush upon her cheek. “You will perhaps have the good grace,” she said, “to let me explain these matters for myself.” Will was put entirely out of countenance by her expression and the ring of her voice. He held his peace, concluding that there were some things about this girl beyond his comprehension, in which he was exactly right.",0,0,4.0434472e-05,Human,False,False
"“Indeed! You say that there was a gentleman in the pew. Some of the general public were present, then?” “Oh, yes. It is impossible to exclude them when the church is open.” “This gentleman was not one of your wife’s friends?” “No, no; I call him a gentleman by courtesy, but he was quite a common-looking person. I hardly noticed his appearance. But really I think that we are wandering rather far from the point.” “Lady St. Simon, then, returned from the wedding in a less cheerful frame of mind than she had gone to it. What did she do on re-entering her father’s house?”",0,0,7.839806e-06,Human,False,False
"The violation of the dead encompasses a range of actions that transgress cultural, religious, and legal norms regarding the treatment of human remains and burial sites. Historically and in the present day, this can manifest as tomb raiding for material wealth, the desecration of graves as a form of political or ideological protest, or the unauthorized exhumation of bodies for scientific or anatomical study. Such acts are widely considered taboo because they challenge deeply held beliefs about respecting the deceased and the sanctity of their final resting place. The motivations behind these transgressions are varied, ranging from economic gain and scientific inquiry to malicious intent or sheer vandalism. Consequently, most societies have established legal frameworks and strong social customs to protect the integrity of graves, memorials, and human remains, reflecting a near-universal principle of posthumous dignity.",1,1,0.999469,AI_Generic,False,False
"Arm in arm, and staggering against the wind, Rorie and I won every yard of ground with conscious effort. We slipped on the wet sod, we fell together sprawling on the rocks. Bruised, drenched, beaten, and breathless, it must have taken us near half an hour to get from the house down to the Head that overlooks the Roost. There, it seemed, was my uncle’s favourite observatory. Right in the face of it, where the cliff is highest and most sheer, a hump of earth, like a parapet, makes a place of shelter from the common winds, where a man may sit in quiet and see the tide and the mad billows contending at his feet. As he might look down from the window of a house upon some street disturbance, so, from this post, he looks down upon the tumbling of the Merry Men. On such a night, of course, he peers upon a world of blackness, where the waters wheel and boil, where the waves joust together with the noise of an explosion, and the foam towers and vanishes in the twinkling of an eye. Never before had I seen the Merry Men thus violent. The fury, height, and transiency of their spoutings was a thing to be seen and not recounted. High over our heads on the cliff rose their white columns in the darkness; and the same instant, like phantoms, they were gone. Sometimes three at a time would thus aspire and vanish; sometimes a gust took them, and the spray would fall about us, heavy as a wave. And yet the spectacle was rather maddening in its levity than impressive by its force. Thought was beaten down by the confounding uproar—a gleeful vacancy possessed the brains of men, a state akin to madness; and I found myself at times following the dance of the Merry Men as it were a tune upon a jigging instrument.",0,0,0.00081858394,Human,False,False
"And suddenly he was aware that he was hungry; ay, even through the tortures of the cold, even through the frosts of despair, a gross, desperate longing after food, no matter what, no matter how, began to wake and spur him. Suppose he pawned his watch? But no, on Christmas-day—this was Christmas-day!—the pawnshop would be closed. Suppose he went to the public-house close by at Blackhall, and offered the watch, which was worth ten pounds, in payment for a meal of bread and cheese? The incongruity was too remarkable; the good folks would either put him to the door, or only let him in to send for the police. He turned his pockets out one after another; some San Francisco tram-car checks, one cigar, no lights, the pass-key to his father’s house, a pocket-handkerchief, with just a touch of scent: no, money could be raised on none of these. There was nothing for it but to starve; and after all, what mattered it? That also was a door of exit.",0,0,4.133607e-05,Human,False,False
"Is it not a most singular thing, this Science of Deduction, which my friend, Mr. Sherlock Holmes, has elevated to the level of an exact art? To the untrained eye, the world is but a chaotic jumble of unrelated incidents; yet to him, it is a vast and intricate tapestry where every thread has its purpose. He insists that it is no matter of intuition, but rather a cold and methodical process of observation and analysis, where one may logically progress from a single drop of water to the inevitable conclusion of an Atlantic Ocean. From the fraying of a cuff, the callosities upon a finger, or the particular ash of a Trichinopoly cigar, he constructs a chain of reasoning, each link as strong and certain as the last. It is a formidable faculty, this power to strip away the superfluous and, by eliminating all other factors, arrive at the one, residual truth, however improbable it may appear at the outset.",1,1,0.9998945,Arthur Conan Doyle,False,False
"“I thank you,” said the young man, rising and pulling on his overcoat. “You have given me fresh life and hope. I shall certainly do as you advise.” “Do not lose an instant. And, above all, take care of yourself in the meanwhile, for I do not think that there can be a doubt that you are threatened by a very real and imminent danger. How do you go back?” “By train from Waterloo.” “It is not yet nine. The streets will be crowded, so I trust that you may be in safety. And yet you cannot guard yourself too closely.”",0,0,2.5832967e-05,Human,False,False
"That was a nicht that has never been forgotten in Ba’weary, the nicht o’ the seeventeenth of August, seventeen hun’er’ an twal’. It had been het afore, as I hae said, but that nicht it was hetter than ever. The sun gaed doun amang unco-lookin’ clouds; it fell as mirk as the pit; no a star, no a breath o’ wund; ye couldnae see your han’ afore your face, and even the auld folk cuist the covers frae their beds and lay pechin’ for their breath. Wi’ a’ that he had upon his mind, it was gey and unlikely Mr. Soulis wad get muckle sleep. He lay an’ he tummled; the gude, caller bed that he got into brunt his very banes; whiles he slept, and whiles he waukened; whiles he heard the time o’ nicht, and whiles a tyke yowlin’ up the muir, as if somebody was deid; whiles he thocht he heard bogles claverin’ in his lug, an’ whiles he saw spunkies in the room. He behoved, he judged, to be sick; an’ sick he was—little he jaloosed the sickness.",0,0,2.0731977e-05,Human,False,False
"Vengeance from the past is a powerful narrative trope centered on the idea that past transgressions eventually demand retribution. This theme typically involves a character whose present life is disrupted by the re-emergence of an individual or event connected to a long-buried secret, crime, or betrayal. As a literary device, it serves to explore the inescapable nature of consequences and the idea that time does not erase moral debts. The antagonist is often a figure who has been wronged and has spent years, or even decades, plotting their revenge, while the protagonist may have built a new life on a foundation of forgotten or ignored injustice. Found frequently in thrillers, dramas, and noir fiction, the concept forces characters to confront their history directly. Ultimately, this narrative underscores the principle that the past has a long memory and that unresolved actions will inevitably resurface to shape, and often shatter, the present.",1,1,0.99993706,AI_Generic,False,False
"Presently after, he sat on one side of his own hearth, with Mr. Guest, his head clerk, upon the other, and midway between, at a nicely calculated distance from the fire, a bottle of a particular old wine that had long dwelt unsunned in the foundations of his house. The fog still slept on the wing above the drowned city, where the lamps glimmered like carbuncles; and through the muffle and smother of these fallen clouds, the procession of the town’s life was still rolling in through the great arteries with a sound as of a mighty wind. But the room was gay with firelight. In the bottle the acids were long ago resolved; the imperial dye had softened with time, As the colour grows richer in stained windows; and the glow of hot autumn afternoons on hillside vineyards was ready to be set free and to disperse the fogs of London. Insensibly the lawyer melted. There was no man from whom he kept fewer secrets than Mr. Guest; and he was not always sure that he kept as many as he meant. Guest had often been on business to the doctor’s; he knew Poole; he could scarce have failed to hear of Mr. Hyde’s familiarity about the house; he might draw conclusions: was it not as well, then, that he should see a letter which put that mystery to rights? and above all since Guest, being a great student and critic of handwriting, would consider the step natural and obliging? The clerk, besides, was a man of counsel; he would scarce read so strange a document without dropping a remark; and by that remark Mr. Utterson might shape his future course.",0,0,2.6720874e-05,Human,False,False
"It is a truth to which my own studies have long since led me, that the field of man's soul is a perpetual battlefield for two opposing natures. I have observed that within the most upright and celebrated of personages there resides a darker, more primitive inhabitant, a kind of bestial captive chained within the fortress of the flesh. This profound duplicity means that the same hand which may dispense charity by day might, under the cloak of some moral midnight, be tempted to baser deeds. The struggle between these polar twins is constant, and though one may gain ascendency for a time, the other is never vanquished, but lies in wait, a dreadful and inseparable companion to our earthly pilgrimage.",1,1,0.99978787,Robert Louis Stevenson,False,False
"It began not as a phantom, but as a stain seeping through the new parlor wallpaper, a dark bloom of rust-colored memory from a forgotten crime. The chill that slithered down the grand staircase carried the scent of damp earth and a century of silence, a coldness that clung to the velvet drapes and frosted the ancestral silver. Each night, the house remembered more: a floorboard groaning under an unseen weight, a faint whisper that coiled around the name of the current master, the great-grandson of the betrayer. This was not the fury of a sudden haunting, but a slow, methodical poison distilled from time itself. The past had been buried, but not laid to rest, and its patient, spectral hands were now closing around the throat of the present. The shadows in the corners no longer retreated from the light; they watched, and they waited.",1,1,0.9998529,AI_Generic,False,False
"A peculiar chill had settled within the study, a dampness which the sullen roar of the hearth-fire seemed powerless to dispel. Sir Reginald’s gaze remained fixed upon the single sheet of brittle, foxed paper that lay upon his desk, its spidery inkwork a relic of some forgotten transgression. The air, thick with the familiar scent of decaying leather and his own cold pipe-smoke, was now tainted by a faint, yet altogether unsettling, aroma of bitter almonds. Beyond the heavy velvet drapes, the gas-lamps of the street were but jaundiced blurs in the soupy November fog, and the only sound to pierce the oppressive quiet was the relentless, maddening tick of the mantel-clock. He started as a floorboard groaned in the hall above—a sound as hollow and final as a coffin lid closing upon a secret thirty years buried. It was a summons, he knew, from a time he had thought long since dead and interred.",1,1,0.99930406,Arthur Conan Doyle,False,False
"Science stands as a bastion of logic, a methodical pursuit that seeks to illuminate the darkness with the unwavering light of empirical evidence. It dissects the world with scalpels and algorithms, translating mystery into measurable data and repeatable experiments. Its language is one of formulas, theories, and peer-reviewed certainty. In stark contrast, the unexplained lingers in the periphery, a realm of whispers, folklore, and chilling coincidences that defy easy categorization. It is the ghostly apparition in a derelict house, the uncanny premonition, the strange lights dancing in a remote sky. This is the eternal frontier where one realm pushes to define and contain, while the other remains tantalizingly formless, a persistent shadow that slips through the grasp of established laws. In this ceaseless dance, the comfort of concrete knowledge is forever challenged by the profound and unsettling allure of what we may never fully understand.",1,1,0.99998355,AI_Generic,False,False
"The campaign brought honours and promotion to many, but for me it had nothing but misfortune and disaster. I was removed from my brigade and attached to the Berkshires, with whom I served at the fatal battle of Maiwand. There I was struck on the shoulder by a Jezail bullet, which shattered the bone and grazed the subclavian artery. I should have fallen into the hands of the murderous Ghazis had it not been for the devotion and courage shown by Murray, my orderly, who threw me across a pack-horse, and succeeded in bringing me safely to the British lines.",0,0,3.9743132e-05,Human,False,False
"“But a terrible change came over our stepfather about this time. Instead of making friends and exchanging visits with our neighbours, who had at first been overjoyed to see a Roylott of Stoke Moran back in the old family seat, he shut himself up in his house and seldom came out save to indulge in ferocious quarrels with whoever might cross his path. Violence of temper approaching to mania has been hereditary in the men of the family, and in my stepfather’s case it had, I believe, been intensified by his long residence in the tropics. A series of disgraceful brawls took place, two of which ended in the police-court, until at last he became the terror of the village, and the folks would fly at his approach, for he is a man of immense strength, and absolutely uncontrollable in his anger.",0,0,0.00081687124,Human,False,False
"To the uninitiated mind, the Science of Deduction appears as nothing short of a black art, a conjuring of facts from the very ether. Yet for him, it was a precise and methodical process, cold and unemotional as the laws of mathematics. His keen eyes would alight upon some detail that another might dismiss as a mere trifle—the faint scuff upon a boot, the particular species of ash left by a cigar, or the almost imperceptible tremor in a client’s hand. I might see only the disparate and meaningless facts of a case; he, however, could perceive the invisible threads which bound them all into a single, cohesive narrative. From these minute observations, he would construct a chain of inference, each link forged with inflexible logic, until the startling, and yet ever-inevitable, truth was laid bare before me.",1,1,0.9997975,Arthur Conan Doyle,False,False
"The night had come; the fanlight over the door shone bright; the two windows of the dining-room where the cloth was being laid, and the three windows of the drawing-room where Maria would be waiting dinner, glowed softlier through yellow blinds. It was like a vision of the past. All this time of his absence life had gone forward with an equal foot, and the fires and the gas had been lighted, and the meals spread, at the accustomed hours. At the accustomed hour, too, the bell had sounded thrice to call the family to worship. And at the thought, a pang of regret for his demerit seized him; he remembered the things that were good and that he had neglected, and the things that were evil and that he had loved; and it was with a prayer upon his lips that he mounted the steps and thrust the key into the key-hole.",0,0,0.0006141546,Human,False,False
"They styled him the Terror of the Sea, and indeed, many a tavern tale, spun by credulous mariners over cheap rum, would paint for him a countenance of almost diabolical malevolence, as though he had supped with fiends and learned from them the blackest arts of plunder and despair. Yet, for all this fearsome repute—a fabrication which the man himself, being of a practical and unpoetic turn, did little to discourage—the truth was a far more sordid and common affair, for he was at bottom a creature of simple, brutish avarice, whose chief genius lay not in any grand villainy, but in the low cunning required to bilk a merchant and the dull, persistent cruelty needed to keep a mutinous crew in a state of profitable apprehension. His legend, it seemed, was merely the shadow cast by a very small and greedy man, magnified to monstrous proportions by the collective foolishness of the world.",1,1,0.999143,Robert Louis Stevenson,False,False
"“The mother nodded. She didn’t seem able to get out a word. The daughter burst into tears. I felt more than ever that these people knew something of the matter. “‘At what o’clock did Mr. Drebber leave your house for the train?’ I asked. “‘At eight o’clock,’ she said, gulping in her throat to keep down her agitation. ‘His secretary, Mr. Stangerson, said that there were two trains—one at 9.15 and one at 11. He was to catch the first.’ “‘And was that the last which you saw of him?’ “A terrible change came over the woman’s face as I asked the question. Her features turned perfectly livid. It was some seconds before she could get out the single word ‘Yes’—and when it did come it was in a husky unnatural tone.",0,0,4.951426e-06,Human,False,False
"It was upon him, then—the chilling certainty he had long fought to deny. He flung the brittle pages of his grandfather’s journal aside, the spidery script a testament to a mind in its final, frantic dissolution. The curse of his ancestry was no mere superstition, no ghost story for the fireside, but a tangible poison in the very marrow of his bones. He saw his family line not as a great and branching oak, but as a corrupted vine, a parasitic growth that climbed through the generations, strangling the life from each successive host. The same wild glint he saw in the Daguerreotype of his ill-fated uncle now burned back at him from the polished silver of the candelabra. The tendrils of that inherited madness were tightening their grip, and he knew, with a surge of cold terror, that he must sever the growth at its source or be dragged into the same impenetrable darkness.",1,1,0.9999368,Arthur Conan Doyle,False,False
"The Science of Deduction, as he so often took pains to explain, was an exact art founded not upon intuition but upon the most rigorous and dispassionate observation of trifles, which to the commonplace mind appeared wholly insignificant. For him, a man’s entire history might be laid bare in the callosities upon his thumb or the particular variety of mud spattering his trouser-cuffs, each detail forming a single, irrefutable link in a long chain of reasoning that was as infallible as a proposition of Euclid. It was simply a matter of analysis, a process wherein one, having gathered every conceivable fact, must systematically eliminate those factors which were impossible; then, whatever remained, however improbable it might seem to the uninitiated, must perforce be the absolute truth. This cold, unemotional synthesis of seemingly disparate data was the very bedrock of his method, transforming the most chaotic tapestry of human affairs into a singular problem of pure logic.",1,1,0.9998709,Arthur Conan Doyle,False,False
"It was as well that his prairie training had given Jefferson Hope the ears of a lynx. He and his friends had hardly crouched down before the melancholy hooting of a mountain owl was heard within a few yards of them, which was immediately answered by another hoot at a small distance. At the same moment a vague shadowy figure emerged from the gap for which they had been making, and uttered the plaintive signal cry again, on which a second man appeared out of the obscurity. “To-morrow at midnight,” said the first who appeared to be in authority. “When the Whip-poor-Will calls three times.”",0,0,1.5177546e-05,Human,False,False
"“I would rather not,” faltered the boy, true to his training. “What?” thundered Desprez. “I am afraid of it,” said Jean-Marie: “my stomach—” “Take it or leave it,” interrupted Desprez fiercely; “but understand it once for all—there is nothing so contemptible as a precisian.” Here was a new lesson! The boy sat bemused, looking at the glass but not tasting it, while the Doctor emptied and refilled his own, at first with clouded brow, but gradually yielding to the sun, the heady, prickling beverage, and his own predisposition to be happy. “Once in a way,” he said at last, by way of a concession to the boy’s more rigorous attitude, “once in a way, and at so critical a moment, this ale is a nectar for the gods. The habit, indeed, is debasing; wine, the juice of the grape, is the true drink of the Frenchman, as I have often had occasion to point out; and I do not know that I can blame you for refusing this outlandish stimulant. You can have some wine and cakes. Is the bottle empty? Well, we will not be proud; we will have pity on your glass.”",0,0,1.1553427e-05,Human,False,False
"About the middle of the second day of their flight their scanty store of provisions began to run out. This gave the hunter little uneasiness, however, for there was game to be had among the mountains, and he had frequently before had to depend upon his rifle for the needs of life. Choosing a sheltered nook, he piled together a few dried branches and made a blazing fire, at which his companions might warm themselves, for they were now nearly five thousand feet above the sea level, and the air was bitter and keen. Having tethered the horses, and bade Lucy adieu, he threw his gun over his shoulder, and set out in search of whatever chance might throw in his way. Looking back he saw the old man and the young girl crouching over the blazing fire, while the three animals stood motionless in the back-ground. Then the intervening rocks hid them from his view.",0,0,3.8694114e-05,Human,False,False
"The night, though we were so little past midsummer, was as dark as January. Intervals of a groping twilight alternated with spells of utter blackness; and it was impossible to trace the reason of these changes in the flying horror of the sky. The wind blew the breath out of a man’s nostrils; all heaven seemed to thunder overhead like one huge sail; and when there fell a momentary lull on Aros, we could hear the gusts dismally sweeping in the distance. Over all the lowlands of the Ross, the wind must have blown as fierce as on the open sea; and God only knows the uproar that was raging around the head of Ben Kyaw. Sheets of mingled spray and rain were driven in our faces. All round the isle of Aros the surf, with an incessant, hammering thunder, beat upon the reefs and beaches. Now louder in one place, now lower in another, like the combinations of orchestral music, the constant mass of sound was hardly varied for a moment. And loud above all this hurly-burly I could hear the changeful voices of the Roost and the intermittent roaring of the Merry Men. At that hour, there flashed into my mind the reason of the name that they were called. For the noise of them seemed almost mirthful, as it out-topped the other noises of the night; or if not mirthful, yet instinct with a portentous joviality. Nay, and it seemed even human. As when savage men have drunk away their reason, and, discarding speech, bawl together in their madness by the hour; so, to my ears, these deadly breakers shouted by Aros in the night.",0,0,0.0009874653,Human,False,False
"“They are typewritten,” I remarked. “Not only that, but the signature is typewritten. Look at the neat little ‘Hosmer Angel’ at the bottom. There is a date, you see, but no superscription except Leadenhall Street, which is rather vague. The point about the signature is very suggestive—in fact, we may call it conclusive.” “My dear fellow, is it possible you do not see how strongly it bears upon the case?” “I cannot say that I do unless it were that he wished to be able to deny his signature if an action for breach of promise were instituted.” “No, that was not the point. However, I shall write two letters, which should settle the matter. One is to a firm in the City, the other is to the young lady’s stepfather, Mr. Windibank, asking him whether he could meet us here at six o’clock to-morrow evening. It is just as well that we should do business with the male relatives. And now, Doctor, we can do nothing until the answers to those letters come, so we may put our little problem upon the shelf for the interim.”",0,0,1.579762e-05,Human,False,False
"Lucy laughed through her tears at her father’s description. “When he comes, he will advise us for the best. But it is for you that I am frightened, dear. One hears—one hears such dreadful stories about those who oppose the Prophet: something terrible always happens to them.” “But we haven’t opposed him yet,” her father answered. “It will be time to look out for squalls when we do. We have a clear month before us; at the end of that, I guess we had best shin out of Utah.” “That’s about the size of it.” “We will raise as much as we can in money, and let the rest go. To tell the truth, Lucy, it isn’t the first time I have thought of doing it. I don’t care about knuckling under to any man, as these folk do to their darned prophet. I’m a free-born American, and it’s all new to me. Guess I’m too old to learn. If he comes browsing about this farm, he might chance to run up against a charge of buckshot travelling in the opposite direction.”",0,0,1.3288028e-05,Human,False,False
"Marjory was silent, and gave no sign that she had heard. “How is that, parson?” asked Will. “The girl must speak,” replied the parson, laying down his pipe. “Here’s our neighbour who says he loves you, Madge. Do you love him, ay or no?” “I think I do,” said Marjory, faintly. “Well then, that’s all that could be wished!” cried Will, heartily. And he took her hand across the table, and held it a moment in both of his with great satisfaction. “You must marry,” observed the parson, replacing his pipe in his mouth. “Is that the right thing to do, think you?” demanded Will.",0,0,6.8431555e-06,Human,False,False
"He hustled on his overcoat, and bustled about in a way that showed that an energetic fit had superseded the apathetic one. “Get your hat,” he said. “You wish me to come?” “Yes, if you have nothing better to do.” A minute later we were both in a hansom, driving furiously for the Brixton Road. It was a foggy, cloudy morning, and a dun-coloured veil hung over the house-tops, looking like the reflection of the mud-coloured streets beneath. My companion was in the best of spirits, and prattled away about Cremona fiddles, and the difference between a Stradivarius and an Amati. As for myself, I was silent, for the dull weather and the melancholy business upon which we were engaged, depressed my spirits.",0,0,3.0987223e-05,Human,False,False
"It rises from the sunless depths, a mountainous silhouette of living, abyssal night. Its hide, slick and older than time itself, sheds the ocean like a shroud as it surfaces, revealing a horror that defies sanity. Countless eyes, cold and phosphorescent, ignite within the gloom, each a pinprick of malevolent intelligence fixed upon the fragile vessel above. Vast, sinuous limbs, thick as ancient oaks, unfurl from the churning vortex it creates, ensnaring masts and splintering hulls with an indifferent, crushing force. The air grows thick with the scent of brine and ancient decay, and a low groan resonates not in the air, but in the bones of those who witness it. It is the ocean's final judgment, an unthinking, unstoppable dread, and the final testament to its passage is the sudden, chilling silence as it drags its prize back into the crushing black.",1,1,0.9999727,AI_Generic,False,False
"In my own considerations of the matter, I have come to regard the whole body of folklore and its attendant superstitions as a sort of wild and ancient ivy creeping upon the great edifice of a nation. It springs from the damp, unlettered soil of our most primordial fears and untutored hopes, and it flourishes without leave, clinging with equal tenacity to the great stones of both sacred and secular institution. Here and there, its growth adds a picturesque charm to an otherwise severe countenance, yet in other places it may conceal a certain dampness and decay within the very mortar of society. And though the modern mind, with its bright shears of logic, may seek to prune it back, one finds its tenacious tendrils ever reappearing in the shadowed corners of human fancy.",1,1,0.99977535,Robert Louis Stevenson,False,False
"I have long held the lamp of science as my truest guide, a steady flame against the shadows of ignorance and superstition. Yet, of late, I have found myself in chambers where this light does not penetrate, but serves only to make the surrounding darkness more profound. My learned colleagues speak with confidence of natural laws and the mechanics of the mind, dismissing with a dry chuckle any tale that cannot be pinned and classified like some common insect. But I have seen a countenance change in a manner that no anatomy can explain, and have felt a presence in an empty hall that was colder than any winter’s frost. In such moments, the solid ground of reason gives way to a dreadful abyss, and one is forced to concede that our neat formulas and logical deductions are but a flimsy bulwark against a tide of wonders and terrors that lies just beyond the shores of our understanding.",1,1,0.9996252,Robert Louis Stevenson,False,False
"“You were told, no doubt.” “Nothing of the sort. I _knew_ you came from Afghanistan. From long habit the train of thoughts ran so swiftly through my mind, that I arrived at the conclusion without being conscious of intermediate steps. There were such steps, however. The train of reasoning ran, ‘Here is a gentleman of a medical type, but with the air of a military man. Clearly an army doctor, then. He has just come from the tropics, for his face is dark, and that is not the natural tint of his skin, for his wrists are fair. He has undergone hardship and sickness, as his haggard face says clearly. His left arm has been injured. He holds it in a stiff and unnatural manner. Where in the tropics could an English army doctor have seen much hardship and got his arm wounded? Clearly in Afghanistan.’ The whole train of thought did not occupy a second. I then remarked that you came from Afghanistan, and you were astonished.”",0,0,3.0112857e-05,Human,False,False
"I rose to go, but Holmes caught me by the wrist and pushed me back into my chair. “It is both, or none,” said he. “You may say before this gentleman anything which you may say to me.” The Count shrugged his broad shoulders. “Then I must begin,” said he, “by binding you both to absolute secrecy for two years; at the end of that time the matter will be of no importance. At present it is not too much to say that it is of such weight it may have an influence upon European history.” “I promise,” said Holmes.",0,0,1.26056475e-05,Human,False,False
"Outside all was calm and quiet. The night was fine, and the stars were twinkling brightly overhead. The little front garden lay before the farmer’s eyes bounded by the fence and gate, but neither there nor on the road was any human being to be seen. With a sigh of relief, Ferrier looked to right and to left, until happening to glance straight down at his own feet he saw to his astonishment a man lying flat upon his face upon the ground, with arms and legs all asprawl. So unnerved was he at the sight that he leaned up against the wall with his hand to his throat to stifle his inclination to call out. His first thought was that the prostrate figure was that of some wounded or dying man, but as he watched it he saw it writhe along the ground and into the hall with the rapidity and noiselessness of a serpent. Once within the house the man sprang to his feet, closed the door, and revealed to the astonished farmer the fierce face and resolute expression of Jefferson Hope.",0,0,0.00036118267,Human,False,False
"A trance-like weakness fell upon me; I saw, heard, and felt, but I was incapable of movement. I heard the struggle roll to and fro upon the floor, the yells of that catamount ringing up to Heaven as she strove to reach me. I felt Olalla clasp me in her arms, her hair falling on my face, and, with the strength of a man, raise and half drag, half carry me upstairs into my own room, where she cast me down upon the bed. Then I saw her hasten to the door and lock it, and stand an instant listening to the savage cries that shook the residencia. And then, swift and light as a thought, she was again beside me, binding up my hand, laying it in her bosom, moaning and mourning over it with dove-like sounds. They were not words that came to her, they were sounds more beautiful than speech, infinitely touching, infinitely tender; and yet as I lay there, a thought stung to my heart, a thought wounded me like a sword, a thought, like a worm in a flower, profaned the holiness of my love. Yes, they were beautiful sounds, and they were inspired by human tenderness; but was their beauty human?",0,0,0.0025613178,Human,False,False
"He often considered, in the quiet solitude of his study, the peculiar and inescapable nature of a man’s bloodline. It has always seemed to him that a family is much like an ancient yew, its roots grasping blindly in the dark soil of forgotten centuries. Each new generation springs forth as a tender new branch, reaching for the light, yet it draws its very life from that same shadowed source. And if some blight, some deep-seated canker, took hold in the heartwood long ago, then what hope has the fresh green shoot? It is doomed, alas, to grow twisted, to bear the same bitter fruit as its forebears. This, then, was the true curse of ancestry: not a whisper from the grave, but a living poison carried in the sap, a sorrowful inheritance from which no man could ever truly break free.",1,1,0.99991727,Arthur Conan Doyle,False,False
"“I think they are the kitchen windows.” “And the one beyond, which shines so brightly?” “That is certainly the dining-room.” “The blinds are up. You know the lie of the land best. Creep forward quietly and see what they are doing—but for heaven’s sake don’t let them know that they are watched!” I tiptoed down the path and stooped behind the low wall which surrounded the stunted orchard. Creeping in its shadow I reached a point whence I could look straight through the uncurtained window. There were only two men in the room, Sir Henry and Stapleton. They sat with their profiles towards me on either side of the round table. Both of them were smoking cigars, and coffee and wine were in front of them. Stapleton was talking with animation, but the baronet looked pale and distrait. Perhaps the thought of that lonely walk across the ill-omened moor was weighing heavily upon his mind.",0,0,2.5203346e-05,Human,False,False
"No wonder that it was heavy. The iron-work was two-thirds of an inch thick all round. It was massive, well made, and solid, like a chest constructed to carry things of great price, but not one shred or crumb of metal or jewelry lay within it. It was absolutely and completely empty. “The treasure is lost,” said Miss Morstan, calmly. As I listened to the words and realised what they meant, a great shadow seemed to pass from my soul. I did not know how this Agra treasure had weighed me down, until now that it was finally removed. It was selfish, no doubt, disloyal, wrong, but I could realise nothing save that the golden barrier was gone from between us. “Thank God!” I ejaculated from my very heart.",0,0,0.014696209,Human,False,False
"There is, in the profanation of a tomb, a peculiar species of horror that transcends the mere physical act; it is an assault not only upon the poor clay that remains, but upon the very memory and dignity of a life concluded. The anatomist, in his cold pursuit of knowledge, may argue a higher purpose, yet he cannot wholly divest himself of the primitive dread that accompanies so profound a trespass. To disturb the slumber of the grave is to declare a grim war upon the sacred, unwritten compact between the living and those who have passed beyond their ken. This violation, committed in the dead of night under a pitiless moon, erodes the moral foundations of society itself, for if the finality of death is not held sacred, one must question what, if anything, remains inviolable to the grasping hands of men.",1,1,0.9998499,Robert Louis Stevenson,False,False
"‘Money!’ cried Fettes; ‘money from you! The money that I had from you is lying where I cast it in the rain.’ Dr. Macfarlane had talked himself into some measure of superiority and confidence, but the uncommon energy of this refusal cast him back into his first confusion. A horrible, ugly look came and went across his almost venerable countenance. ‘My dear fellow,’ he said, ‘be it as you please; my last thought is to offend you. I would intrude on none. I will leave you my address, however—’ ‘I do not wish it—I do not wish to know the roof that shelters you,’ interrupted the other. ‘I heard your name; I feared it might be you; I wished to know if, after all, there were a God; I know now that there is none. Begone!’",0,0,9.263853e-06,Human,False,False
"“‘You must speak to her in the morning, or I will if you prefer it. Are you sure that everything is fastened?’ “‘Then, good-night.’ I kissed her and went up to my bedroom again, where I was soon asleep. “I am endeavouring to tell you everything, Mr. Holmes, which may have any bearing upon the case, but I beg that you will question me upon any point which I do not make clear.” “On the contrary, your statement is singularly lucid.” “I come to a part of my story now in which I should wish to be particularly so. I am not a very heavy sleeper, and the anxiety in my mind tended, no doubt, to make me even less so than usual. About two in the morning, then, I was awakened by some sound in the house. It had ceased ere I was wide awake, but it had left an impression behind it as though a window had gently closed somewhere. I lay listening with all my ears. Suddenly, to my horror, there was a distinct sound of footsteps moving softly in the next room. I slipped out of bed, all palpitating with fear, and peeped round the corner of my dressing-room door.",0,0,1.445912e-05,Human,False,False
"“Mary, girl,” said I, “this is the place I had learned to call my home, and I do not know it.” “It is my home by nature, not by the learning,” she replied; “the place I was born and the place I’m like to die in; and I neither like these changes, nor the way they came, nor that which came with them. I would have liked better, under God’s pleasure, they had gone down into the sea, and the Merry Men were dancing on them now.” Mary was always serious; it was perhaps the only trait that she shared with her father; but the tone with which she uttered these words was even graver than of custom.",0,0,1.3559193e-05,Human,False,False
"He crept close among the bushes, the wind playing round him like a lash; his clothes seemed thin as paper, his joints burned, his skin curdled on his bones. He had a vision of a high-lying cattle-drive in California, and the bed of a dried stream with one muddy pool, by which the vaqueros had encamped: splendid sun over all, the big bonfire blazing, the strips of cow browning and smoking on a skewer of wood; how warm it was, how savoury the steam of scorching meat! And then again he remembered his manifold calamities, and burrowed and wallowed in the sense of his disgrace and shame. And next he was entering Frank’s restaurant in Montgomery Street, San Francisco; he had ordered a pan-stew and venison chops, of which he was immoderately fond, and as he sat waiting, Munroe, the good attendant, brought him a whisky punch; he saw the strawberries float on the delectable cup, he heard the ice chink about the straws. And then he woke again to his detested fate, and found himself sitting, humped together, in a windy combe of quarry refuse—darkness thick about him, thin flakes of snow flying here and there like rags of paper, and the strong shuddering of his body clashing his teeth like a hiccough.",0,0,4.8436832e-05,Human,False,False
"“Hadn’t you better come and ask yourself?” she asked, demurely. The young fellow seemed pleased at the suggestion, and his dark eyes sparkled with pleasure. “I’ll do so,” he said, “we’ve been in the mountains for two months, and are not over and above in visiting condition. He must take us as he finds us.” “He has a good deal to thank you for, and so have I,” she answered, “he’s awful fond of me. If those cows had jumped on me he’d have never got over it.” “Neither would I,” said her companion. “You! Well, I don’t see that it would make much matter to you, anyhow. You ain’t even a friend of ours.”",0,0,7.679402e-06,Human,False,False
"“I have been working in that get-up all day,” said he, lighting his cigar. “You see, a good many of the criminal classes begin to know me,—especially since our friend here took to publishing some of my cases: so I can only go on the war-path under some simple disguise like this. You got my wire?” “Yes; that was what brought me here.” “How has your case prospered?” “It has all come to nothing. I have had to release two of my prisoners, and there is no evidence against the other two.” “Never mind. We shall give you two others in the place of them. But you must put yourself under my orders. You are welcome to all the official credit, but you must act on the line that I point out. Is that agreed?”",0,0,1.11057425e-05,Human,False,False
"“What is it?” we both cried. I could see as he looked down that he was repressing some internal emotion. His features were still composed, but his eyes shone with amused exultation. “Excuse the admiration of a connoisseur,” said he as he waved his hand towards the line of portraits which covered the opposite wall. “Watson won’t allow that I know anything of art but that is mere jealousy because our views upon the subject differ. Now, these are a really very fine series of portraits.” “Well, I’m glad to hear you say so,” said Sir Henry, glancing with some surprise at my friend. “I don’t pretend to know much about these things, and I’d be a better judge of a horse or a steer than of a picture. I didn’t know that you found time for such things.”",0,0,1.2785268e-05,Human,False,False
"“You are an educated man. You don’t believe such nonsense as that?” said I. “What do you think is the cause of so strange a sound?” “Bogs make queer noises sometimes. It’s the mud settling, or the water rising, or something.” “No, no, that was a living voice.” “Well, perhaps it was. Did you ever hear a bittern booming?” “It’s a very rare bird—practically extinct—in England now, but all things are possible upon the moor. Yes, I should not be surprised to learn that what we have heard is the cry of the last of the bitterns.” “It’s the weirdest, strangest thing that ever I heard in my life.”",0,0,2.2965867e-05,Human,False,False
"“Well, very soon I found that I was saving considerable sums of money. I do not mean that any beggar in the streets of London could earn £ 700 a year—which is less than my average takings—but I had exceptional advantages in my power of making up, and also in a facility of repartee, which improved by practice and made me quite a recognised character in the City. All day a stream of pennies, varied by silver, poured in upon me, and it was a very bad day in which I failed to take £ 2. “As I grew richer I grew more ambitious, took a house in the country, and eventually married, without anyone having a suspicion as to my real occupation. My dear wife knew that I had business in the City. She little knew what.",0,0,1.1946228e-05,Human,False,False
"So there is one of our small mysteries cleared up. It is something to have touched bottom anywhere in this bog in which we are floundering. We know now why Stapleton looked with disfavour upon his sister’s suitor—even when that suitor was so eligible a one as Sir Henry. And now I pass on to another thread which I have extricated out of the tangled skein, the mystery of the sobs in the night, of the tear-stained face of Mrs. Barrymore, of the secret journey of the butler to the western lattice window. Congratulate me, my dear Holmes, and tell me that I have not disappointed you as an agent—that you do not regret the confidence which you showed in me when you sent me down. All these things have by one night’s work been thoroughly cleared.",0,0,0.00034209833,Human,False,False
"“But this is marvellous. It might be his portrait.” “Yes, it is an interesting instance of a throwback, which appears to be both physical and spiritual. A study of family portraits is enough to convert a man to the doctrine of reincarnation. The fellow is a Baskerville—that is evident.” “With designs upon the succession.” “Exactly. This chance of the picture has supplied us with one of our most obvious missing links. We have him, Watson, we have him, and I dare swear that before tomorrow night he will be fluttering in our net as helpless as one of his own butterflies. A pin, a cork, and a card, and we add him to the Baker Street collection!” He burst into one of his rare fits of laughter as he turned away from the picture. I have not heard him laugh often, and it has always boded ill to somebody.",0,0,3.821734e-05,Human,False,False
"The spade struck wood. A hollow, final sound in the dead of night. His heart leaped into his throat, a frantic bird in a cage of ribs. This was unhallowed work, a sin that stained the very soul. The moon was a sliver of bone in the sky, offering no comfort, only a pale and judging light. Every gust of wind through the yews sounded like a pursuing footstep. He worked the crowbar with desperate haste, the cheap pine splintering with a groan. A foul air rose from the dark. He did not look. He dared not. His hands, clumsy with dread, found their cold prize and he hauled the grim bundle into the open air. Then he fled, scrambling over the low stone wall, the dreadful weight on his back a testament to his own damnation.",1,1,0.9994573,Robert Louis Stevenson,False,False
"“But, my dear Mrs. Smith,” said Holmes, shrugging his shoulders, “You are frightening yourself about nothing. How could you possibly tell that it was the wooden-legged man who came in the night? I don’t quite understand how you can be so sure.” “His voice, sir. I knew his voice, which is kind o’ thick and foggy. He tapped at the winder,—about three it would be. ‘Show a leg, matey,’ says he: ‘time to turn out guard.’ My old man woke up Jim,—that’s my eldest,—and away they went, without so much as a word to me. I could hear the wooden leg clackin’ on the stones.”",0,0,4.5133347e-06,Human,False,False
"The curse of ancestry is not a shouted hex or a spectral haunting, but a silent, creeping inheritance. It lives in the architecture of the bones, the specific curve of a smile that falters too quickly, the same shade of melancholy that pools in the eyes. One can trace its insidious path back through faded daguerreotypes, seeing the same weary slope of the shoulders on a great-grandfather, hearing the echo of a forebear's short temper in one's own sharp reply. It is a phantom thread woven into the very fabric of being, an inescapable melody played on the marrow, dictating predispositions and steering choices towards familiar, often tragic, conclusions. To bear it is to feel the weight of unremembered sins and to fight a battle against a self that is not entirely your own, a shadow cast by generations long turned to dust.",1,1,0.99997807,AI_Generic,False,False
"All this, however, is foreign to the mission on which you sent me and will probably be very uninteresting to your severely practical mind. I can still remember your complete indifference as to whether the sun moved round the earth or the earth round the sun. Let me, therefore, return to the facts concerning Sir Henry Baskerville. If you have not had any report within the last few days it is because up to today there was nothing of importance to relate. Then a very surprising circumstance occurred, which I shall tell you in due course. But, first of all, I must keep you in touch with some of the other factors in the situation.",0,0,5.560827e-05,Human,False,False
"He took off his hat, and moved mechanically toward the stand; and there he found a small change that was a great one to him. The pin that had been his from boyhood, where he had flung his balmoral when he loitered home from the Academy, and his first hat when he came briskly back from college or the office—his pin was occupied. ‘They might have at least respected my pin!’ he thought, and he was moved as by a slight, and began at once to recollect that he was here an interloper, in a strange house, which he had entered almost by a burglary, and where at any moment he might be scandalously challenged.",0,0,1.7626344e-05,Human,False,False
"“The only unofficial detective?” I said, raising my eyebrows. “The only unofficial consulting detective,” he answered. “I am the last and highest court of appeal in detection. When Gregson or Lestrade or Athelney Jones are out of their depths—which, by the way, is their normal state—the matter is laid before me. I examine the data, as an expert, and pronounce a specialist’s opinion. I claim no credit in such cases. My name figures in no newspaper. The work itself, the pleasure of finding a field for my peculiar powers, is my highest reward. But you have yourself had some experience of my methods of work in the Jefferson Hope case.”",0,0,0.0001122948,Human,False,False
"A short walk brought us to it, a bleak moorland house, once the farm of some grazier in the old prosperous days, but now put into repair and turned into a modern dwelling. An orchard surrounded it, but the trees, as is usual upon the moor, were stunted and nipped, and the effect of the whole place was mean and melancholy. We were admitted by a strange, wizened, rusty-coated old manservant, who seemed in keeping with the house. Inside, however, there were large rooms furnished with an elegance in which I seemed to recognize the taste of the lady. As I looked from their windows at the interminable granite-flecked moor rolling unbroken to the farthest horizon I could not but marvel at what could have brought this highly educated man and this beautiful woman to live in such a place.",0,0,0.0024413606,Human,False,False
"It seems, however, that there must have been some short cut for those who knew it, for before I had reached the road I was astounded to see Miss Stapleton sitting upon a rock by the side of the track. Her face was beautifully flushed with her exertions and she held her hand to her side. “I have run all the way in order to cut you off, Dr. Watson,” said she. “I had not even time to put on my hat. I must not stop, or my brother may miss me. I wanted to say to you how sorry I am about the stupid mistake I made in thinking that you were Sir Henry. Please forget the words I said, which have no application whatever to you.”",0,0,2.0250725e-05,Human,False,False
"Shall we forever cast Science as the grim besieger of some shadowy fortress of the Unknown? For my own part, I see no such dreary conflict, but rather a most cheerful and spirited dance. Science, with its bright and steady lantern, steps forward not to conquer, but to illuminate; it ventures into the gloaming not with a sword, but with a measuring-rod and a hopeful heart. The Unexplained is merely that vast and starlit sea of what is yet-to-be-known, a boundless territory for the adventurous human spirit. Each mystery it unravels is not a foe defeated, but a new horizon gained, a fresh vantage from which our souls may glimpse still grander wonders yet to come. It is a grand and endless adventure, and my own heart leaps to see it so.",1,1,0.9998677,Robert Louis Stevenson,False,False
"The lawyer stood awhile when Mr. Hyde had left him, the picture of disquietude. Then he began slowly to mount the street, pausing every step or two and putting his hand to his brow like a man in mental perplexity. The problem he was thus debating as he walked, was one of a class that is rarely solved. Mr. Hyde was pale and dwarfish, he gave an impression of deformity without any nameable malformation, he had a displeasing smile, he had borne himself to the lawyer with a sort of murderous mixture of timidity and boldness, and he spoke with a husky, whispering and somewhat broken voice; all these were points against him, but not all of these together could explain the hitherto unknown disgust, loathing, and fear with which Mr. Utterson regarded him. “There must be something else,” said the perplexed gentleman. “There is something more, if I could find a name for it. God bless me, the man seems hardly human! Something troglodytic, shall we say? or can it be the old story of Dr. Fell? or is it the mere radiance of a foul soul that thus transpires through, and transfigures, its clay continent? The last, I think; for, O my poor old Harry Jekyll, if ever I read Satan’s signature upon a face, it is on that of your new friend.”",0,0,5.4649805e-05,Human,False,False
"It is a most singular and somber reflection that the passage of years, which softens so many sorrows, does little to erase the stain of a determined transgression; a gentleman might build for himself a life of unimpeachable repute, surrounding himself with the comforts of a prosperous present, and yet remain wholly unaware of the inexorable spectre that stalks him from the half-forgotten annals of his own history. For vengeance is rarely an affair of passionate haste, but rather a debt of long and patient standing, which gathers its terrible interest in the silent corridors of time, awaiting only the precise moment for collection. Thus, the shadow of some youthful folly, long thought banished to the realm of memory, may lengthen with the setting sun of a man's life, until it solidifies at last into a figure of grim and final retribution.",1,1,0.9999436,Arthur Conan Doyle,False,False
"The grooms eyebrows rose as he received the order for the pony-phaeton, and kept rising during all his preparations. Esther stood bolt upright and looked steadily at some chickens in the corner of the yard. Master Richard himself, thought the groom, was not in his ordinary; for in truth, he carried the hand-bag like a talisman, and either stood listless, or set off suddenly walking in one direction after another with brisk, decisive footsteps. Moreover he had apparently neglected to wash his hands, and bore the air of one returning from a prolonged nutting ramble. Upon the groom’s countenance there began to grow up an expression as of one about to whistle. And hardly had the carriage turned the corner and rattled into the high road with this inexplicable pair, than the whistle broke forth—prolonged, and low and tremulous; and the groom, already so far relieved, vented the rest of his surprise in one simple English word, friendly to the mouth of Jack-tar and the sooty pitman, and hurried to spread the news round the servants’ hall of Naseby House. Luncheon would be on the table in little beyond an hour; and the Squire, on sitting down, would hardly fail to ask for Master Richard. Hence, as the intelligent reader can foresee, this groom has a part to play in the imbroglio.",0,0,1.7588527e-05,Human,False,False
"“From a drop of water,” said the writer, “a logician could infer the possibility of an Atlantic or a Niagara without having seen or heard of one or the other. So all life is a great chain, the nature of which is known whenever we are shown a single link of it. Like all other arts, the Science of Deduction and Analysis is one which can only be acquired by long and patient study nor, is life long enough to allow any mortal to attain the highest possible perfection in it. Before turning to those moral and mental aspects of the matter which present the greatest difficulties, let the enquirer begin by mastering more elementary problems. Let him, on meeting a fellow-mortal, learn at a glance to distinguish the history of the man, and the trade or profession to which he belongs. Puerile as such an exercise may seem, it sharpens the faculties of observation, and teaches one where to look and what to look for. By a man’s finger nails, by his coat-sleeve, by his boot, by his trouser knees, by the callosities of his forefinger and thumb, by his expression, by his shirt cuffs—by each of these things a man’s calling is plainly revealed. That all united should fail to enlighten the competent enquirer in any case is almost inconceivable.”",0,0,0.0006305243,Human,False,False
"It was his first impulse to drop into the bottom of the cab; his next, to cover his face with his hands. So he sat, while the cabman toasted the publican, and the publican toasted the cabman, and both reviewed the affairs of the nation; so he still sat, when his master condescended to return, and drive off at last down-hill, along the curve of Lynedoch Place; but even so sitting, as he passed the end of his father’s street, he took one glance from between shielding fingers, and beheld a doctor’s carriage at the door. ‘Well, just so,’ thought he; ‘I’ll have killed my father! And this is Christmas-day!’",0,0,7.5576263e-06,Human,False,False
"“‘My sole duties, then,’ I asked, ‘are to take charge of a single child?’ “‘No, no, not the sole, not the sole, my dear young lady,’ he cried. ‘Your duty would be, as I am sure your good sense would suggest, to obey any little commands my wife might give, provided always that they were such commands as a lady might with propriety obey. You see no difficulty, heh?’ “‘I should be happy to make myself useful.’ “‘Quite so. In dress now, for example. We are faddy people, you know—faddy but kind-hearted. If you were asked to wear any dress which we might give you, you would not object to our little whim. Heh?’",0,0,6.561416e-06,Human,False,False
"“What will you do, then?” “Oh, I have my hand upon him. He and the two mates, are as I learn, the only native-born Americans in the ship. The others are Finns and Germans. I know, also, that they were all three away from the ship last night. I had it from the stevedore who has been loading their cargo. By the time that their sailing-ship reaches Savannah the mail-boat will have carried this letter, and the cable will have informed the police of Savannah that these three gentlemen are badly wanted here upon a charge of murder.” There is ever a flaw, however, in the best laid of human plans, and the murderers of John Openshaw were never to receive the orange pips which would show them that another, as cunning and as resolute as themselves, was upon their track. Very long and very severe were the equinoctial gales that year. We waited long for news of the _Lone Star_ of Savannah, but none ever reached us. We did at last hear that somewhere far out in the Atlantic a shattered stern-post of a boat was seen swinging in the trough of a wave, with the letters “L. S.” carved upon it, and that is all which we shall ever know of the fate of the _Lone Star_.",0,0,1.3492132e-05,Human,False,False
"I have come to view the soul of a man not as a fortress of moral principle, but as a wild and treacherous river. On its surface, for a time, it may mirror the heavens, reflecting the virtues of civility and good fellowship with a placid, shimmering grace. But this is a mere deception, a pleasant lie for the benefit of passing boatmen. Beneath that sun-kissed veneer stirs a cold and muddy undercurrent, a pull of base appetites and brutish impulse, waiting only for the proper storm. Let but the rains of opportunity or desperation fall, and this gentle stream swells into a raging, indiscriminate torrent, scouring the banks of decency and tearing down all that was carefully built, leaving behind only the primitive muck whence it was truly formed.",1,1,0.99992144,Robert Louis Stevenson,False,False
"I often find my steps returning to this quiet corner of the kirkyard, where the memory of old Mr Abernathy lies heavier than his stone. We had thought his troubles done and his long account with this world settled in peace, under the watchful yew. But a viler commerce than any he had known in life followed him even here; his grave was overturned in the dark by some profane industry, the clay still raw and gaping at the dawn. It was a second dying, in a way, for it murdered not the man himself, but our memory of his quiet passage into rest. What a dreadful theft it is, to steal from a soul its final, silent dignity and leave only the shadow of a sack and a shovel in its place, a vulgar postscript to a life well-lived.",1,1,0.9989034,Robert Louis Stevenson,False,False
"Is there any art more practiced, and yet more misunderstood, than that of the human countenance? Consider the esteemed Sir Reginald Atherton, whose benevolent smile and immaculate dress bespoke a life of charity and public service. Yet, to the trained eye, a certain falseness could be detected. The smile, though broad, never quite reached the cold calculation of his eyes, and a minute, almost imperceptible tremor in his left hand betrayed a nervous system stretched to its very breaking point. The world saw a philanthropist, a pillar of society; a more discerning observer, however, might perceive the carefully constructed façade of a man haunted by some desperate, unspeakable secret. For it is in these trifling inconsistencies—the details overlooked by the common man—that the truth, like a serpent in the grass, inevitably reveals itself.",1,1,0.9999355,Arthur Conan Doyle,False,False
"His fingers flew, frantic amongst the yellowed stacks of vellum, the dry rustle of parchment a sibilant whisper against the gale that rattled the windowpanes. The very air in the study had grown thick, cloying with the dust of ages and a faint, acrid smell like burnt hair that caught in the back of his throat. He dared a glance at the portrait of his great-grandfather, whose painted eyes seemed to glint with a damnable, knowing malice in the flickering gaslight. A cold sweat beaded on his brow as his own heart hammered a frantic tattoo against his ribs—a sound so loud it nearly drowned out the furious scratching of his quill. It was here, in this ink and paper, a malevolent inheritance passed down like the family silver, and its chill was already creeping into his bones.",1,1,0.99965954,Arthur Conan Doyle,False,False
"The concept of an ancestral curse extends beyond supernatural folklore, manifesting in tangible, real-world inheritances. It represents the inescapable legacy of a bloodline, a burden passed down through generations without consent. This inheritance can be biological, taking the form of genetic predispositions to illness or psychological conditions. It can also be socio-historical, where the actions, debts, or reputation of one's forebears cast a long shadow over their descendants' lives, influencing their opportunities and social standing. Furthermore, the curse can be psychological, a cycle of unresolved trauma and dysfunctional behavioral patterns that are subtly transmitted from parent to child. Ultimately, the curse of ancestry is the acknowledgment that individuals do not begin with a blank slate, but are instead profoundly shaped by the biological, social, and emotional histories they inherit, often grappling with the consequences of a past that is not their own.",1,1,0.9999392,AI_Generic,False,False
"“The two McCarthys were seen after the time when William Crowder, the game-keeper, lost sight of them. The Boscombe Pool is thickly wooded round, with just a fringe of grass and of reeds round the edge. A girl of fourteen, Patience Moran, who is the daughter of the lodge-keeper of the Boscombe Valley estate, was in one of the woods picking flowers. She states that while she was there she saw, at the border of the wood and close by the lake, Mr. McCarthy and his son, and that they appeared to be having a violent quarrel. She heard Mr. McCarthy the elder using very strong language to his son, and she saw the latter raise up his hand as if to strike his father. She was so frightened by their violence that she ran away and told her mother when she reached home that she had left the two McCarthys quarrelling near Boscombe Pool, and that she was afraid that they were going to fight. She had hardly said the words when young Mr. McCarthy came running up to the lodge to say that he had found his father dead in the wood, and to ask for the help of the lodge-keeper. He was much excited, without either his gun or his hat, and his right hand and sleeve were observed to be stained with fresh blood. On following him they found the dead body stretched out upon the grass beside the pool. The head had been beaten in by repeated blows of some heavy and blunt weapon. The injuries were such as might very well have been inflicted by the butt-end of his son’s gun, which was found lying on the grass within a few paces of the body. Under these circumstances the young man was instantly arrested, and a verdict of ‘wilful murder’ having been returned at the inquest on Tuesday, he was on Wednesday brought before the magistrates at Ross, who have referred the case to the next Assizes. Those are the main facts of the case as they came out before the coroner and the police-court.”",0,0,1.1053301e-05,Human,False,False
"Few lads could have been more insensible to the impressions of a life thus passed among the ensigns of mortality. His mind was closed against all general considerations. He was incapable of interest in the fate and fortunes of another, the slave of his own desires and low ambitions. Cold, light, and selfish in the last resort, he had that modicum of prudence, miscalled morality, which keeps a man from inconvenient drunkenness or punishable theft. He coveted, besides, a measure of consideration from his masters and his fellow-pupils, and he had no desire to fail conspicuously in the external parts of life. Thus he made it his pleasure to gain some distinction in his studies, and day after day rendered unimpeachable eye-service to his employer, Mr. K—. For his day of work he indemnified himself by nights of roaring, blackguardly enjoyment; and when that balance had been struck, the organ that he called his conscience declared itself content.",0,0,0.00037747054,Human,False,False
"There comes an end to all things; the most capacious measure is filled at last; and this brief condescension to evil finally destroyed the balance of my soul. And yet I was not alarmed; the fall seemed natural, like a return to the old days before I had made discovery. It was a fine, clear, January day, wet under foot where the frost had melted, but cloudless overhead; and the Regent’s Park was full of winter chirrupings and sweet with spring odours. I sat in the sun on a bench; the animal within me licking the chops of memory; the spiritual side a little drowsed, promising subsequent penitence, but not yet moved to begin. After all, I reflected, I was like my neighbours; and then I smiled, comparing myself with other men, comparing my active goodwill with the lazy cruelty of their neglect. And at the very moment of that vain-glorious thought, a qualm came over me, a horrid nausea and the most deadly shuddering. These passed away, and left me faint; and then as in its turn the faintness subsided, I began to be aware of a change in the temper of my thoughts, a greater boldness, a contempt of danger, a solution of the bonds of obligation. I looked down; my clothes hung formlessly on my shrunken limbs; the hand that lay on my knee was corded and hairy. I was once more Edward Hyde. A moment before I had been safe of all men’s respect, wealthy, beloved—the cloth laying for me in the dining-room at home; and now I was the common quarry of mankind, hunted, houseless, a known murderer, thrall to the gallows.",0,0,0.00012712216,Human,False,False
"“Only one little item in another of the morning papers, but it is a suggestive one.” “That Miss Flora Millar, the lady who had caused the disturbance, has actually been arrested. It appears that she was formerly a _danseuse_ at the Allegro, and that she has known the bridegroom for some years. There are no further particulars, and the whole case is in your hands now—so far as it has been set forth in the public press.” “And an exceedingly interesting case it appears to be. I would not have missed it for worlds. But there is a ring at the bell, Watson, and as the clock makes it a few minutes after four, I have no doubt that this will prove to be our noble client. Do not dream of going, Watson, for I very much prefer having a witness, if only as a check to my own memory.”",0,0,2.2709613e-05,Human,False,False
"The concept of 'The Curse of Ancestry' refers to the inherited burdens, both tangible and intangible, that are passed down through generations. This extends beyond simple genetic predispositions for physical or mental health conditions, encompassing a complex web of psychological and socioeconomic factors. It can manifest as cyclical trauma, where unresolved pain and maladaptive coping mechanisms are unconsciously transmitted, or as the weight of a family's historical reputation and societal standing. Individuals may find their opportunities, belief systems, and emotional landscapes shaped by these inherited scripts, often struggling against patterns they did not create. Ultimately, this 'curse' is not a malevolent force but a profound acknowledgment of how the unexamined lives and unresolved issues of our predecessors continue to exert a powerful influence, creating challenges that each new generation must confront and navigate.",1,1,0.99992883,AI_Generic,False,False
"Sir Henry clutched the crumbling ledger. A dreadful understanding dawned in his eyes. This was no common villainy. It was not a matter for Scotland Yard. The evil was older, deeper. It lived in his own blood. He saw the ghastly pattern now—the uncle lost to madness, the father to a sudden, violent despair. This was the curse of his line, a fiendish inheritance passed from one generation to the next. He felt its chill touch his very soul, a dark and ancient impulse stirring from its slumber. The portrait of his ancestor, the wicked Hugo, seemed to sneer from the canvas. The same wild glint was in its eye. He was trapped. The past was not a ghost to be exorcised; it was a poison in the marrow of his bones.",1,1,0.9999392,Arthur Conan Doyle,False,False
"The Science of Deduction is a methodical approach to reasoning that moves from general principles to specific, logically certain conclusions. It begins with comprehensive and unbiased observation, where all available data and minute details are meticulously collected and examined. This information is then analyzed and synthesized, connecting the specific observations to a broader framework of established facts and general knowledge. The core of the process involves applying logical inference to eliminate possibilities that contradict the evidence. By systematically ruling out what is impossible, the practitioner narrows the field of potential explanations. Ultimately, what remains, no matter how improbable it may seem, must be the correct conclusion. This rigorous process is designed to deconstruct complex problems and arrive at a verifiable truth based purely on logical necessity and empirical evidence.",1,1,0.9997378,AI_Generic,False,False
"A terrible scream—a prolonged yell of horror and anguish—burst out of the silence of the moor. That frightful cry turned the blood to ice in my veins. “Oh, my God!” I gasped. “What is it? What does it mean?” Holmes had sprung to his feet, and I saw his dark, athletic outline at the door of the hut, his shoulders stooping, his head thrust forward, his face peering into the darkness. “Hush!” he whispered. “Hush!” The cry had been loud on account of its vehemence, but it had pealed out from somewhere far off on the shadowy plain. Now it burst upon our ears, nearer, louder, more urgent than before.",0,0,0.019858481,Human,False,False
"The man of learning held to a single lamp in the world's great darkness. That lamp was reason. He trusted the lens and the measured scale; all else he dismissed as the province of fancy. Yet, some phenomena recoiled from his touch. There were whispers that defied the ear and premonitions that mocked the clock. His anatomy could map the brain, but not the dark country of the soul whence such phantoms came. Here was a province where the scalpel was useless; a malady for which no physic existed. Logic dictated such things were but vapours of an unsound mind. Still, the spirit within him knew otherwise. He stood upon the bright precipice of the known, and from the chasm below, the unexplained stared back, patient and terrible.",1,1,0.9998915,Robert Louis Stevenson,False,False
"By this, John had his hand upon the shutters, and flinging them back, beheld once again the blessed face of the day. Even by that light the room had a discomfortable air. The chairs were scattered, and one had been overthrown; the table-cloth, laid as if for dinner, was twitched upon one side, and some of the dishes had fallen to the floor. Behind the table lay the drunkard, still unaroused, only one foot visible to John. But now that light was in the room, the worst seemed over; it was a disgusting business, but not more than disgusting; and it was with no great apprehension that John proceeded to make the circuit of the table: his last comparatively tranquil moment for that day. No sooner had he turned the corner, no sooner had his eyes alighted on the body, than he gave a smothered, breathless cry, and fled out of the room and out of the house.",0,0,9.061115e-05,Human,False,False
"“We are coming now rather into the region of guesswork,” said Dr. Mortimer. “Say, rather, into the region where we balance probabilities and choose the most likely. It is the scientific use of the imagination, but we have always some material basis on which to start our speculation. Now, you would call it a guess, no doubt, but I am almost certain that this address has been written in a hotel.” “How in the world can you say that?” “If you examine it carefully you will see that both the pen and the ink have given the writer trouble. The pen has spluttered twice in a single word and has run dry three times in a short address, showing that there was very little ink in the bottle. Now, a private pen or ink-bottle is seldom allowed to be in such a state, and the combination of the two must be quite rare. But you know the hotel ink and the hotel pen, where it is rare to get anything else. Yes, I have very little hesitation in saying that could we examine the waste-paper baskets of the hotels around Charing Cross until we found the remains of the mutilated _Times_ leader we could lay our hands straight upon the person who sent this singular message. Halloa! Halloa! What’s this?”",0,0,1.3242952e-05,Human,False,False
"The Science of Deduction is a systematic method of reasoning that moves from observation to a specific, logical conclusion. Popularized by the fictional character Sherlock Holmes, it is fundamentally an application of abductive and inductive reasoning, rather than pure deduction alone. The process begins with meticulous and unbiased observation, gathering all available facts and details, no matter how seemingly trivial. From this collection of evidence, various hypotheses are formed to explain the situation. Each hypothesis is then rigorously tested against the facts. Those that are inconsistent with the evidence are discarded, following the principle of eliminating the impossible. What remains, however improbable it may initially seem, is accepted as the most plausible truth. This analytical approach transforms a complex problem into a series of logical steps, allowing one to draw accurate inferences from a given set of circumstances.",1,1,0.99958473,AI_Generic,False,False
"At this, I raised myself in bed, and opened my heart to the old man; telling him of our love and of her decision, owning my own horrors, my own passing fancies, but telling him that these were at an end; and with something more than a purely formal submission, appealing to his judgment. He heard me very patiently and without surprise; and when I had done, he sat for some time silent. Then he began: “The church,” and instantly broke off again to apologise. “I had forgotten, my child, that you were not a Christian,” said he. “And indeed, upon a point so highly unusual, even the church can scarce be said to have decided. But would you have my opinion? The Senorita is, in a matter of this kind, the best judge; I would accept her judgment.”",0,0,1.5800482e-05,Human,False,False
"‘Doctor Macfarlane,’ said the landlord. Fettes was far through his third tumbler, stupidly fuddled, now nodding over, now staring mazily around him; but at the last word he seemed to awaken, and repeated the name ‘Macfarlane’ twice, quietly enough the first time, but with sudden emotion at the second. ‘Yes,’ said the landlord, ‘that’s his name, Doctor Wolfe Macfarlane.’ Fettes became instantly sober; his eyes awoke, his voice became clear, loud, and steady, his language forcible and earnest. We were all startled by the transformation, as if a man had risen from the dead. ‘I beg your pardon,’ he said, ‘I am afraid I have not been paying much attention to your talk. Who is this Wolfe Macfarlane?’ And then, when he had heard the landlord out, ‘It cannot be, it cannot be,’ he added; ‘and yet I would like well to see him face to face.’",0,0,7.437903e-06,Human,False,False
"“I give you my word on that,” she answered. He gave a shrill whistle, on which a street Arab led across a four-wheeler and opened the door. The man who had addressed us mounted to the box, while we took our places inside. We had hardly done so before the driver whipped up his horse, and we plunged away at a furious pace through the foggy streets. The situation was a curious one. We were driving to an unknown place, on an unknown errand. Yet our invitation was either a complete hoax,—which was an inconceivable hypothesis,—or else we had good reason to think that important issues might hang upon our journey. Miss Morstan’s demeanor was as resolute and collected as ever. I endeavored to cheer and amuse her by reminiscences of my adventures in Afghanistan; but, to tell the truth, I was myself so excited at our situation and so curious as to our destination that my stories were slightly involved. To this day she declares that I told her one moving anecdote as to how a musket looked into my tent at the dead of night, and how I fired a double-barrelled tiger cub at it. At first I had some idea as to the direction in which we were driving; but soon, what with our pace, the fog, and my own limited knowledge of London, I lost my bearings, and knew nothing, save that we seemed to be going a very long way. Sherlock Holmes was never at fault, however, and he muttered the names as the cab rattled through squares and in and out by tortuous by-streets.",0,0,1.478286e-05,Human,False,False
"Let a man believe, if he is so inclined, that the indiscretions of his youth are but ephemeral scribblings upon the great ledger of time, for it is a common and comforting delusion amongst those whose pasts will not bear close scrutiny. Such a fellow, having prospered notwithstanding some long-buried transgression, imagines himself secure behind the ramparts of wealth and reputation, little knowing that the most patient of creditors is a grievance left to fester in a wronged man’s heart. Vengeance, when it at last arrives, comes not with the thunderclap of righteous fury but as the quiet, inexorable turning of a key in a lock long thought rusted shut; it is a sordid and mechanical affair, the final, predictable spasm of an old poison, demonstrating with tiresome clarity that the most dangerous spectre is not one from the charnel house, but from a chapter one foolishly believed was closed for good.",1,1,0.9999057,Arthur Conan Doyle,False,False
"“Well, I followed you to your door, and so made sure that I was really an object of interest to the celebrated Mr. Sherlock Holmes. Then I, rather imprudently, wished you good-night, and started for the Temple to see my husband. “We both thought the best resource was flight, when pursued by so formidable an antagonist; so you will find the nest empty when you call to-morrow. As to the photograph, your client may rest in peace. I love and am loved by a better man than he. The King may do what he will without hindrance from one whom he has cruelly wronged. I keep it only to safeguard myself, and to preserve a weapon which will always secure me from any steps which he might take in the future. I leave a photograph which he might care to possess; and I remain, dear Mr. Sherlock Holmes,",0,0,3.0834377e-05,Human,False,False
"Vengeance from the past is a narrative theme centered on the delayed repercussions of a historical transgression. This concept explores how unresolved conflicts, betrayals, or injustices, long thought buried, can resurface to exact a toll on the present. Often, the catalyst is an individual or group seeking retribution for a grievance that was never properly addressed. The targets of this vengeance may be the original perpetrators or, in many cases, their descendants, who inherit the consequences of actions they did not commit. This narrative device serves to underscore the inescapable influence of history and the idea that moral and social debts eventually come due. It highlights a cyclical nature of conflict, where the failure to achieve justice in one era directly fuels the turmoil of another, compelling present-day characters to confront a legacy they may not have created.",1,1,0.99993014,AI_Generic,False,False
"“No, no, nothing of the kind. It is perhaps the best possible solution. I trust, Mr. Holder, that you are nearing the end of your troubles.” “Ha! You say so! You have heard something, Mr. Holmes; you have learned something! Where are the gems?” “You would not think £ 1000 apiece an excessive sum for them?” “That would be unnecessary. Three thousand will cover the matter. And there is a little reward, I fancy. Have you your cheque-book? Here is a pen. Better make it out for £ 4000.” With a dazed face the banker made out the required check. Holmes walked over to his desk, took out a little triangular piece of gold with three gems in it, and threw it down upon the table.",0,0,1.9765128e-05,Human,False,False
"“It would be a great pleasure to me.” “Rather an irregular proceeding,” said Jones, shaking his head. “However, the whole thing is irregular, and I suppose we must wink at it. The treasure must afterwards be handed over to the authorities until after the official investigation.” “Certainly. That is easily managed. One other point. I should much like to have a few details about this matter from the lips of Jonathan Small himself. You know I like to work the detail of my cases out. There is no objection to my having an unofficial interview with him, either here in my rooms or elsewhere, as long as he is efficiently guarded?”",0,0,1.8981797e-05,Human,False,False
"“‘Consider, Sahib,’ said he, ‘that if this man is taken by the commandant he will be hung or shot, and his jewels taken by the government, so that no man will be a rupee the better for them. Now, since we do the taking of him, why should we not do the rest as well? The jewels will be as well with us as in the Company’s coffers. There will be enough to make every one of us rich men and great chiefs. No one can know about the matter, for here we are cut off from all men. What could be better for the purpose? Say again, then, Sahib, whether you are with us, or if we must look upon you as an enemy.’",0,0,1.4188888e-05,Human,False,False
"I must have stared upon it for near half a minute, sunk as I was in the mere stupidity of wonder, before terror woke up in my breast as sudden and startling as the crash of cymbals; and bounding from my bed, I rushed to the mirror. At the sight that met my eyes, my blood was changed into something exquisitely thin and icy. Yes, I had gone to bed Henry Jekyll, I had awakened Edward Hyde. How was this to be explained? I asked myself, and then, with another bound of terror—how was it to be remedied? It was well on in the morning; the servants were up; all my drugs were in the cabinet—a long journey down two pairs of stairs, through the back passage, across the open court and through the anatomical theatre, from where I was then standing horror-struck. It might indeed be possible to cover my face; but of what use was that, when I was unable to conceal the alteration in my stature? And then with an overpowering sweetness of relief, it came back upon my mind that the servants were already used to the coming and going of my second self. I had soon dressed, as well as I was able, in clothes of my own size: had soon passed through the house, where Bradshaw stared and drew back at seeing Mr. Hyde at such an hour and in such a strange array; and ten minutes later, Dr. Jekyll had returned to his own shape and was sitting down, with a darkened brow, to make a feint of breakfasting.",0,0,2.1021715e-05,Human,False,False
"Young speedily proved himself to be a skilful administrator as well as a resolute chief. Maps were drawn and charts prepared, in which the future city was sketched out. All around farms were apportioned and allotted in proportion to the standing of each individual. The tradesman was put to his trade and the artisan to his calling. In the town streets and squares sprang up, as if by magic. In the country there was draining and hedging, planting and clearing, until the next summer saw the whole country golden with the wheat crop. Everything prospered in the strange settlement. Above all, the great temple which they had erected in the centre of the city grew ever taller and larger. From the first blush of dawn until the closing of the twilight, the clatter of the hammer and the rasp of the saw was never absent from the monument which the immigrants erected to Him who had led them safe through many dangers.",0,0,0.016439993,Human,False,False
"Barrymore was crouching at the window with the candle held against the glass. His profile was half turned towards me, and his face seemed to be rigid with expectation as he stared out into the blackness of the moor. For some minutes he stood watching intently. Then he gave a deep groan and with an impatient gesture he put out the light. Instantly I made my way back to my room, and very shortly came the stealthy steps passing once more upon their return journey. Long afterwards when I had fallen into a light sleep I heard a key turn somewhere in a lock, but I could not tell whence the sound came. What it all means I cannot guess, but there is some secret business going on in this house of gloom which sooner or later we shall get to the bottom of. I do not trouble you with my theories, for you asked me to furnish you only with facts. I have had a long talk with Sir Henry this morning, and we have made a plan of campaign founded upon my observations of last night. I will not speak about it just now, but it should make my next report interesting reading.",0,0,2.7968073e-05,Human,False,False
"“No, I do not think so. I think that there was probably some more tangible cause. And now, Miss Stoner, we must leave you for if Dr. Roylott returned and saw us our journey would be in vain. Good-bye, and be brave, for if you will do what I have told you, you may rest assured that we shall soon drive away the dangers that threaten you.” Sherlock Holmes and I had no difficulty in engaging a bedroom and sitting-room at the Crown Inn. They were on the upper floor, and from our window we could command a view of the avenue gate, and of the inhabited wing of Stoke Moran Manor House. At dusk we saw Dr. Grimesby Roylott drive past, his huge form looming up beside the little figure of the lad who drove him. The boy had some slight difficulty in undoing the heavy iron gates, and we heard the hoarse roar of the Doctor’s voice and saw the fury with which he shook his clinched fists at him. The trap drove on, and a few minutes later we saw a sudden light spring up among the trees as the lamp was lit in one of the sitting-rooms.",0,0,1.9943736e-05,Human,False,False
"It was thus, with no rising sense of the adventurous, but in mere desolation and despair, that he turned his back on his native city, and set out on foot for California, with a more immediate eye to Glasgow. CHAPTER IV—THE SECOND SOWING IT is no part of mine to narrate the adventures of John Nicholson, which were many, but simply his more momentous misadventures, which were more than he desired, and, by human standards, more than he deserved; how he reached California, how he was rooked, and robbed, and beaten, and starved; how he was at last taken up by charitable folk, restored to some degree of self-complacency, and installed as a clerk in a bank in San Francisco, it would take too long to tell; nor in these episodes were there any marks of the peculiar Nicholsonic destiny, for they were just such matters as befell some thousands of other young adventurers in the same days and places. But once posted in the bank, he fell for a time into a high degree of good fortune, which, as it was only a longer way about to fresh disaster, it behooves me to explain.",0,0,4.603318e-05,Human,False,False
"“‘I was still pondering over the matter, when, looking up, I saw my servant, Lal Chowdar, in the doorway. He stole in and bolted the door behind him. “Do not fear, Sahib,” he said. “No one need know that you have killed him. Let us hide him away, and who is the wiser?” “I did not kill him,” said I. Lal Chowdar shook his head and smiled. “I heard it all, Sahib,” said he. “I heard you quarrel, and I heard the blow. But my lips are sealed. All are asleep in the house. Let us put him away together.” That was enough to decide me. If my own servant could not believe my innocence, how could I hope to make it good before twelve foolish tradesmen in a jury-box? Lal Chowdar and I disposed of the body that night, and within a few days the London papers were full of the mysterious disappearance of Captain Morstan. You will see from what I say that I can hardly be blamed in the matter. My fault lies in the fact that we concealed not only the body, but also the treasure, and that I have clung to Morstan’s share as well as to my own. I wish you, therefore, to make restitution. Put your ears down to my mouth. The treasure is hidden in—’",0,0,9.026391e-06,Human,False,False
"In the bright, ordered laboratory, where the air hangs thick with the sharp tang of carbolic acid and the gleam of polished brass, the world is a thing of measurable certainties. Here, the steady blue flame of the spirit lamp holds back the shadows, and the only sound is the reassuringly solid clink of a glass stopper or the rustle of a page filled with meticulous formulae. Yet, beyond the window-pane, the unexplained presses close; a London fog so dense it smothers the familiar rattle of carriages and smells of the damp churchyard, a sudden draught that carries no earthly chill but seems to emanate from the very marrow of one’s bones. A floorboard may groan overhead, a sound the rational mind assigns to settling timbers, but which the listening ear insists is a footfall. It is in this contest that science falters, for its most precise instruments cannot weigh a creeping dread nor chart the geography of a whisper that has no source.",1,1,0.99993944,Robert Louis Stevenson,False,False
"“What!” Sherlock Holmes staggered back, white with chagrin and surprise. “Do you mean that she has left England?” “And the papers?” asked the King hoarsely. “All is lost.” “We shall see.” He pushed past the servant and rushed into the drawing-room, followed by the King and myself. The furniture was scattered about in every direction, with dismantled shelves and open drawers, as if the lady had hurriedly ransacked them before her flight. Holmes rushed at the bell-pull, tore back a small sliding shutter, and, plunging in his hand, pulled out a photograph and a letter. The photograph was of Irene Adler herself in evening dress, the letter was superscribed to “Sherlock Holmes, Esq. To be left till called for.” My friend tore it open, and we all three read it together. It was dated at midnight of the preceding night and ran in this way:",0,0,6.617432e-06,Human,False,False
"“No, he was averse to it also. No one but Mr. McCarthy was in favour of it.” A quick blush passed over her fresh young face as Holmes shot one of his keen, questioning glances at her. “Thank you for this information,” said he. “May I see your father if I call to-morrow?” “I am afraid the doctor won’t allow it.” “Yes, have you not heard? Poor father has never been strong for years back, but this has broken him down completely. He has taken to his bed, and Dr. Willows says that he is a wreck and that his nervous system is shattered. Mr. McCarthy was the only man alive who had known dad in the old days in Victoria.”",0,0,2.191964e-05,Human,False,False
"“Ye think there’s naething there?” he said, pointing with his pipe; and then cried out aloud, with a kind of exultation: “I’ll tell ye, man! The deid are down there—thick like rattons!” He turned at once, and, without another word, we retraced our steps to the house of Aros. I was eager to be alone with Mary; yet it was not till after supper, and then but for a short while, that I could have a word with her. I lost no time beating about the bush, but spoke out plainly what was on my mind. “Mary,” I said, “I have not come to Aros without a hope. If that should prove well founded, we may all leave and go somewhere else, secure of daily bread and comfort; secure, perhaps, of something far beyond that, which it would seem extravagant in me to promise. But there’s a hope that lies nearer to my heart than money.” And at that I paused. “You can guess fine what that is, Mary,” I said. She looked away from me in silence, and that was small encouragement, but I was not to be put off. “All my days I have thought the world of you,” I continued; “the time goes on and I think always the more of you; I could not think to be happy or hearty in my life without you: you are the apple of my eye.” Still she looked away, and said never a word; but I thought I saw that her hands shook. “Mary,” I cried in fear, “do ye no like me?”",0,0,1.28119855e-05,Human,False,False
"“It was very essential for Stapleton to get some article of Sir Henry’s attire so that, in case he was driven to use the dog, he might always have the means of setting him upon his track. With characteristic promptness and audacity he set about this at once, and we cannot doubt that the boots or chamber-maid of the hotel was well bribed to help him in his design. By chance, however, the first boot which was procured for him was a new one and, therefore, useless for his purpose. He then had it returned and obtained another—a most instructive incident, since it proved conclusively to my mind that we were dealing with a real hound, as no other supposition could explain this anxiety to obtain an old boot and this indifference to a new one. The more _outré_ and grotesque an incident is the more carefully it deserves to be examined, and the very point which appears to complicate a case is, when duly considered and scientifically handled, the one which is most likely to elucidate it.",0,0,0.0001483126,Human,False,False
"The ""Curse of Ancestry"" is a concept describing how the misfortunes or transgressions of previous generations can negatively impact their descendants. While traditionally rooted in folklore and mythology as a literal hex or supernatural punishment for an ancestor's misdeeds, the idea has powerful modern interpretations. In a biological sense, this ""curse"" manifests as hereditary diseases and genetic predispositions, where conditions are passed down through a family line, creating an unavoidable medical inheritance. Sociologically and psychologically, the concept encompasses generational trauma, where the unresolved emotional wounds of ancestors are transmitted to subsequent generations, perpetuating cycles of abuse, poverty, or mental health struggles. Therefore, whether viewed through the lens of superstition, genetics, or social conditioning, the Curse of Ancestry highlights the profound and often inescapable influence that a family's history has on the health, identity, and opportunities of its future members.",1,1,0.9998816,AI_Generic,False,False
"“Interesting, though elementary,” said he as he returned to his favourite corner of the settee. “There are certainly one or two indications upon the stick. It gives us the basis for several deductions.” “Has anything escaped me?” I asked with some self-importance. “I trust that there is nothing of consequence which I have overlooked?” “I am afraid, my dear Watson, that most of your conclusions were erroneous. When I said that you stimulated me I meant, to be frank, that in noting your fallacies I was occasionally guided towards the truth. Not that you are entirely wrong in this instance. The man is certainly a country practitioner. And he walks a good deal.”",0,0,3.0005875e-05,Human,False,False
"“You know it well, then?” “I have only been here two years. The residents would call me a newcomer. We came shortly after Sir Charles settled. But my tastes led me to explore every part of the country round, and I should think that there are few men who know it better than I do.” “Is it hard to know?” “Very hard. You see, for example, this great plain to the north here with the queer hills breaking out of it. Do you observe anything remarkable about that?” “It would be a rare place for a gallop.” “You would naturally think so and the thought has cost several their lives before now. You notice those bright green spots scattered thickly over it?”",0,0,1.5185972e-05,Human,False,False
"“‘It’s infernally dark,’ said he, stamping about. “‘We’ll soon have a light,’ I said, striking a match and putting it to a wax candle which I had brought with me. ‘Now, Enoch Drebber,’ I continued, turning to him, and holding the light to my own face, ‘who am I?’ “He gazed at me with bleared, drunken eyes for a moment, and then I saw a horror spring up in them, and convulse his whole features, which showed me that he knew me. He staggered back with a livid face, and I saw the perspiration break out upon his brow, while his teeth chattered in his head. At the sight, I leaned my back against the door and laughed loud and long. I had always known that vengeance would be sweet, but I had never hoped for the contentment of soul which now possessed me.",0,0,1.6028727e-05,Human,False,False
"Folklore and superstition are woven from the ancient threads of human wonder and fear, forming a rich, shadowed tapestry that drapes across cultures. Folklore represents the grand, shared narratives whispered around a crackling hearth or sung in hushed lullabies; it is the collective memory of a people, explaining the unexplainable through timeless tales of heroes, spirits, and cautionary events. Tangled within these larger stories are the tighter, more personal knots of superstition—the small, instinctive rituals performed to ward off ill fortune. It is the quick shiver that prompts a knock on wood, the careful avoidance of a black cat’s path, or the salt tossed over a shoulder to blind a lurking devil. Born from a desire to find meaning and exert some small control over a chaotic world, they persist as a quiet hum beneath the noise of rational life, an echo of a time when magic felt palpably close.",1,1,0.99997544,AI_Generic,False,False
"There was a thin, crisp, continuous patter from somewhere in the heart of that crawling bank. The cloud was within fifty yards of where we lay, and we glared at it, all three, uncertain what horror was about to break from the heart of it. I was at Holmes’s elbow, and I glanced for an instant at his face. It was pale and exultant, his eyes shining brightly in the moonlight. But suddenly they started forward in a rigid, fixed stare, and his lips parted in amazement. At the same instant Lestrade gave a yell of terror and threw himself face downward upon the ground. I sprang to my feet, my inert hand grasping my pistol, my mind paralyzed by the dreadful shape which had sprung out upon us from the shadows of the fog. A hound it was, an enormous coal-black hound, but not such a hound as mortal eyes have ever seen. Fire burst from its open mouth, its eyes glowed with a smouldering glare, its muzzle and hackles and dewlap were outlined in flickering flame. Never in the delirious dream of a disordered brain could anything more savage, more appalling, more hellish be conceived than that dark form and savage face which broke upon us out of the wall of fog.",0,0,0.09305752,Human,False,False
"“I repeated it as I had told it before. “‘It rings true, eh?’ said he. ‘It’s good enough to act upon?’ “Captain Morstan nodded. “‘Look here, Small,’ said the major. ‘We have been talking it over, my friend here and I, and we have come to the conclusion that this secret of yours is hardly a government matter, after all, but is a private concern of your own, which of course you have the power of disposing of as you think best. Now, the question is, what price would you ask for it? We might be inclined to take it up, and at least look into it, if we could agree as to terms.’ He tried to speak in a cool, careless way, but his eyes were shining with excitement and greed.",0,0,1.5489913e-05,Human,False,False
"Within the intricate landscape of the human soul, a profound duality perpetually unfolds. It is a constant, quiet war waged between the architect and the demolisher, the saint and the sinner, who both reside within the same heart. One moment, a hand can extend in an act of profound compassion, offering solace to the suffering, while in the next, the same spirit can be consumed by a shadow of malice or selfishness. We possess the divine spark to create breathtaking art and forge unbreakable bonds of love, yet we also harbor the primal impulse for destruction and chaos. This paradoxical nature, this delicate and often volatile dance between our better angels and inner demons, is not a contradiction to be solved but the very essence of our complex and enigmatic existence.",1,1,0.9999683,AI_Generic,False,False
"“That?” said he. “It is a plate!” “It is a coach and horses,” cried the Doctor. “Boy,” he continued, growing warmer, “I plucked away a great pad of moss from between these boulders, and disclosed a crevice; and when I looked in, what do you suppose I saw? I saw a house in Paris with a court and garden, I saw my wife shining with diamonds, I saw myself a deputy, I saw you—well, I—I saw your future,” he concluded, rather feebly. “I have just discovered America,” he added. “But what is it?” asked the boy. “The Treasure of Franchard,” cried the Doctor; and, throwing his brown straw hat upon the ground, he whooped like an Indian and sprang upon Jean-Marie, whom he suffocated with embraces and bedewed with tears. Then he flung himself down among the heather and once more laughed until the valley rang.",0,0,4.3306623e-06,Human,False,False
"It seemed hopeless to pursue the inquiry any farther, but it was clear that in spite of Holmes’s ruse we had no proof that Barrymore had not been in London all the time. Suppose that it were so—suppose that the same man had been the last who had seen Sir Charles alive, and the first to dog the new heir when he returned to England. What then? Was he the agent of others or had he some sinister design of his own? What interest could he have in persecuting the Baskerville family? I thought of the strange warning clipped out of the leading article of the _Times_. Was that his work or was it possibly the doing of someone who was bent upon counteracting his schemes? The only conceivable motive was that which had been suggested by Sir Henry, that if the family could be scared away a comfortable and permanent home would be secured for the Barrymores. But surely such an explanation as that would be quite inadequate to account for the deep and subtle scheming which seemed to be weaving an invisible net round the young baronet. Holmes himself had said that no more complex case had come to him in all the long series of his sensational investigations. I prayed, as I walked back along the grey, lonely road, that my friend might soon be freed from his preoccupations and able to come down to take this heavy burden of responsibility from my shoulders.",0,0,9.762292e-05,Human,False,False
"I have long observed that the most singular and appalling tragedies are not played out upon the world’s stage, but within the four walls of a family home. Here was a prime example. The sitting-room was unremarkable, save for the story it told. A teacup lay shattered upon the hearthrug, its dark contents staining the floral pattern. A book, face down, marked a reader’s final interruption. There was no sign of a struggle, no forced lock or broken pane of glass. Every detail pointed not to an outside intruder, but to an internal collapse. It is a strange and immutable fact of our nature. The greatest passions, and thus the most terrible crimes, fester not in the alleyway, but by the domestic fireside.",1,1,0.99985015,Arthur Conan Doyle,False,False
"JOHN FERRIER, FORMERLY OF SALT LAKE CITY, Died August 4th, 1860. The sturdy old man, whom he had left so short a time before, was gone, then, and this was all his epitaph. Jefferson Hope looked wildly round to see if there was a second grave, but there was no sign of one. Lucy had been carried back by their terrible pursuers to fulfil her original destiny, by becoming one of the harem of the Elder’s son. As the young fellow realized the certainty of her fate, and his own powerlessness to prevent it, he wished that he, too, was lying with the old farmer in his last silent resting-place.",0,0,6.276128e-05,Human,False,False
"“‘No, I had a feeling something was there.’ “‘How far from the body?’ “‘A dozen yards or so.’ “‘And how far from the edge of the wood?’ “‘Then if it was removed it was while you were within a dozen yards of it?’ “‘Yes, but with my back towards it.’ “This concluded the examination of the witness.” “I see,” said I as I glanced down the column, “that the coroner in his concluding remarks was rather severe upon young McCarthy. He calls attention, and with reason, to the discrepancy about his father having signalled to him before seeing him, also to his refusal to give details of his conversation with his father, and his singular account of his father’s dying words. They are all, as he remarks, very much against the son.”",0,0,6.560853e-06,Human,False,False
"“Read it up—you really should. There is nothing new under the sun. It has all been done before.” As he spoke, his nimble fingers were flying here, there, and everywhere, feeling, pressing, unbuttoning, examining, while his eyes wore the same far-away expression which I have already remarked upon. So swiftly was the examination made, that one would hardly have guessed the minuteness with which it was conducted. Finally, he sniffed the dead man’s lips, and then glanced at the soles of his patent leather boots. “He has not been moved at all?” he asked. “No more than was necessary for the purposes of our examination.”",0,0,2.0494004e-05,Human,False,False
"John, meanwhile, sat collapsed, his chin sunk upon his chest, his mind in abeyance. The smell of the cab was still faintly present to his senses, and a certain leaden chill about his feet, all else had disappeared in one vast oppression of calamity and physical faintness. It was drawing on to noon—two-and-twenty hours since he had broken bread; in the interval, he had suffered tortures of sorrow and alarm, and been partly tipsy; and though it was impossible to say he slept, yet when the cab stopped and the cabman thrust his head into the window, his attention had to be recalled from depths of vacancy.",0,0,0.0002471473,Human,False,False
"“There’s our man, Watson! Come along! We’ll have a good look at him, if we can do no more.” At that instant I was aware of a bushy black beard and a pair of piercing eyes turned upon us through the side window of the cab. Instantly the trapdoor at the top flew up, something was screamed to the driver, and the cab flew madly off down Regent Street. Holmes looked eagerly round for another, but no empty one was in sight. Then he dashed in wild pursuit amid the stream of the traffic, but the start was too great, and already the cab was out of sight.",0,0,3.6008278e-05,Human,False,False
"“American slang is very expressive sometimes. And what did your wife do when she finished speaking to her maid?” “She walked into the breakfast-room.” “No, alone. She was very independent in little matters like that. Then, after we had sat down for ten minutes or so, she rose hurriedly, muttered some words of apology, and left the room. She never came back.” “But this maid, Alice, as I understand, deposes that she went to her room, covered her bride’s dress with a long ulster, put on a bonnet, and went out.” “Quite so. And she was afterwards seen walking into Hyde Park in company with Flora Millar, a woman who is now in custody, and who had already made a disturbance at Mr. Doran’s house that morning.”",0,0,5.9580593e-06,Human,False,False
"Folklore and superstition represent integral components of cultural heritage, reflecting a society's values, fears, and attempts to understand the world. Folklore encompasses a broad range of traditional expressions, including myths, legends, tales, and customs, passed down through generations, often orally. Superstition is a specific subset of this tradition, involving beliefs or practices where an action or event is thought to influence future outcomes, typically concerning luck or supernatural forces. These beliefs, from avoiding walking under ladders to telling cautionary tales, often serve to create a sense of order in an unpredictable environment, reinforce community norms, or provide explanations for otherwise inexplicable phenomena. While rooted in history, many folkloric and superstitious practices continue to shape behaviors and rituals in contemporary society, existing as both conscious traditions and deeply ingrained cultural habits.",1,1,0.99982196,AI_Generic,False,False
"The Science of Deduction is a methodical approach to logical reasoning, famously popularized by the fictional detective Sherlock Holmes. It is fundamentally rooted in acute and detailed observation, focusing on minute details that may seem insignificant to the casual observer. These observations are then used as premises from which logical inferences are drawn. A practitioner of this science relies on a vast and eclectic knowledge base, spanning various disciplines, to provide context and meaning to the collected evidence. A core principle of this process is the elimination of all impossible solutions; by systematically ruling out what could not have occurred, the reasoner is left with the truth, however improbable it might initially appear. Ultimately, the Science of Deduction is the art of reconstructing a sequence of events or arriving at a definitive conclusion by applying general principles to specific evidence, creating a coherent narrative from seemingly disparate facts.",1,1,0.9997863,AI_Generic,False,False
"“They were rich and I was poor, so that it was no easy matter for me to follow them. When I got to London my pocket was about empty, and I found that I must turn my hand to something for my living. Driving and riding are as natural to me as walking, so I applied at a cabowner’s office, and soon got employment. I was to bring a certain sum a week to the owner, and whatever was over that I might keep for myself. There was seldom much over, but I managed to scrape along somehow. The hardest job was to learn my way about, for I reckon that of all the mazes that ever were contrived, this city is the most confusing. I had a map beside me though, and when once I had spotted the principal hotels and stations, I got on pretty well.",0,0,2.9483617e-05,Human,False,False
"I was about to refuse, but Rorie touched me as if in warning; and indeed I had already thought better of the movement. I took the bottle, therefore, and not only drank freely myself, but contrived to spill even more as I was doing so. It was pure spirit, and almost strangled me to swallow. My kinsman did not observe the loss, but, once more throwing back his head, drained the remainder to the dregs. Then, with a loud laugh, he cast the bottle forth among the Merry Men, who seemed to leap up, shouting to receive it. “Ha’e, bairns!” he cried, “there’s your han’sel. Ye’ll get bonnier nor that, or morning.”",0,0,9.808838e-06,Human,False,False
"“The windows of the three rooms open out upon the lawn. That fatal night Dr. Roylott had gone to his room early, though we knew that he had not retired to rest, for my sister was troubled by the smell of the strong Indian cigars which it was his custom to smoke. She left her room, therefore, and came into mine, where she sat for some time, chatting about her approaching wedding. At eleven o’clock she rose to leave me, but she paused at the door and looked back. “‘Tell me, Helen,’ said she, ‘have you ever heard anyone whistle in the dead of the night?’",0,0,6.2783542e-06,Human,False,False
"“Yes, indeed. I have no doubt that my friend’s explanation will cover the facts. I will take an unpleasant remembrance back to London with me tomorrow.” “Oh, you return tomorrow?” “That is my intention.” “I hope your visit has cast some light upon those occurrences which have puzzled us?” Holmes shrugged his shoulders. “One cannot always have the success for which one hopes. An investigator needs facts and not legends or rumours. It has not been a satisfactory case.” My friend spoke in his frankest and most unconcerned manner. Stapleton still looked hard at him. Then he turned to me.",0,0,3.4805398e-05,Human,False,False
"“You have done wisely,” said my friend. “But have you told me all?” “Miss Roylott, you have not. You are screening your stepfather.” “Why, what do you mean?” For answer Holmes pushed back the frill of black lace which fringed the hand that lay upon our visitor’s knee. Five little livid spots, the marks of four fingers and a thumb, were printed upon the white wrist. “You have been cruelly used,” said Holmes. The lady coloured deeply and covered over her injured wrist. “He is a hard man,” she said, “and perhaps he hardly knows his own strength.” There was a long silence, during which Holmes leaned his chin upon his hands and stared into the crackling fire.",0,0,1.443322e-05,Human,False,False
"“This is the girl’s stepfather, Mr. James Windibank,” said Holmes. “He has written to me to say that he would be here at six. Come in!” The man who entered was a sturdy, middle-sized fellow, some thirty years of age, clean-shaven, and sallow-skinned, with a bland, insinuating manner, and a pair of wonderfully sharp and penetrating grey eyes. He shot a questioning glance at each of us, placed his shiny top-hat upon the sideboard, and with a slight bow sidled down into the nearest chair. “Good-evening, Mr. James Windibank,” said Holmes. “I think that this typewritten letter is from you, in which you made an appointment with me for six o’clock?”",0,0,3.112518e-05,Human,False,False
"“Awake, Watson?” he asked. “Game for a morning drive?” “Then dress. No one is stirring yet, but I know where the stable-boy sleeps, and we shall soon have the trap out.” He chuckled to himself as he spoke, his eyes twinkled, and he seemed a different man to the sombre thinker of the previous night. As I dressed I glanced at my watch. It was no wonder that no one was stirring. It was twenty-five minutes past four. I had hardly finished when Holmes returned with the news that the boy was putting in the horse. “I want to test a little theory of mine,” said he, pulling on his boots. “I think, Watson, that you are now standing in the presence of one of the most absolute fools in Europe. I deserve to be kicked from here to Charing Cross. But I think I have the key of the affair now.”",0,0,2.1435952e-05,Human,False,False
"The world often presents itself through a veneer of polished perfection, like the unblemished surface of a deep, still lake that conceals the silent, churning currents below. We are drawn to the lustrous sheen of a perfect fruit, blind to the quiet decay festering just beneath its skin, or captivated by a charming smile that serves as a meticulously crafted mask, hiding a landscape of turmoil or a chillingly cold intent. This shimmering facade, so easy to accept, is a master illusionist, a carefully constructed stage upon which shadows dance as if they were light. It teaches a quiet, often harsh, lesson: that the most beautiful surfaces can guard the deepest secrets, and what glitters is rarely the gold it purports to be. The true substance of things lies not in the immediate, dazzling impression, but in the complex, often fractured, reality that breathes just out of sight.",1,1,0.9999814,AI_Generic,False,False
"On the stark frontier between knowledge and mystery, science stands as a steadfast cartographer, diligently mapping the known world with the tools of logic and empirical evidence. It dismantles phenomena into measurable data, seeking patterns and predictable laws within the cold, hard light of reason. In direct opposition lies the realm of the unexplained—a shifting, nebulous territory of whispers and shadows. This is the world of the ghost in the machine, the chilling coincidence that defies probability, the fleeting shape seen in the periphery of vision. It thrives not on repeatable experiments but on personal testimony and the unsettling feeling that our neat scaffolding of understanding is incomplete. The two are locked in a perpetual dance: science pushes its borders, illuminating another corner of the dark, while the unexplained recedes, forever posing new questions from just beyond the reach of our instruments.",1,1,0.9999808,AI_Generic,False,False
"“Why did you come away to consult me in such a hurry?” asked Sherlock Holmes, with his finger-tips together and his eyes to the ceiling. Again a startled look came over the somewhat vacuous face of Miss Mary Sutherland. “Yes, I did bang out of the house,” she said, “for it made me angry to see the easy way in which Mr. Windibank—that is, my father—took it all. He would not go to the police, and he would not go to you, and so at last, as he would do nothing and kept on saying that there was no harm done, it made me mad, and I just on with my things and came right away to you.”",0,0,5.1959123e-06,Human,False,False
"“God bless you! You are doing what you can for him and for me. But it is too heavy a task. What was he doing there at all? If his purpose were innocent, why did he not say so?” “Precisely. And if it were guilty, why did he not invent a lie? His silence appears to me to cut both ways. There are several singular points about the case. What did the police think of the noise which awoke you from your sleep?” “They considered that it might be caused by Arthur’s closing his bedroom door.” “A likely story! As if a man bent on felony would slam his door so as to wake a household. What did they say, then, of the disappearance of these gems?”",0,0,3.566006e-05,Human,False,False
"“There can be no question as to their nature,” he answered. “Then what are they? Who is this K. K. K., and why does he pursue this unhappy family?” Sherlock Holmes closed his eyes and placed his elbows upon the arms of his chair, with his finger-tips together. “The ideal reasoner,” he remarked, “would, when he had once been shown a single fact in all its bearings, deduce from it not only all the chain of events which led up to it but also all the results which would follow from it. As Cuvier could correctly describe a whole animal by the contemplation of a single bone, so the observer who has thoroughly understood one link in a series of incidents should be able to accurately state all the other ones, both before and after. We have not yet grasped the results which the reason alone can attain to. Problems may be solved in the study which have baffled all those who have sought a solution by the aid of their senses. To carry the art, however, to its highest pitch, it is necessary that the reasoner should be able to utilise all the facts which have come to his knowledge; and this in itself implies, as you will readily see, a possession of all knowledge, which, even in these days of free education and encyclopædias, is a somewhat rare accomplishment. It is not so impossible, however, that a man should possess all knowledge which is likely to be useful to him in his work, and this I have endeavoured in my case to do. If I remember rightly, you on one occasion, in the early days of our friendship, defined my limits in a very precise fashion.”",0,0,5.5482687e-05,Human,False,False
"‘What do you mean?’ she flashed. ‘I leave him my house and all my money; it is more than he deserves. I wonder you dare speak to me about that man. And besides, it is all he cares for; let him take it, and let me never hear from him again.’ ‘I thought you romantic about fathers,’ he said. ‘Is that a taunt?’ she demanded. ‘No,’ he replied, ‘it is an argument. No one can make you like him, but don’t disgrace him in his own eyes. He is old, Esther, old and broken down. Even I am sorry for him, and he has been the loss of all I cared for. Write to your aunt; when I see her answer you can leave quietly and naturally, and I will take you to your aunt’s door. But in the meantime you must go home. You have no money, and so you are helpless, and must do as I tell you; and believe me, Esther, I do all for your good, and your good only, so God help me.’",0,0,1.5333475e-05,Human,False,False
"“Why,” said I, glancing up at my companion, “that was surely the bell. Who could come to-night? Some friend of yours, perhaps?” “Except yourself I have none,” he answered. “I do not encourage visitors.” “If so, it is a serious case. Nothing less would bring a man out on such a day and at such an hour. But I take it that it is more likely to be some crony of the landlady’s.” Sherlock Holmes was wrong in his conjecture, however, for there came a step in the passage and a tapping at the door. He stretched out his long arm to turn the lamp away from himself and towards the vacant chair upon which a newcomer must sit.",0,0,2.1224603e-05,Human,False,False
"We had arranged no plan of campaign, but the baronet is a man to whom the most direct way is always the most natural. He walked into the room, and as he did so Barrymore sprang up from the window with a sharp hiss of his breath and stood, livid and trembling, before us. His dark eyes, glaring out of the white mask of his face, were full of horror and astonishment as he gazed from Sir Henry to me. “What are you doing here, Barrymore?” “Nothing, sir.” His agitation was so great that he could hardly speak, and the shadows sprang up and down from the shaking of his candle. “It was the window, sir. I go round at night to see that they are fastened.”",0,0,3.0015233e-05,Human,False,False
"When the cries had ceased, there came a scraping at the door, by which I knew Felipe was without; and Olalla went and spoke to him—I know not what. With that exception, she stayed close beside me, now kneeling by my bed and fervently praying, now sitting with her eyes upon mine. So then, for these six hours I drank in her beauty, and silently perused the story in her face. I saw the golden coin hover on her breaths; I saw her eyes darken and brighter, and still speak no language but that of an unfathomable kindness; I saw the faultless face, and, through the robe, the lines of the faultless body. Night came at last, and in the growing darkness of the chamber, the sight of her slowly melted; but even then the touch of her smooth hand lingered in mine and talked with me. To lie thus in deadly weakness and drink in the traits of the beloved, is to reawake to love from whatever shock of disillusion. I reasoned with myself; and I shut my eyes on horrors, and again I was very bold to accept the worst. What mattered it, if that imperious sentiment survived; if her eyes still beckoned and attached me; if now, even as before, every fibre of my dull body yearned and turned to her? Late on in the night some strength revived in me, and I spoke:—",0,0,2.7302242e-05,Human,False,False
"I marked my friend today across the square, and saw in his countenance the two men who dwell there. Some call this a wretched war, a house divided against itself. I say it is a splendid dance! The brute gives the angel his fire. The angel gives the brute his reason and his gentle hand. One is not meant to conquer the other. Nay, they are bound together to make a man complete. This is no curse to be lamented, but the very music of the soul; a tune of bright and shadow, played out for all the world to see.",1,1,0.73147726,Robert Louis Stevenson,False,False
"“I understand,” said I. “Now this was a case in which you were given the result and had to find everything else for yourself. Now let me endeavour to show you the different steps in my reasoning. To begin at the beginning. I approached the house, as you know, on foot, and with my mind entirely free from all impressions. I naturally began by examining the roadway, and there, as I have already explained to you, I saw clearly the marks of a cab, which, I ascertained by inquiry, must have been there during the night. I satisfied myself that it was a cab and not a private carriage by the narrow gauge of the wheels. The ordinary London growler is considerably less wide than a gentleman’s brougham.",0,0,1.8583727e-05,Human,False,False
"The Science of Deduction, famously practiced by the fictional detective Sherlock Holmes, is a methodical approach to problem-solving that moves from observation to conclusion through rigorous logic. It begins with the fundamental principle of meticulous and unbiased observation, gathering all available data, especially the seemingly trivial details that others overlook. This raw data is then filtered through an extensive and well-organized knowledge base, allowing the practitioner to understand the significance of specific facts, such as the origin of a soil sample or the type of a cigar ash. From these interpreted observations, multiple hypotheses are formulated. The core of the discipline lies in the subsequent process of elimination: by systematically disproving and discarding impossible or contradictory explanations, one is left with a single remaining theory. As Holmes famously stated, ""when you have eliminated the impossible, whatever remains, however improbable, must be the truth."" Ultimately, it is a structured mental discipline that transforms disparate facts into a coherent and logical explanation, revealing the truth hidden in plain sight.",1,1,0.99981564,AI_Generic,False,False
"Before the week was out Macfarlane’s prophecy had been fulfilled. Fettes had outlived his terrors and had forgotten his baseness. He began to plume himself upon his courage, and had so arranged the story in his mind that he could look back on these events with an unhealthy pride. Of his accomplice he saw but little. They met, of course, in the business of the class; they received their orders together from Mr. K—. At times they had a word or two in private, and Macfarlane was from first to last particularly kind and jovial. But it was plain that he avoided any reference to their common secret; and even when Fettes whispered to him that he had cast in his lot with the lions and foresworn the lambs, he only signed to him smilingly to hold his peace.",0,0,1.2223003e-05,Human,False,False
"“O, my dear fellow!” cried Casimir, “stick to your Turks, stick to your stable-boy, go to the devil in general in your own way and be done with it. But don’t ratiocinate with me—I cannot bear it. And so, ta-ta. I might as well have stayed away for any good I’ve done. Say good-bye from me to Stasie, and to the sullen hang-dog of a stable-boy, if you insist on it; I’m off.” And Casimir departed. The Doctor, that night, dissected his character before Anastasie. “One thing, my beautiful,” he said, “he has learned one thing from his lifelong acquaintance with your husband: the word _ratiocinate_. It shines in his vocabulary, like a jewel in a muck-heap. And, even so, he continually misapplies it. For you must have observed he uses it as a sort of taunt, in the sense of to _ergotise_, implying, as it were—the poor, dear fellow!—a vein of sophistry. As for his cruelty to Jean-Marie, it must be forgiven him—it is not his nature, it is the nature of his life. A man who deals with money, my dear, is a man lost.”",0,0,1.908777e-05,Human,False,False
"“Then how is it that you did not go?” “Because I received help in the interval from another source.” “Why then, did you not write to Sir Charles and explain this?” “So I should have done had I not seen his death in the paper next morning.” The woman’s story hung coherently together, and all my questions were unable to shake it. I could only check it by finding if she had, indeed, instituted divorce proceedings against her husband at or about the time of the tragedy. It was unlikely that she would dare to say that she had not been to Baskerville Hall if she really had been, for a trap would be necessary to take her there, and could not have returned to Coombe Tracey until the early hours of the morning. Such an excursion could not be kept secret. The probability was, therefore, that she was telling the truth, or, at least, a part of the truth. I came away baffled and disheartened. Once again I had reached that dead wall which seemed to be built across every path by which I tried to get at the object of my mission. And yet the more I thought of the lady’s face and of her manner the more I felt that something was being held back from me. Why should she turn so pale? Why should she fight against every admission until it was forced from her? Why should she have been so reticent at the time of the tragedy? Surely the explanation of all this could not be as innocent as she would have me believe. For the moment I could proceed no farther in that direction, but must turn back to that other clue which was to be sought for among the stone huts upon the moor.",0,0,1.9855319e-05,Human,False,False
"“But why a rendezvous in the garden instead of a visit to the house?” “Do you think a woman could go alone at that hour to a bachelor’s house?” “Well, what happened when you did get there?” “No, I swear it to you on all I hold sacred. I never went. Something intervened to prevent my going.” “That is a private matter. I cannot tell it.” “You acknowledge then that you made an appointment with Sir Charles at the very hour and place at which he met his death, but you deny that you kept the appointment.” Again and again I cross-questioned her, but I could never get past that point.",0,0,4.9226637e-06,Human,False,False
"Sherlock Holmes waved our strange visitor into a chair. “You are an enthusiast in your line of thought, I perceive, sir, as I am in mine,” said he. “I observe from your forefinger that you make your own cigarettes. Have no hesitation in lighting one.” The man drew out paper and tobacco and twirled the one up in the other with surprising dexterity. He had long, quivering fingers as agile and restless as the antennæ of an insect. Holmes was silent, but his little darting glances showed me the interest which he took in our curious companion. “I presume, sir,” said he at last, “that it was not merely for the purpose of examining my skull that you have done me the honour to call here last night and again today?”",0,0,3.9224953e-05,Human,False,False
"“It’s moving towards us, Watson.” “Very serious, indeed—the one thing upon earth which could have disarranged my plans. He can’t be very long, now. It is already ten o’clock. Our success and even his life may depend upon his coming out before the fog is over the path.” The night was clear and fine above us. The stars shone cold and bright, while a half-moon bathed the whole scene in a soft, uncertain light. Before us lay the dark bulk of the house, its serrated roof and bristling chimneys hard outlined against the silver-spangled sky. Broad bars of golden light from the lower windows stretched across the orchard and the moor. One of them was suddenly shut off. The servants had left the kitchen. There only remained the lamp in the dining-room where the two men, the murderous host and the unconscious guest, still chatted over their cigars.",0,0,0.0019414527,Human,False,False
"Had the wanderer remained awake for another half hour a strange sight would have met his eyes. Far away on the extreme verge of the alkali plain there rose up a little spray of dust, very slight at first, and hardly to be distinguished from the mists of the distance, but gradually growing higher and broader until it formed a solid, well-defined cloud. This cloud continued to increase in size until it became evident that it could only be raised by a great multitude of moving creatures. In more fertile spots the observer would have come to the conclusion that one of those great herds of bisons which graze upon the prairie land was approaching him. This was obviously impossible in these arid wilds. As the whirl of dust drew nearer to the solitary bluff upon which the two castaways were reposing, the canvas-covered tilts of waggons and the figures of armed horsemen began to show up through the haze, and the apparition revealed itself as being a great caravan upon its journey for the West. But what a caravan! When the head of it had reached the base of the mountains, the rear was not yet visible on the horizon. Right across the enormous plain stretched the straggling array, waggons and carts, men on horseback, and men on foot. Innumerable women who staggered along under burdens, and children who toddled beside the waggons or peeped out from under the white coverings. This was evidently no ordinary party of immigrants, but rather some nomad people who had been compelled from stress of circumstances to seek themselves a new country. There rose through the clear air a confused clattering and rumbling from this great mass of humanity, with the creaking of wheels and the neighing of horses. Loud as it was, it was not sufficient to rouse the two tired wayfarers above them.",0,0,0.00030354213,Human,False,False
"‘I shall have the temerity to ask for more than her forgiveness,’ said the Squire. ‘Miss Van Tromp,’ he continued, ‘once I was in great distress, and knew nothing of you or your character; but I believe you will pardon a few rough words to an old man who asks forgiveness from his heart. I have heard much of you since then; for you have a fervent advocate in my house. I believe you will understand that I speak of my son. He is, I regret to say, very far from well; he does not pick up as the doctors had expected; he has a great deal upon his mind, and, to tell you the truth, my girl, if you won’t help us, I am afraid I shall lose him. Come now, forgive him! I was angry with him once myself, and I found I was in the wrong. This is only a misunderstanding, like the other, believe me; and with one kind movement, you may give happiness to him, and to me, and to yourself.’",0,0,1.8635194e-05,Human,False,False
"The peculiar malady that afflicted the Ashworth line was a matter of grim speculation, whispered about in hushed tones over brandy in the London clubs. It was no common spectre or clanking phantom that haunted their ancient estate; rather, it was a shadow that resided within the very blood of the lineage, a hereditary taint of the soul. From the first Baron, a man of notoriously cruel temperament, to young Lord Harrington, whose own handsome countenance held a disquieting flicker in the eye, the same dark thread was woven through the generations. Each heir, upon reaching his thirtieth year, would succumb to a sudden, violent melancholia, as if some grim debt from a forgotten age had at last come due. One might dismiss it as mere madness, yet those who studied the family’s grim legacy spoke of an intelligence to the affliction, a sense of an ancient wrong still demanding its terrible price.",1,1,0.99996066,Arthur Conan Doyle,False,False
"I had imagined that Sherlock Holmes would at once have hurried into the house and plunged into a study of the mystery. Nothing appeared to be further from his intention. With an air of nonchalance which, under the circumstances, seemed to me to border upon affectation, he lounged up and down the pavement, and gazed vacantly at the ground, the sky, the opposite houses and the line of railings. Having finished his scrutiny, he proceeded slowly down the path, or rather down the fringe of grass which flanked the path, keeping his eyes riveted upon the ground. Twice he stopped, and once I saw him smile, and heard him utter an exclamation of satisfaction. There were many marks of footsteps upon the wet clayey soil, but since the police had been coming and going over it, I was unable to see how my companion could hope to learn anything from it. Still I had had such extraordinary evidence of the quickness of his perceptive faculties, that I had no doubt that he could see a great deal which was hidden from me.",0,0,7.00678e-05,Human,False,False
"Before the phaeton had driven off, the girl had entered the station and seated herself upon a bench. The endless, empty moorlands stretched before her, entirely unenclosed, and with no boundary but the horizon. Two lines of rails, a waggon shed, and a few telegraph posts, alone diversified the outlook. As for sounds, the silence was unbroken save by the chant of the telegraph wires and the crying of the plovers on the waste. With the approach of midday the wind had more and more fallen, it was now sweltering hot and the air trembled in the sunshine. Dick paused for an instant on the threshold of the platform. Then, in two steps, he was by her side and speaking almost with a sob.",0,0,0.008310762,Human,False,False
"For nigh on thirty years, he had considered the affair a thing of the past, a youthful transgression buried deep beneath the accumulated strata of a respectable life. Yet he failed to comprehend that a great wrong, once committed, is not a stone that sinks into the mud, but a seed that is planted. He had lived his life in the shade of the great tree that had sprung from it, mistaking its vast canopy for the shelter of Providence itself, whilst all the while its dark and searching roots were working their way silently through the soil of the intervening years. Now, in the autumn of his days, those same roots had found the very foundations of his house, and with a slow, inexorable pressure that no mortal hand could stay, they began that grim and final work of upheaval, proving that the most terrible vengeance is that which has taken a lifetime to mature.",1,1,0.9993032,Arthur Conan Doyle,False,False
